source_name,extracted_at,location_id,city_name,country_code,timestamp,latitude,longitude,timezone,pm10,pm2_5,carbon_monoxide,nitrogen_dioxide,ozone,european_aqi
air_quality,2026-06-04T08:13:26+00:00,3117735,Madrid,ES,2026-05-05T00:00,40.4,-3.6999989,Europe/Madrid,5.6,4.3,122.0,8.7,67.0,27
air_quality,2026-06-04T08:13:26+00:00,3117735,Madrid,ES,2026-05-05T01:00,40.4,-3.6999989,Europe/Madrid,5.3,4.0,121.0,7.7,66.0,26
air_quality,2026-06-04T08:13:26+00:00,3117735,Madrid,ES,2026-05-05T02:00,40.4,-3.6999989,Europe/Madrid,5.2,3.3,120.0,5.8,68.0,27
air_quality,2026-06-04T08:13:26+00:00,3117735,Madrid,ES,2026-05-05T03:00,40.4,-3.6999989,Europe/Madrid,5.1,2.9,119.0,5.4,65.0,26
air_quality,2026-06-04T08:13:26+00:00,3117735,Madrid,ES,2026-05-05T04:00,40.4,-3.6999989,Europe/Madrid,4.9,2.8,119.0,5.0,61.0,24
air_quality,2026-06-04T08:13:26+00:00,3117735,Madrid,ES,2026-05-05T05:00,40.4,-3.6999989,Europe/Madrid,5.1,3.1,121.0,5.6,58.0,23
air_quality,2026-06-04T08:13:26+00:00,3117735,Madrid,ES,2026-05-05T06:00,40.4,-3.6999989,Europe/Madrid,5.8,3.6,125.0,8.7,51.0,20
air_quality,2026-06-04T08:13:26+00:00,3117735,Madrid,ES,2026-05-05T07:00,40.4,-3.6999989,Europe/Madrid,6.7,4.5,132.0,16.7,39.0,16
air_quality,2026-06-04T08:13:26+00:00,3117735,Madrid,ES,2026-05-05T08:00,40.4,-3.6999989,Europe/Madrid,8.1,5.9,146.0,28.6,29.0,14
air_quality,2026-06-04T08:13:26+00:00,3117735,Madrid,ES,2026-05-05T09:00,40.4,-3.6999989,Europe/Madrid,7.0,4.9,144.0,22.8,36.0,14
air_quality,2026-06-04T08:13:26+00:00,3117735,Madrid,ES,2026-05-05T10:00,40.4,-3.6999989,Europe/Madrid,6.8,4.0,130.0,14.1,56.0,22
air_quality,2026-06-04T08:13:26+00:00,3117735,Madrid,ES,2026-05-05T11:00,40.4,-3.6999989,Europe/Madrid,5.8,3.1,126.0,8.1,73.0,29
air_quality,2026-06-04T08:13:26+00:00,3117735,Madrid,ES,2026-05-05T12:00,40.4,-3.6999989,Europe/Madrid,4.8,2.8,124.0,4.8,85.0,34
air_quality,2026-06-04T08:13:26+00:00,3117735,Madrid,ES,2026-05-05T13:00,40.4,-3.6999989,Europe/Madrid,4.6,2.8,121.0,3.6,90.0,36
air_quality,2026-06-04T08:13:26+00:00,3117735,Madrid,ES,2026-05-05T14:00,40.4,-3.6999989,Europe/Madrid,4.1,2.6,119.0,3.2,92.0,37
air_quality,2026-06-04T08:13:26+00:00,3117735,Madrid,ES,2026-05-05T15:00,40.4,-3.6999989,Europe/Madrid,3.5,2.2,119.0,3.1,95.0,38
air_quality,2026-06-04T08:13:26+00:00,3117735,Madrid,ES,2026-05-05T16:00,40.4,-3.6999989,Europe/Madrid,3.1,2.0,118.0,3.1,95.0,38
air_quality,2026-06-04T08:13:26+00:00,3117735,Madrid,ES,2026-05-05T17:00,40.4,-3.6999989,Europe/Madrid,3.0,2.0,119.0,3.0,90.0,36
air_quality,2026-06-04T08:13:26+00:00,3117735,Madrid,ES,2026-05-05T18:00,40.4,-3.6999989,Europe/Madrid,3.0,2.3,120.0,3.4,87.0,35
air_quality,2026-06-04T08:13:26+00:00,3117735,Madrid,ES,2026-05-05T19:00,40.4,-3.6999989,Europe/Madrid,3.2,2.5,122.0,4.3,88.0,35
air_quality,2026-06-04T08:13:26+00:00,3117735,Madrid,ES,2026-05-05T20:00,40.4,-3.6999989,Europe/Madrid,3.6,2.5,121.0,6.4,84.0,34
air_quality,2026-06-04T08:13:26+00:00,3117735,Madrid,ES,2026-05-05T21:00,40.4,-3.6999989,Europe/Madrid,4.1,2.7,125.0,9.6,81.0,32
air_quality,2026-06-04T08:13:26+00:00,3117735,Madrid,ES,2026-05-05T22:00,40.4,-3.6999989,Europe/Madrid,5.0,3.5,127.0,8.8,77.0,31
air_quality,2026-06-04T08:13:26+00:00,3117735,Madrid,ES,2026-05-05T23:00,40.4,-3.6999989,Europe/Madrid,5.9,3.9,125.0,7.8,75.0,30
air_quality,2026-06-04T08:13:26+00:00,3117735,Madrid,ES,2026-05-06T00:00,40.4,-3.6999989,Europe/Madrid,6.0,3.7,124.0,7.2,67.0,27
air_quality,2026-06-04T08:13:26+00:00,3117735,Madrid,ES,2026-05-06T01:00,40.4,-3.6999989,Europe/Madrid,5.9,3.9,125.0,8.4,62.0,25
air_quality,2026-06-04T08:13:26+00:00,3117735,Madrid,ES,2026-05-06T02:00,40.4,-3.6999989,Europe/Madrid,5.8,3.3,126.0,9.3,55.0,22
air_quality,2026-06-04T08:13:26+00:00,3117735,Madrid,ES,2026-05-06T03:00,40.4,-3.6999989,Europe/Madrid,6.2,3.4,129.0,11.2,46.0,18
air_quality,2026-06-04T08:13:26+00:00,3117735,Madrid,ES,2026-05-06T04:00,40.4,-3.6999989,Europe/Madrid,6.5,3.7,129.0,11.8,41.0,16
air_quality,2026-06-04T08:13:26+00:00,3117735,Madrid,ES,2026-05-06T05:00,40.4,-3.6999989,Europe/Madrid,7.0,4.0,130.0,14.1,35.0,14
air_quality,2026-06-04T08:13:26+00:00,3117735,Madrid,ES,2026-05-06T06:00,40.4,-3.6999989,Europe/Madrid,7.4,5.7,136.0,19.5,31.0,12
air_quality,2026-06-04T08:13:26+00:00,3117735,Madrid,ES,2026-05-06T07:00,40.4,-3.6999989,Europe/Madrid,9.2,6.1,144.0,26.0,22.0,13
air_quality,2026-06-04T08:13:26+00:00,3117735,Madrid,ES,2026-05-06T08:00,40.4,-3.6999989,Europe/Madrid,11.2,8.5,163.0,37.4,17.0,19
air_quality,2026-06-04T08:13:26+00:00,3117735,Madrid,ES,2026-05-06T09:00,40.4,-3.6999989,Europe/Madrid,9.7,7.7,159.0,31.1,29.0,16
air_quality,2026-06-04T08:13:26+00:00,3117735,Madrid,ES,2026-05-06T10:00,40.4,-3.6999989,Europe/Madrid,9.2,6.5,146.0,24.3,48.0,19
air_quality,2026-06-04T08:13:26+00:00,3117735,Madrid,ES,2026-05-06T11:00,40.4,-3.6999989,Europe/Madrid,7.4,4.5,138.0,15.0,60.0,24
air_quality,2026-06-04T08:13:26+00:00,3117735,Madrid,ES,2026-05-06T12:00,40.4,-3.6999989,Europe/Madrid,5.9,4.6,131.0,10.3,70.0,28
air_quality,2026-06-04T08:13:26+00:00,3117735,Madrid,ES,2026-05-06T13:00,40.4,-3.6999989,Europe/Madrid,5.1,4.0,130.0,9.0,82.0,33
air_quality,2026-06-04T08:13:26+00:00,3117735,Madrid,ES,2026-05-06T14:00,40.4,-3.6999989,Europe/Madrid,5.8,4.1,128.0,9.4,94.0,38
air_quality,2026-06-04T08:13:26+00:00,3117735,Madrid,ES,2026-05-06T15:00,40.4,-3.6999989,Europe/Madrid,6.0,4.1,127.0,9.0,101.0,41
air_quality,2026-06-04T08:13:26+00:00,3117735,Madrid,ES,2026-05-06T16:00,40.4,-3.6999989,Europe/Madrid,5.0,4.1,127.0,8.5,103.0,42
air_quality,2026-06-04T08:13:26+00:00,3117735,Madrid,ES,2026-05-06T17:00,40.4,-3.6999989,Europe/Madrid,5.1,4.2,127.0,8.3,105.0,43
air_quality,2026-06-04T08:13:26+00:00,3117735,Madrid,ES,2026-05-06T18:00,40.4,-3.6999989,Europe/Madrid,6.1,4.6,131.0,9.4,106.0,44
air_quality,2026-06-04T08:13:26+00:00,3117735,Madrid,ES,2026-05-06T19:00,40.4,-3.6999989,Europe/Madrid,6.7,5.1,134.0,11.7,106.0,44
air_quality,2026-06-04T08:13:26+00:00,3117735,Madrid,ES,2026-05-06T20:00,40.4,-3.6999989,Europe/Madrid,6.4,5.0,130.0,15.6,101.0,41
air_quality,2026-06-04T08:13:26+00:00,3117735,Madrid,ES,2026-05-06T21:00,40.4,-3.6999989,Europe/Madrid,7.2,5.3,141.0,16.0,90.0,36
air_quality,2026-06-04T08:13:26+00:00,3117735,Madrid,ES,2026-05-06T22:00,40.4,-3.6999989,Europe/Madrid,6.9,5.8,137.0,20.2,83.0,33
air_quality,2026-06-04T08:13:26+00:00,3117735,Madrid,ES,2026-05-06T23:00,40.4,-3.6999989,Europe/Madrid,8.0,5.8,137.0,18.7,74.0,30
air_quality,2026-06-04T08:13:26+00:00,3117735,Madrid,ES,2026-05-07T00:00,40.4,-3.6999989,Europe/Madrid,6.3,5.0,136.0,14.7,68.0,27
air_quality,2026-06-04T08:13:26+00:00,3117735,Madrid,ES,2026-05-07T01:00,40.4,-3.6999989,Europe/Madrid,5.0,4.3,129.0,11.3,64.0,26
air_quality,2026-06-04T08:13:26+00:00,3117735,Madrid,ES,2026-05-07T02:00,40.4,-3.6999989,Europe/Madrid,5.0,3.5,122.0,6.7,57.0,23
air_quality,2026-06-04T08:13:26+00:00,3117735,Madrid,ES,2026-05-07T03:00,40.4,-3.6999989,Europe/Madrid,4.7,3.3,120.0,5.3,55.0,22
air_quality,2026-06-04T08:13:26+00:00,3117735,Madrid,ES,2026-05-07T04:00,40.4,-3.6999989,Europe/Madrid,4.9,3.3,117.0,4.3,58.0,23
air_quality,2026-06-04T08:13:26+00:00,3117735,Madrid,ES,2026-05-07T05:00,40.4,-3.6999989,Europe/Madrid,5.1,3.4,118.0,4.3,62.0,25
air_quality,2026-06-04T08:13:26+00:00,3117735,Madrid,ES,2026-05-07T06:00,40.4,-3.6999989,Europe/Madrid,6.1,3.8,120.0,6.6,61.0,24
air_quality,2026-06-04T08:13:26+00:00,3117735,Madrid,ES,2026-05-07T07:00,40.4,-3.6999989,Europe/Madrid,6.4,4.3,124.0,10.7,60.0,24
air_quality,2026-06-04T08:13:26+00:00,3117735,Madrid,ES,2026-05-07T08:00,40.4,-3.6999989,Europe/Madrid,7.2,4.9,130.0,18.3,56.0,22
air_quality,2026-06-04T08:13:26+00:00,3117735,Madrid,ES,2026-05-07T09:00,40.4,-3.6999989,Europe/Madrid,8.1,5.3,132.0,18.4,59.0,24
air_quality,2026-06-04T08:13:26+00:00,3117735,Madrid,ES,2026-05-07T10:00,40.4,-3.6999989,Europe/Madrid,8.5,5.7,129.0,13.6,69.0,28
air_quality,2026-06-04T08:13:26+00:00,3117735,Madrid,ES,2026-05-07T11:00,40.4,-3.6999989,Europe/Madrid,8.9,6.1,125.0,11.1,72.0,29
air_quality,2026-06-04T08:13:26+00:00,3117735,Madrid,ES,2026-05-07T12:00,40.4,-3.6999989,Europe/Madrid,8.5,6.2,123.0,8.5,78.0,31
air_quality,2026-06-04T08:13:26+00:00,3117735,Madrid,ES,2026-05-07T13:00,40.4,-3.6999989,Europe/Madrid,7.5,5.4,122.0,7.1,86.0,34
air_quality,2026-06-04T08:13:26+00:00,3117735,Madrid,ES,2026-05-07T14:00,40.4,-3.6999989,Europe/Madrid,6.6,4.7,123.0,6.0,94.0,38
air_quality,2026-06-04T08:13:26+00:00,3117735,Madrid,ES,2026-05-07T15:00,40.4,-3.6999989,Europe/Madrid,5.9,4.1,122.0,7.0,99.0,40
air_quality,2026-06-04T08:13:26+00:00,3117735,Madrid,ES,2026-05-07T16:00,40.4,-3.6999989,Europe/Madrid,5.5,4.2,124.0,6.6,99.0,40
air_quality,2026-06-04T08:13:26+00:00,3117735,Madrid,ES,2026-05-07T17:00,40.4,-3.6999989,Europe/Madrid,5.9,4.1,125.0,7.5,98.0,39
air_quality,2026-06-04T08:13:26+00:00,3117735,Madrid,ES,2026-05-07T18:00,40.4,-3.6999989,Europe/Madrid,5.8,4.2,125.0,9.6,101.0,41
air_quality,2026-06-04T08:13:26+00:00,3117735,Madrid,ES,2026-05-07T19:00,40.4,-3.6999989,Europe/Madrid,6.4,4.4,128.0,12.3,100.0,40
air_quality,2026-06-04T08:13:26+00:00,3117735,Madrid,ES,2026-05-07T20:00,40.4,-3.6999989,Europe/Madrid,7.0,4.5,133.0,18.0,94.0,38
air_quality,2026-06-04T08:13:26+00:00,3117735,Madrid,ES,2026-05-07T21:00,40.4,-3.6999989,Europe/Madrid,7.3,4.6,135.0,20.9,82.0,33
air_quality,2026-06-04T08:13:26+00:00,3117735,Madrid,ES,2026-05-07T22:00,40.4,-3.6999989,Europe/Madrid,7.4,5.4,132.0,25.1,67.0,27
air_quality,2026-06-04T08:13:26+00:00,3117735,Madrid,ES,2026-05-07T23:00,40.4,-3.6999989,Europe/Madrid,7.8,5.9,136.0,30.6,49.0,20
air_quality,2026-06-04T08:13:26+00:00,3117735,Madrid,ES,2026-05-08T00:00,40.4,-3.6999989,Europe/Madrid,11.1,7.0,142.0,34.8,48.0,19
air_quality,2026-06-04T08:13:26+00:00,3117735,Madrid,ES,2026-05-08T01:00,40.4,-3.6999989,Europe/Madrid,11.2,7.2,139.0,31.6,45.0,18
air_quality,2026-06-04T08:13:26+00:00,3117735,Madrid,ES,2026-05-08T02:00,40.4,-3.6999989,Europe/Madrid,9.6,7.1,135.0,23.9,48.0,19
air_quality,2026-06-04T08:13:26+00:00,3117735,Madrid,ES,2026-05-08T03:00,40.4,-3.6999989,Europe/Madrid,10.1,6.3,132.0,19.6,51.0,20
air_quality,2026-06-04T08:13:26+00:00,3117735,Madrid,ES,2026-05-08T04:00,40.4,-3.6999989,Europe/Madrid,9.1,6.0,127.0,14.6,51.0,20
air_quality,2026-06-04T08:13:26+00:00,3117735,Madrid,ES,2026-05-08T05:00,40.4,-3.6999989,Europe/Madrid,8.1,5.7,122.0,12.5,47.0,19
air_quality,2026-06-04T08:13:26+00:00,3117735,Madrid,ES,2026-05-08T06:00,40.4,-3.6999989,Europe/Madrid,8.2,5.7,123.0,14.1,45.0,18
air_quality,2026-06-04T08:13:26+00:00,3117735,Madrid,ES,2026-05-08T07:00,40.4,-3.6999989,Europe/Madrid,9.5,6.5,133.0,23.7,38.0,15
air_quality,2026-06-04T08:13:26+00:00,3117735,Madrid,ES,2026-05-08T08:00,40.4,-3.6999989,Europe/Madrid,11.5,8.0,149.0,36.1,22.0,18
air_quality,2026-06-04T08:13:26+00:00,3117735,Madrid,ES,2026-05-08T09:00,40.4,-3.6999989,Europe/Madrid,10.9,8.5,155.0,41.1,27.0,20
air_quality,2026-06-04T08:13:26+00:00,3117735,Madrid,ES,2026-05-08T10:00,40.4,-3.6999989,Europe/Madrid,10.7,8.6,148.0,35.1,35.0,18
air_quality,2026-06-04T08:13:26+00:00,3117735,Madrid,ES,2026-05-08T11:00,40.4,-3.6999989,Europe/Madrid,9.8,8.0,136.0,25.4,50.0,20
air_quality,2026-06-04T08:13:26+00:00,3117735,Madrid,ES,2026-05-08T12:00,40.4,-3.6999989,Europe/Madrid,9.2,7.7,132.0,19.0,63.0,25
air_quality,2026-06-04T08:13:26+00:00,3117735,Madrid,ES,2026-05-08T13:00,40.4,-3.6999989,Europe/Madrid,8.1,6.2,128.0,15.7,74.0,30
air_quality,2026-06-04T08:13:26+00:00,3117735,Madrid,ES,2026-05-08T14:00,40.4,-3.6999989,Europe/Madrid,7.3,5.4,127.0,9.1,82.0,33
air_quality,2026-06-04T08:13:26+00:00,3117735,Madrid,ES,2026-05-08T15:00,40.4,-3.6999989,Europe/Madrid,6.1,4.5,122.0,6.4,87.0,35
air_quality,2026-06-04T08:13:26+00:00,3117735,Madrid,ES,2026-05-08T16:00,40.4,-3.6999989,Europe/Madrid,6.3,4.4,116.0,5.0,92.0,37
air_quality,2026-06-04T08:13:26+00:00,3117735,Madrid,ES,2026-05-08T17:00,40.4,-3.6999989,Europe/Madrid,5.9,3.6,115.0,4.9,94.0,38
air_quality,2026-06-04T08:13:26+00:00,3117735,Madrid,ES,2026-05-08T18:00,40.4,-3.6999989,Europe/Madrid,5.2,3.2,112.0,5.6,91.0,36
air_quality,2026-06-04T08:13:26+00:00,3117735,Madrid,ES,2026-05-08T19:00,40.4,-3.6999989,Europe/Madrid,5.0,3.1,113.0,6.4,89.0,36
air_quality,2026-06-04T08:13:26+00:00,3117735,Madrid,ES,2026-05-08T20:00,40.4,-3.6999989,Europe/Madrid,5.2,3.2,115.0,7.8,88.0,35
air_quality,2026-06-04T08:13:26+00:00,3117735,Madrid,ES,2026-05-08T21:00,40.4,-3.6999989,Europe/Madrid,6.8,4.1,123.0,12.1,76.0,30
air_quality,2026-06-04T08:13:26+00:00,3117735,Madrid,ES,2026-05-08T22:00,40.4,-3.6999989,Europe/Madrid,8.4,5.1,130.0,18.5,67.0,27
air_quality,2026-06-04T08:13:26+00:00,3117735,Madrid,ES,2026-05-08T23:00,40.4,-3.6999989,Europe/Madrid,9.8,6.9,137.0,27.8,54.0,22
air_quality,2026-06-04T08:13:26+00:00,3117735,Madrid,ES,2026-05-09T00:00,40.4,-3.6999989,Europe/Madrid,10.6,7.8,137.0,32.0,47.0,19
air_quality,2026-06-04T08:13:26+00:00,3117735,Madrid,ES,2026-05-09T01:00,40.4,-3.6999989,Europe/Madrid,12.1,8.0,141.0,30.8,45.0,18
air_quality,2026-06-04T08:13:26+00:00,3117735,Madrid,ES,2026-05-09T02:00,40.4,-3.6999989,Europe/Madrid,12.2,7.7,140.0,25.9,45.0,18
air_quality,2026-06-04T08:13:26+00:00,3117735,Madrid,ES,2026-05-09T03:00,40.4,-3.6999989,Europe/Madrid,11.2,7.0,132.0,21.3,38.0,15
air_quality,2026-06-04T08:13:26+00:00,3117735,Madrid,ES,2026-05-09T04:00,40.4,-3.6999989,Europe/Madrid,10.2,6.9,127.0,18.9,40.0,16
air_quality,2026-06-04T08:13:26+00:00,3117735,Madrid,ES,2026-05-09T05:00,40.4,-3.6999989,Europe/Madrid,9.3,5.3,121.0,13.8,48.0,19
air_quality,2026-06-04T08:13:26+00:00,3117735,Madrid,ES,2026-05-09T06:00,40.4,-3.6999989,Europe/Madrid,8.7,5.6,115.0,12.3,52.0,21
air_quality,2026-06-04T08:13:26+00:00,3117735,Madrid,ES,2026-05-09T07:00,40.4,-3.6999989,Europe/Madrid,8.2,6.2,117.0,10.6,54.0,22
air_quality,2026-06-04T08:13:26+00:00,3117735,Madrid,ES,2026-05-09T08:00,40.4,-3.6999989,Europe/Madrid,8.6,7.4,119.0,11.4,56.0,22
air_quality,2026-06-04T08:13:26+00:00,3117735,Madrid,ES,2026-05-09T09:00,40.4,-3.6999989,Europe/Madrid,8.4,6.4,119.0,9.0,56.0,22
air_quality,2026-06-04T08:13:26+00:00,3117735,Madrid,ES,2026-05-09T10:00,40.4,-3.6999989,Europe/Madrid,7.9,5.2,120.0,7.5,67.0,27
air_quality,2026-06-04T08:13:26+00:00,3117735,Madrid,ES,2026-05-09T11:00,40.4,-3.6999989,Europe/Madrid,7.2,4.7,117.0,6.7,70.0,28
air_quality,2026-06-04T08:13:26+00:00,3117735,Madrid,ES,2026-05-09T12:00,40.4,-3.6999989,Europe/Madrid,6.9,4.5,118.0,7.1,74.0,30
air_quality,2026-06-04T08:13:26+00:00,3117735,Madrid,ES,2026-05-09T13:00,40.4,-3.6999989,Europe/Madrid,6.0,4.5,117.0,5.5,82.0,33
air_quality,2026-06-04T08:13:26+00:00,3117735,Madrid,ES,2026-05-09T14:00,40.4,-3.6999989,Europe/Madrid,5.9,4.0,115.0,5.8,88.0,35
air_quality,2026-06-04T08:13:26+00:00,3117735,Madrid,ES,2026-05-09T15:00,40.4,-3.6999989,Europe/Madrid,6.0,4.1,112.0,4.0,91.0,36
air_quality,2026-06-04T08:13:26+00:00,3117735,Madrid,ES,2026-05-09T16:00,40.4,-3.6999989,Europe/Madrid,5.2,3.4,111.0,3.6,93.0,37
air_quality,2026-06-04T08:13:26+00:00,3117735,Madrid,ES,2026-05-09T17:00,40.4,-3.6999989,Europe/Madrid,4.8,3.3,111.0,2.9,92.0,37
air_quality,2026-06-04T08:13:26+00:00,3117735,Madrid,ES,2026-05-09T18:00,40.4,-3.6999989,Europe/Madrid,3.9,2.8,112.0,3.6,88.0,35
air_quality,2026-06-04T08:13:26+00:00,3117735,Madrid,ES,2026-05-09T19:00,40.4,-3.6999989,Europe/Madrid,3.5,2.4,113.0,4.7,83.0,33
air_quality,2026-06-04T08:13:26+00:00,3117735,Madrid,ES,2026-05-09T20:00,40.4,-3.6999989,Europe/Madrid,3.7,2.4,115.0,8.1,77.0,31
air_quality,2026-06-04T08:13:26+00:00,3117735,Madrid,ES,2026-05-09T21:00,40.4,-3.6999989,Europe/Madrid,4.9,3.8,125.0,12.7,69.0,28
air_quality,2026-06-04T08:13:26+00:00,3117735,Madrid,ES,2026-05-09T22:00,40.4,-3.6999989,Europe/Madrid,5.8,4.5,129.0,15.1,59.0,24
air_quality,2026-06-04T08:13:26+00:00,3117735,Madrid,ES,2026-05-09T23:00,40.4,-3.6999989,Europe/Madrid,8.2,4.6,130.0,22.5,49.0,20
air_quality,2026-06-04T08:13:26+00:00,3117735,Madrid,ES,2026-05-10T00:00,40.4,-3.6999989,Europe/Madrid,8.7,4.5,131.0,16.9,51.0,20
air_quality,2026-06-04T08:13:26+00:00,3117735,Madrid,ES,2026-05-10T01:00,40.4,-3.6999989,Europe/Madrid,5.6,4.1,134.0,22.0,46.0,18
air_quality,2026-06-04T08:13:26+00:00,3117735,Madrid,ES,2026-05-10T02:00,40.4,-3.6999989,Europe/Madrid,4.9,3.2,124.0,10.3,56.0,22
air_quality,2026-06-04T08:13:26+00:00,3117735,Madrid,ES,2026-05-10T03:00,40.4,-3.6999989,Europe/Madrid,4.6,3.2,120.0,11.0,57.0,23
air_quality,2026-06-04T08:13:26+00:00,3117735,Madrid,ES,2026-05-10T04:00,40.4,-3.6999989,Europe/Madrid,5.3,3.7,124.0,9.6,52.0,21
air_quality,2026-06-04T08:13:26+00:00,3117735,Madrid,ES,2026-05-10T05:00,40.4,-3.6999989,Europe/Madrid,5.1,3.7,122.0,10.3,50.0,20
air_quality,2026-06-04T08:13:26+00:00,3117735,Madrid,ES,2026-05-10T06:00,40.4,-3.6999989,Europe/Madrid,5.7,3.7,125.0,10.6,49.0,20
air_quality,2026-06-04T08:13:26+00:00,3117735,Madrid,ES,2026-05-10T07:00,40.4,-3.6999989,Europe/Madrid,6.1,4.1,126.0,10.3,46.0,18
air_quality,2026-06-04T08:13:26+00:00,3117735,Madrid,ES,2026-05-10T08:00,40.4,-3.6999989,Europe/Madrid,6.6,4.2,125.0,9.9,46.0,18
air_quality,2026-06-04T08:13:26+00:00,3117735,Madrid,ES,2026-05-10T09:00,40.4,-3.6999989,Europe/Madrid,6.8,4.3,122.0,7.1,53.0,21
air_quality,2026-06-04T08:13:26+00:00,3117735,Madrid,ES,2026-05-10T10:00,40.4,-3.6999989,Europe/Madrid,6.2,3.5,118.0,5.2,58.0,23
air_quality,2026-06-04T08:13:26+00:00,3117735,Madrid,ES,2026-05-10T11:00,40.4,-3.6999989,Europe/Madrid,5.5,3.3,114.0,3.8,64.0,26
air_quality,2026-06-04T08:13:26+00:00,3117735,Madrid,ES,2026-05-10T12:00,40.4,-3.6999989,Europe/Madrid,5.6,2.6,111.0,3.0,67.0,27
air_quality,2026-06-04T08:13:26+00:00,3117735,Madrid,ES,2026-05-10T13:00,40.4,-3.6999989,Europe/Madrid,4.2,2.3,110.0,2.9,67.0,27
air_quality,2026-06-04T08:13:26+00:00,3117735,Madrid,ES,2026-05-10T14:00,40.4,-3.6999989,Europe/Madrid,3.4,2.0,109.0,3.0,67.0,27
air_quality,2026-06-04T08:13:26+00:00,3117735,Madrid,ES,2026-05-10T15:00,40.4,-3.6999989,Europe/Madrid,2.9,1.8,107.0,2.3,77.0,31
air_quality,2026-06-04T08:13:26+00:00,3117735,Madrid,ES,2026-05-10T16:00,40.4,-3.6999989,Europe/Madrid,3.4,1.8,107.0,2.0,80.0,32
air_quality,2026-06-04T08:13:26+00:00,3117735,Madrid,ES,2026-05-10T17:00,40.4,-3.6999989,Europe/Madrid,3.8,1.9,107.0,1.4,84.0,34
air_quality,2026-06-04T08:13:26+00:00,3117735,Madrid,ES,2026-05-10T18:00,40.4,-3.6999989,Europe/Madrid,4.8,2.2,109.0,1.8,86.0,34
air_quality,2026-06-04T08:13:26+00:00,3117735,Madrid,ES,2026-05-10T19:00,40.4,-3.6999989,Europe/Madrid,5.6,2.6,112.0,2.5,86.0,34
air_quality,2026-06-04T08:13:26+00:00,3117735,Madrid,ES,2026-05-10T20:00,40.4,-3.6999989,Europe/Madrid,6.2,2.9,113.0,3.6,83.0,33
air_quality,2026-06-04T08:13:26+00:00,3117735,Madrid,ES,2026-05-10T21:00,40.4,-3.6999989,Europe/Madrid,6.6,3.2,114.0,6.8,80.0,32
air_quality,2026-06-04T08:13:26+00:00,3117735,Madrid,ES,2026-05-10T22:00,40.4,-3.6999989,Europe/Madrid,6.8,3.5,118.0,10.6,73.0,29
air_quality,2026-06-04T08:13:26+00:00,3117735,Madrid,ES,2026-05-10T23:00,40.4,-3.6999989,Europe/Madrid,7.8,4.1,120.0,10.7,65.0,26
air_quality,2026-06-04T08:13:26+00:00,3117735,Madrid,ES,2026-05-11T00:00,40.4,-3.6999989,Europe/Madrid,8.4,4.4,120.0,9.4,62.0,25
air_quality,2026-06-04T08:13:26+00:00,3117735,Madrid,ES,2026-05-11T01:00,40.4,-3.6999989,Europe/Madrid,9.2,4.5,119.0,10.7,59.0,24
air_quality,2026-06-04T08:13:26+00:00,3117735,Madrid,ES,2026-05-11T02:00,40.4,-3.6999989,Europe/Madrid,9.6,4.8,123.0,11.1,51.0,20
air_quality,2026-06-04T08:13:26+00:00,3117735,Madrid,ES,2026-05-11T03:00,40.4,-3.6999989,Europe/Madrid,9.2,4.9,123.0,10.8,49.0,20
air_quality,2026-06-04T08:13:26+00:00,3117735,Madrid,ES,2026-05-11T04:00,40.4,-3.6999989,Europe/Madrid,9.7,5.3,124.0,10.0,47.0,19
air_quality,2026-06-04T08:13:26+00:00,3117735,Madrid,ES,2026-05-11T05:00,40.4,-3.6999989,Europe/Madrid,10.2,5.6,125.0,11.0,42.0,17
air_quality,2026-06-04T08:13:26+00:00,3117735,Madrid,ES,2026-05-11T06:00,40.4,-3.6999989,Europe/Madrid,11.4,6.2,126.0,16.1,38.0,15
air_quality,2026-06-04T08:13:26+00:00,3117735,Madrid,ES,2026-05-11T07:00,40.4,-3.6999989,Europe/Madrid,13.1,8.2,136.0,21.5,30.0,12
air_quality,2026-06-04T08:13:26+00:00,3117735,Madrid,ES,2026-05-11T08:00,40.4,-3.6999989,Europe/Madrid,15.2,8.7,145.0,35.3,31.0,18
air_quality,2026-06-04T08:13:26+00:00,3117735,Madrid,ES,2026-05-11T09:00,40.4,-3.6999989,Europe/Madrid,13.5,7.0,135.0,23.8,47.0,19
air_quality,2026-06-04T08:13:26+00:00,3117735,Madrid,ES,2026-05-11T10:00,40.4,-3.6999989,Europe/Madrid,10.6,4.9,128.0,10.5,53.0,21
air_quality,2026-06-04T08:13:26+00:00,3117735,Madrid,ES,2026-05-11T11:00,40.4,-3.6999989,Europe/Madrid,9.7,4.2,119.0,5.7,66.0,26
air_quality,2026-06-04T08:13:26+00:00,3117735,Madrid,ES,2026-05-11T12:00,40.4,-3.6999989,Europe/Madrid,8.9,3.6,114.0,4.4,74.0,30
air_quality,2026-06-04T08:13:26+00:00,3117735,Madrid,ES,2026-05-11T13:00,40.4,-3.6999989,Europe/Madrid,7.7,3.1,113.0,3.9,83.0,33
air_quality,2026-06-04T08:13:26+00:00,3117735,Madrid,ES,2026-05-11T14:00,40.4,-3.6999989,Europe/Madrid,7.1,2.9,113.0,3.9,85.0,34
air_quality,2026-06-04T08:13:26+00:00,3117735,Madrid,ES,2026-05-11T15:00,40.4,-3.6999989,Europe/Madrid,6.5,2.8,112.0,4.0,86.0,34
air_quality,2026-06-04T08:13:26+00:00,3117735,Madrid,ES,2026-05-11T16:00,40.4,-3.6999989,Europe/Madrid,6.1,2.7,112.0,3.7,86.0,34
air_quality,2026-06-04T08:13:26+00:00,3117735,Madrid,ES,2026-05-11T17:00,40.4,-3.6999989,Europe/Madrid,5.9,2.7,112.0,3.9,85.0,34
air_quality,2026-06-04T08:13:26+00:00,3117735,Madrid,ES,2026-05-11T18:00,40.4,-3.6999989,Europe/Madrid,5.9,3.0,114.0,4.6,81.0,32
air_quality,2026-06-04T08:13:26+00:00,3117735,Madrid,ES,2026-05-11T19:00,40.4,-3.6999989,Europe/Madrid,5.9,3.0,115.0,6.3,76.0,30
air_quality,2026-06-04T08:13:26+00:00,3117735,Madrid,ES,2026-05-11T20:00,40.4,-3.6999989,Europe/Madrid,7.0,3.6,115.0,9.5,76.0,30
air_quality,2026-06-04T08:13:26+00:00,3117735,Madrid,ES,2026-05-11T21:00,40.4,-3.6999989,Europe/Madrid,8.0,3.9,119.0,12.2,69.0,28
air_quality,2026-06-04T08:13:26+00:00,3117735,Madrid,ES,2026-05-11T22:00,40.4,-3.6999989,Europe/Madrid,9.6,4.6,121.0,17.7,60.0,24
air_quality,2026-06-04T08:13:26+00:00,3117735,Madrid,ES,2026-05-11T23:00,40.4,-3.6999989,Europe/Madrid,9.5,5.7,129.0,19.8,54.0,22
air_quality,2026-06-04T08:13:26+00:00,3117735,Madrid,ES,2026-05-12T00:00,40.4,-3.6999989,Europe/Madrid,9.1,5.8,128.0,18.1,50.0,20
air_quality,2026-06-04T08:13:26+00:00,3117735,Madrid,ES,2026-05-12T01:00,40.4,-3.6999989,Europe/Madrid,8.9,5.7,126.0,19.3,51.0,20
air_quality,2026-06-04T08:13:26+00:00,3117735,Madrid,ES,2026-05-12T02:00,40.4,-3.6999989,Europe/Madrid,10.3,6.1,125.0,19.2,43.0,17
air_quality,2026-06-04T08:13:26+00:00,3117735,Madrid,ES,2026-05-12T03:00,40.4,-3.6999989,Europe/Madrid,12.3,8.4,134.0,23.5,31.0,12
air_quality,2026-06-04T08:13:26+00:00,3117735,Madrid,ES,2026-05-12T04:00,40.4,-3.6999989,Europe/Madrid,13.5,9.3,142.0,28.0,28.0,14
air_quality,2026-06-04T08:13:26+00:00,3117735,Madrid,ES,2026-05-12T05:00,40.4,-3.6999989,Europe/Madrid,12.5,9.7,135.0,26.9,27.0,13
air_quality,2026-06-04T08:13:26+00:00,3117735,Madrid,ES,2026-05-12T06:00,40.4,-3.6999989,Europe/Madrid,13.5,9.5,137.0,26.9,23.0,13
air_quality,2026-06-04T08:13:26+00:00,3117735,Madrid,ES,2026-05-12T07:00,40.4,-3.6999989,Europe/Madrid,17.2,10.0,145.0,36.2,16.0,18
air_quality,2026-06-04T08:13:26+00:00,3117735,Madrid,ES,2026-05-12T08:00,40.4,-3.6999989,Europe/Madrid,19.5,12.5,176.0,47.9,9.0,23
air_quality,2026-06-04T08:13:26+00:00,3117735,Madrid,ES,2026-05-12T09:00,40.4,-3.6999989,Europe/Madrid,21.8,16.3,228.0,53.6,9.0,25
air_quality,2026-06-04T08:13:26+00:00,3117735,Madrid,ES,2026-05-12T10:00,40.4,-3.6999989,Europe/Madrid,20.1,11.7,168.0,34.9,36.0,17
air_quality,2026-06-04T08:13:26+00:00,3117735,Madrid,ES,2026-05-12T11:00,40.4,-3.6999989,Europe/Madrid,12.5,9.8,153.0,20.3,53.0,21
air_quality,2026-06-04T08:13:26+00:00,3117735,Madrid,ES,2026-05-12T12:00,40.4,-3.6999989,Europe/Madrid,7.1,5.4,118.0,5.9,81.0,32
air_quality,2026-06-04T08:13:26+00:00,3117735,Madrid,ES,2026-05-12T13:00,40.4,-3.6999989,Europe/Madrid,4.9,2.6,113.0,3.7,82.0,33
air_quality,2026-06-04T08:13:26+00:00,3117735,Madrid,ES,2026-05-12T14:00,40.4,-3.6999989,Europe/Madrid,4.0,2.1,111.0,3.4,81.0,32
air_quality,2026-06-04T08:13:26+00:00,3117735,Madrid,ES,2026-05-12T15:00,40.4,-3.6999989,Europe/Madrid,3.1,2.0,112.0,3.5,77.0,31
air_quality,2026-06-04T08:13:26+00:00,3117735,Madrid,ES,2026-05-12T16:00,40.4,-3.6999989,Europe/Madrid,2.9,2.1,111.0,3.3,75.0,30
air_quality,2026-06-04T08:13:26+00:00,3117735,Madrid,ES,2026-05-12T17:00,40.4,-3.6999989,Europe/Madrid,2.9,2.1,110.0,3.3,74.0,30
air_quality,2026-06-04T08:13:26+00:00,3117735,Madrid,ES,2026-05-12T18:00,40.4,-3.6999989,Europe/Madrid,2.9,2.2,112.0,5.7,71.0,28
air_quality,2026-06-04T08:13:26+00:00,3117735,Madrid,ES,2026-05-12T19:00,40.4,-3.6999989,Europe/Madrid,2.8,2.4,114.0,6.9,69.0,28
air_quality,2026-06-04T08:13:26+00:00,3117735,Madrid,ES,2026-05-12T20:00,40.4,-3.6999989,Europe/Madrid,2.9,2.4,114.0,8.5,68.0,27
air_quality,2026-06-04T08:13:26+00:00,3117735,Madrid,ES,2026-05-12T21:00,40.4,-3.6999989,Europe/Madrid,5.0,2.7,115.0,9.9,62.0,25
air_quality,2026-06-04T08:13:26+00:00,3117735,Madrid,ES,2026-05-12T22:00,40.4,-3.6999989,Europe/Madrid,5.5,3.3,118.0,11.2,56.0,22
air_quality,2026-06-04T08:13:26+00:00,3117735,Madrid,ES,2026-05-12T23:00,40.4,-3.6999989,Europe/Madrid,6.1,4.3,118.0,12.2,50.0,20
air_quality,2026-06-04T08:13:26+00:00,3117735,Madrid,ES,2026-05-13T00:00,40.4,-3.6999989,Europe/Madrid,5.7,4.1,117.0,11.5,48.0,19
air_quality,2026-06-04T08:13:26+00:00,3117735,Madrid,ES,2026-05-13T01:00,40.4,-3.6999989,Europe/Madrid,5.5,3.6,115.0,10.4,46.0,18
air_quality,2026-06-04T08:13:26+00:00,3117735,Madrid,ES,2026-05-13T02:00,40.4,-3.6999989,Europe/Madrid,5.6,3.7,117.0,7.9,47.0,19
air_quality,2026-06-04T08:13:26+00:00,3117735,Madrid,ES,2026-05-13T03:00,40.4,-3.6999989,Europe/Madrid,4.7,3.2,114.0,6.9,46.0,18
air_quality,2026-06-04T08:13:26+00:00,3117735,Madrid,ES,2026-05-13T04:00,40.4,-3.6999989,Europe/Madrid,4.2,2.9,114.0,6.4,46.0,18
air_quality,2026-06-04T08:13:26+00:00,3117735,Madrid,ES,2026-05-13T05:00,40.4,-3.6999989,Europe/Madrid,4.0,3.0,114.0,6.4,45.0,18
air_quality,2026-06-04T08:13:26+00:00,3117735,Madrid,ES,2026-05-13T06:00,40.4,-3.6999989,Europe/Madrid,5.0,3.6,119.0,8.6,40.0,16
air_quality,2026-06-04T08:13:26+00:00,3117735,Madrid,ES,2026-05-13T07:00,40.4,-3.6999989,Europe/Madrid,6.3,5.1,130.0,14.8,32.0,13
air_quality,2026-06-04T08:13:26+00:00,3117735,Madrid,ES,2026-05-13T08:00,40.4,-3.6999989,Europe/Madrid,8.1,6.7,148.0,25.7,30.0,13
air_quality,2026-06-04T08:13:26+00:00,3117735,Madrid,ES,2026-05-13T09:00,40.4,-3.6999989,Europe/Madrid,8.3,6.3,138.0,19.6,38.0,15
air_quality,2026-06-04T08:13:26+00:00,3117735,Madrid,ES,2026-05-13T10:00,40.4,-3.6999989,Europe/Madrid,6.9,4.4,127.0,11.4,52.0,21
air_quality,2026-06-04T08:13:26+00:00,3117735,Madrid,ES,2026-05-13T11:00,40.4,-3.6999989,Europe/Madrid,5.4,3.4,121.0,6.8,63.0,25
air_quality,2026-06-04T08:13:26+00:00,3117735,Madrid,ES,2026-05-13T12:00,40.4,-3.6999989,Europe/Madrid,5.0,3.4,118.0,5.7,71.0,28
air_quality,2026-06-04T08:13:26+00:00,3117735,Madrid,ES,2026-05-13T13:00,40.4,-3.6999989,Europe/Madrid,3.4,2.7,117.0,4.1,77.0,31
air_quality,2026-06-04T08:13:26+00:00,3117735,Madrid,ES,2026-05-13T14:00,40.4,-3.6999989,Europe/Madrid,3.3,2.5,118.0,3.1,81.0,32
air_quality,2026-06-04T08:13:26+00:00,3117735,Madrid,ES,2026-05-13T15:00,40.4,-3.6999989,Europe/Madrid,3.3,2.7,119.0,3.1,84.0,34
air_quality,2026-06-04T08:13:26+00:00,3117735,Madrid,ES,2026-05-13T16:00,40.4,-3.6999989,Europe/Madrid,3.6,2.8,119.0,3.5,84.0,34
air_quality,2026-06-04T08:13:26+00:00,3117735,Madrid,ES,2026-05-13T17:00,40.4,-3.6999989,Europe/Madrid,4.1,2.9,120.0,3.7,83.0,33
air_quality,2026-06-04T08:13:26+00:00,3117735,Madrid,ES,2026-05-13T18:00,40.4,-3.6999989,Europe/Madrid,4.2,3.3,120.0,4.7,81.0,32
air_quality,2026-06-04T08:13:26+00:00,3117735,Madrid,ES,2026-05-13T19:00,40.4,-3.6999989,Europe/Madrid,4.2,3.5,122.0,6.4,77.0,31
air_quality,2026-06-04T08:13:26+00:00,3117735,Madrid,ES,2026-05-13T20:00,40.4,-3.6999989,Europe/Madrid,4.0,3.4,122.0,11.1,70.0,28
air_quality,2026-06-04T08:13:26+00:00,3117735,Madrid,ES,2026-05-13T21:00,40.4,-3.6999989,Europe/Madrid,5.6,4.0,131.0,15.7,62.0,25
air_quality,2026-06-04T08:13:26+00:00,3117735,Madrid,ES,2026-05-13T22:00,40.4,-3.6999989,Europe/Madrid,5.7,4.4,134.0,12.2,58.0,23
air_quality,2026-06-04T08:13:26+00:00,3117735,Madrid,ES,2026-05-13T23:00,40.4,-3.6999989,Europe/Madrid,6.3,5.0,131.0,15.1,54.0,22
air_quality,2026-06-04T08:13:26+00:00,3117735,Madrid,ES,2026-05-14T00:00,40.4,-3.6999989,Europe/Madrid,6.5,5.2,134.0,13.1,47.0,19
air_quality,2026-06-04T08:13:26+00:00,3117735,Madrid,ES,2026-05-14T01:00,40.4,-3.6999989,Europe/Madrid,7.3,5.6,133.0,13.1,50.0,20
air_quality,2026-06-04T08:13:26+00:00,3117735,Madrid,ES,2026-05-14T02:00,40.4,-3.6999989,Europe/Madrid,7.2,5.5,130.0,12.2,49.0,20
air_quality,2026-06-04T08:13:26+00:00,3117735,Madrid,ES,2026-05-14T03:00,40.4,-3.6999989,Europe/Madrid,6.3,5.2,125.0,11.0,43.0,17
air_quality,2026-06-04T08:13:26+00:00,3117735,Madrid,ES,2026-05-14T04:00,40.4,-3.6999989,Europe/Madrid,5.8,4.9,124.0,11.0,41.0,16
air_quality,2026-06-04T08:13:26+00:00,3117735,Madrid,ES,2026-05-14T05:00,40.4,-3.6999989,Europe/Madrid,6.7,4.9,125.0,12.2,39.0,16
air_quality,2026-06-04T08:13:26+00:00,3117735,Madrid,ES,2026-05-14T06:00,40.4,-3.6999989,Europe/Madrid,7.0,5.0,129.0,17.0,35.0,14
air_quality,2026-06-04T08:13:26+00:00,3117735,Madrid,ES,2026-05-14T07:00,40.4,-3.6999989,Europe/Madrid,10.0,6.5,134.0,22.2,29.0,12
air_quality,2026-06-04T08:13:26+00:00,3117735,Madrid,ES,2026-05-14T08:00,40.4,-3.6999989,Europe/Madrid,13.2,8.5,151.0,33.4,18.0,17
air_quality,2026-06-04T08:13:26+00:00,3117735,Madrid,ES,2026-05-14T09:00,40.4,-3.6999989,Europe/Madrid,10.6,8.2,149.0,32.2,22.0,16
air_quality,2026-06-04T08:13:26+00:00,3117735,Madrid,ES,2026-05-14T10:00,40.4,-3.6999989,Europe/Madrid,7.9,5.8,142.0,19.3,47.0,19
air_quality,2026-06-04T08:13:26+00:00,3117735,Madrid,ES,2026-05-14T11:00,40.4,-3.6999989,Europe/Madrid,6.1,4.8,122.0,10.0,66.0,26
air_quality,2026-06-04T08:13:26+00:00,3117735,Madrid,ES,2026-05-14T12:00,40.4,-3.6999989,Europe/Madrid,5.1,4.0,117.0,4.8,79.0,32
air_quality,2026-06-04T08:13:26+00:00,3117735,Madrid,ES,2026-05-14T13:00,40.4,-3.6999989,Europe/Madrid,4.7,3.6,116.0,3.5,87.0,35
air_quality,2026-06-04T08:13:26+00:00,3117735,Madrid,ES,2026-05-14T14:00,40.4,-3.6999989,Europe/Madrid,4.8,3.7,116.0,3.0,90.0,36
air_quality,2026-06-04T08:13:26+00:00,3117735,Madrid,ES,2026-05-14T15:00,40.4,-3.6999989,Europe/Madrid,4.9,3.7,115.0,3.0,95.0,38
air_quality,2026-06-04T08:13:26+00:00,3117735,Madrid,ES,2026-05-14T16:00,40.4,-3.6999989,Europe/Madrid,4.8,3.6,115.0,2.8,98.0,39
air_quality,2026-06-04T08:13:26+00:00,3117735,Madrid,ES,2026-05-14T17:00,40.4,-3.6999989,Europe/Madrid,4.8,3.6,115.0,3.0,99.0,40
air_quality,2026-06-04T08:13:26+00:00,3117735,Madrid,ES,2026-05-14T18:00,40.4,-3.6999989,Europe/Madrid,4.9,3.7,116.0,3.5,97.0,39
air_quality,2026-06-04T08:13:26+00:00,3117735,Madrid,ES,2026-05-14T19:00,40.4,-3.6999989,Europe/Madrid,5.0,3.7,117.0,4.1,93.0,37
air_quality,2026-06-04T08:13:26+00:00,3117735,Madrid,ES,2026-05-14T20:00,40.4,-3.6999989,Europe/Madrid,4.9,3.5,119.0,6.3,90.0,36
air_quality,2026-06-04T08:13:26+00:00,3117735,Madrid,ES,2026-05-14T21:00,40.4,-3.6999989,Europe/Madrid,5.1,3.4,123.0,9.8,84.0,34
air_quality,2026-06-04T08:13:26+00:00,3117735,Madrid,ES,2026-05-14T22:00,40.4,-3.6999989,Europe/Madrid,4.8,3.3,125.0,9.6,76.0,30
air_quality,2026-06-04T08:13:26+00:00,3117735,Madrid,ES,2026-05-14T23:00,40.4,-3.6999989,Europe/Madrid,5.2,3.5,124.0,8.7,72.0,29
air_quality,2026-06-04T08:13:26+00:00,3117735,Madrid,ES,2026-05-15T00:00,40.4,-3.6999989,Europe/Madrid,5.4,3.1,120.0,7.2,72.0,29
air_quality,2026-06-04T08:13:26+00:00,3117735,Madrid,ES,2026-05-15T01:00,40.4,-3.6999989,Europe/Madrid,5.0,2.9,119.0,6.1,72.0,29
air_quality,2026-06-04T08:13:26+00:00,3117735,Madrid,ES,2026-05-15T02:00,40.4,-3.6999989,Europe/Madrid,4.6,2.5,117.0,4.6,69.0,28
air_quality,2026-06-04T08:13:26+00:00,3117735,Madrid,ES,2026-05-15T03:00,40.4,-3.6999989,Europe/Madrid,4.4,2.3,116.0,3.9,67.0,27
air_quality,2026-06-04T08:13:26+00:00,3117735,Madrid,ES,2026-05-15T04:00,40.4,-3.6999989,Europe/Madrid,4.3,2.2,115.0,3.2,64.0,26
air_quality,2026-06-04T08:13:26+00:00,3117735,Madrid,ES,2026-05-15T05:00,40.4,-3.6999989,Europe/Madrid,4.2,2.2,115.0,3.4,59.0,24
air_quality,2026-06-04T08:13:26+00:00,3117735,Madrid,ES,2026-05-15T06:00,40.4,-3.6999989,Europe/Madrid,4.8,2.4,115.0,5.4,59.0,24
air_quality,2026-06-04T08:13:26+00:00,3117735,Madrid,ES,2026-05-15T07:00,40.4,-3.6999989,Europe/Madrid,5.2,3.1,122.0,9.1,60.0,24
air_quality,2026-06-04T08:13:26+00:00,3117735,Madrid,ES,2026-05-15T08:00,40.4,-3.6999989,Europe/Madrid,6.4,3.8,127.0,17.5,57.0,23
air_quality,2026-06-04T08:13:26+00:00,3117735,Madrid,ES,2026-05-15T09:00,40.4,-3.6999989,Europe/Madrid,5.8,3.4,121.0,10.8,65.0,26
air_quality,2026-06-04T08:13:26+00:00,3117735,Madrid,ES,2026-05-15T10:00,40.4,-3.6999989,Europe/Madrid,5.3,3.0,120.0,8.2,66.0,26
air_quality,2026-06-04T08:13:26+00:00,3117735,Madrid,ES,2026-05-15T11:00,40.4,-3.6999989,Europe/Madrid,5.0,2.5,117.0,5.3,69.0,28
air_quality,2026-06-04T08:13:26+00:00,3117735,Madrid,ES,2026-05-15T12:00,40.4,-3.6999989,Europe/Madrid,4.4,2.2,115.0,3.4,73.0,29
air_quality,2026-06-04T08:13:26+00:00,3117735,Madrid,ES,2026-05-15T13:00,40.4,-3.6999989,Europe/Madrid,3.8,2.4,114.0,2.9,74.0,30
air_quality,2026-06-04T08:13:26+00:00,3117735,Madrid,ES,2026-05-15T14:00,40.4,-3.6999989,Europe/Madrid,3.7,2.3,112.0,3.2,77.0,31
air_quality,2026-06-04T08:13:26+00:00,3117735,Madrid,ES,2026-05-15T15:00,40.4,-3.6999989,Europe/Madrid,3.6,2.0,113.0,2.9,79.0,32
air_quality,2026-06-04T08:13:26+00:00,3117735,Madrid,ES,2026-05-15T16:00,40.4,-3.6999989,Europe/Madrid,3.4,2.0,114.0,3.3,78.0,31
air_quality,2026-06-04T08:13:26+00:00,3117735,Madrid,ES,2026-05-15T17:00,40.4,-3.6999989,Europe/Madrid,3.1,2.0,115.0,3.3,81.0,32
air_quality,2026-06-04T08:13:26+00:00,3117735,Madrid,ES,2026-05-15T18:00,40.4,-3.6999989,Europe/Madrid,3.0,2.2,115.0,4.4,78.0,31
air_quality,2026-06-04T08:13:26+00:00,3117735,Madrid,ES,2026-05-15T19:00,40.4,-3.6999989,Europe/Madrid,3.0,2.0,116.0,5.3,77.0,31
air_quality,2026-06-04T08:13:26+00:00,3117735,Madrid,ES,2026-05-15T20:00,40.4,-3.6999989,Europe/Madrid,3.5,2.1,117.0,6.0,80.0,32
air_quality,2026-06-04T08:13:26+00:00,3117735,Madrid,ES,2026-05-15T21:00,40.4,-3.6999989,Europe/Madrid,4.4,2.6,119.0,9.8,76.0,30
air_quality,2026-06-04T08:13:26+00:00,3117735,Madrid,ES,2026-05-15T22:00,40.4,-3.6999989,Europe/Madrid,4.8,2.6,122.0,10.7,69.0,28
air_quality,2026-06-04T08:13:26+00:00,3117735,Madrid,ES,2026-05-15T23:00,40.4,-3.6999989,Europe/Madrid,4.9,2.6,122.0,9.3,67.0,27
air_quality,2026-06-04T08:13:26+00:00,3117735,Madrid,ES,2026-05-16T00:00,40.4,-3.6999989,Europe/Madrid,4.6,2.8,119.0,9.3,66.0,26
air_quality,2026-06-04T08:13:26+00:00,3117735,Madrid,ES,2026-05-16T01:00,40.4,-3.6999989,Europe/Madrid,4.4,2.7,119.0,8.4,62.0,25
air_quality,2026-06-04T08:13:26+00:00,3117735,Madrid,ES,2026-05-16T02:00,40.4,-3.6999989,Europe/Madrid,4.4,2.9,119.0,8.5,59.0,24
air_quality,2026-06-04T08:13:26+00:00,3117735,Madrid,ES,2026-05-16T03:00,40.4,-3.6999989,Europe/Madrid,4.9,2.4,119.0,8.4,59.0,24
air_quality,2026-06-04T08:13:26+00:00,3117735,Madrid,ES,2026-05-16T04:00,40.4,-3.6999989,Europe/Madrid,5.1,2.4,119.0,8.5,54.0,22
air_quality,2026-06-04T08:13:26+00:00,3117735,Madrid,ES,2026-05-16T05:00,40.4,-3.6999989,Europe/Madrid,5.5,3.3,121.0,9.2,47.0,19
air_quality,2026-06-04T08:13:26+00:00,3117735,Madrid,ES,2026-05-16T06:00,40.4,-3.6999989,Europe/Madrid,5.9,3.4,122.0,10.4,43.0,17
air_quality,2026-06-04T08:13:26+00:00,3117735,Madrid,ES,2026-05-16T07:00,40.4,-3.6999989,Europe/Madrid,6.5,3.8,128.0,12.4,38.0,15
air_quality,2026-06-04T08:13:26+00:00,3117735,Madrid,ES,2026-05-16T08:00,40.4,-3.6999989,Europe/Madrid,7.1,4.4,133.0,15.7,35.0,14
air_quality,2026-06-04T08:13:26+00:00,3117735,Madrid,ES,2026-05-16T09:00,40.4,-3.6999989,Europe/Madrid,6.5,4.1,130.0,9.9,50.0,20
air_quality,2026-06-04T08:13:26+00:00,3117735,Madrid,ES,2026-05-16T10:00,40.4,-3.6999989,Europe/Madrid,5.8,3.5,126.0,8.4,61.0,24
air_quality,2026-06-04T08:13:26+00:00,3117735,Madrid,ES,2026-05-16T11:00,40.4,-3.6999989,Europe/Madrid,5.7,3.6,121.0,5.9,68.0,27
air_quality,2026-06-04T08:13:26+00:00,3117735,Madrid,ES,2026-05-16T12:00,40.4,-3.6999989,Europe/Madrid,5.7,3.5,121.0,6.3,75.0,30
air_quality,2026-06-04T08:13:26+00:00,3117735,Madrid,ES,2026-05-16T13:00,40.4,-3.6999989,Europe/Madrid,5.6,3.6,120.0,6.2,83.0,33
air_quality,2026-06-04T08:13:26+00:00,3117735,Madrid,ES,2026-05-16T14:00,40.4,-3.6999989,Europe/Madrid,6.1,4.0,121.0,6.2,90.0,36
air_quality,2026-06-04T08:13:26+00:00,3117735,Madrid,ES,2026-05-16T15:00,40.4,-3.6999989,Europe/Madrid,7.4,4.6,121.0,5.9,99.0,40
air_quality,2026-06-04T08:13:26+00:00,3117735,Madrid,ES,2026-05-16T16:00,40.4,-3.6999989,Europe/Madrid,6.8,4.3,118.0,5.1,106.0,44
air_quality,2026-06-04T08:13:26+00:00,3117735,Madrid,ES,2026-05-16T17:00,40.4,-3.6999989,Europe/Madrid,6.2,3.8,116.0,4.1,104.0,43
air_quality,2026-06-04T08:13:26+00:00,3117735,Madrid,ES,2026-05-16T18:00,40.4,-3.6999989,Europe/Madrid,5.8,3.7,117.0,4.1,105.0,43
air_quality,2026-06-04T08:13:26+00:00,3117735,Madrid,ES,2026-05-16T19:00,40.4,-3.6999989,Europe/Madrid,5.5,3.9,120.0,5.8,101.0,41
air_quality,2026-06-04T08:13:26+00:00,3117735,Madrid,ES,2026-05-16T20:00,40.4,-3.6999989,Europe/Madrid,6.9,4.3,129.0,10.4,94.0,38
air_quality,2026-06-04T08:13:26+00:00,3117735,Madrid,ES,2026-05-16T21:00,40.4,-3.6999989,Europe/Madrid,7.4,4.9,132.0,14.2,89.0,36
air_quality,2026-06-04T08:13:26+00:00,3117735,Madrid,ES,2026-05-16T22:00,40.4,-3.6999989,Europe/Madrid,9.4,5.6,149.0,25.8,69.0,28
air_quality,2026-06-04T08:13:26+00:00,3117735,Madrid,ES,2026-05-16T23:00,40.4,-3.6999989,Europe/Madrid,9.5,7.9,151.0,37.7,46.0,19
air_quality,2026-06-04T08:13:26+00:00,3117735,Madrid,ES,2026-05-17T00:00,40.4,-3.6999989,Europe/Madrid,11.4,9.9,161.0,45.0,36.0,22
air_quality,2026-06-04T08:13:26+00:00,3117735,Madrid,ES,2026-05-17T01:00,40.4,-3.6999989,Europe/Madrid,11.4,8.9,154.0,45.1,36.0,22
air_quality,2026-06-04T08:13:26+00:00,3117735,Madrid,ES,2026-05-17T02:00,40.4,-3.6999989,Europe/Madrid,10.4,7.7,145.0,29.5,38.0,15
air_quality,2026-06-04T08:13:26+00:00,3117735,Madrid,ES,2026-05-17T03:00,40.4,-3.6999989,Europe/Madrid,7.4,4.3,126.0,14.0,47.0,19
air_quality,2026-06-04T08:13:26+00:00,3117735,Madrid,ES,2026-05-17T04:00,40.4,-3.6999989,Europe/Madrid,4.9,3.5,117.0,9.5,48.0,19
air_quality,2026-06-04T08:13:26+00:00,3117735,Madrid,ES,2026-05-17T05:00,40.4,-3.6999989,Europe/Madrid,4.8,3.4,115.0,6.9,52.0,21
air_quality,2026-06-04T08:13:26+00:00,3117735,Madrid,ES,2026-05-17T06:00,40.4,-3.6999989,Europe/Madrid,4.8,3.4,115.0,6.0,45.0,18
air_quality,2026-06-04T08:13:26+00:00,3117735,Madrid,ES,2026-05-17T07:00,40.4,-3.6999989,Europe/Madrid,5.0,3.3,116.0,6.7,46.0,18
air_quality,2026-06-04T08:13:26+00:00,3117735,Madrid,ES,2026-05-17T08:00,40.4,-3.6999989,Europe/Madrid,5.1,3.7,120.0,8.2,44.0,18
air_quality,2026-06-04T08:13:26+00:00,3117735,Madrid,ES,2026-05-17T09:00,40.4,-3.6999989,Europe/Madrid,5.6,3.4,119.0,6.8,54.0,22
air_quality,2026-06-04T08:13:26+00:00,3117735,Madrid,ES,2026-05-17T10:00,40.4,-3.6999989,Europe/Madrid,5.3,3.6,119.0,6.2,64.0,26
air_quality,2026-06-04T08:13:26+00:00,3117735,Madrid,ES,2026-05-17T11:00,40.4,-3.6999989,Europe/Madrid,5.4,3.7,120.0,6.2,66.0,26
air_quality,2026-06-04T08:13:26+00:00,3117735,Madrid,ES,2026-05-17T12:00,40.4,-3.6999989,Europe/Madrid,6.0,3.6,120.0,6.7,66.0,26
air_quality,2026-06-04T08:13:26+00:00,3117735,Madrid,ES,2026-05-17T13:00,40.4,-3.6999989,Europe/Madrid,6.2,4.0,119.0,6.8,80.0,32
air_quality,2026-06-04T08:13:26+00:00,3117735,Madrid,ES,2026-05-17T14:00,40.4,-3.6999989,Europe/Madrid,6.2,4.4,120.0,6.0,87.0,35
air_quality,2026-06-04T08:13:26+00:00,3117735,Madrid,ES,2026-05-17T15:00,40.4,-3.6999989,Europe/Madrid,6.4,4.3,116.0,6.0,95.0,38
air_quality,2026-06-04T08:13:26+00:00,3117735,Madrid,ES,2026-05-17T16:00,40.4,-3.6999989,Europe/Madrid,4.9,3.7,114.0,2.9,97.0,39
air_quality,2026-06-04T08:13:26+00:00,3117735,Madrid,ES,2026-05-17T17:00,40.4,-3.6999989,Europe/Madrid,4.2,3.2,113.0,1.8,96.0,38
air_quality,2026-06-04T08:13:26+00:00,3117735,Madrid,ES,2026-05-17T18:00,40.4,-3.6999989,Europe/Madrid,4.0,2.9,110.0,2.0,88.0,35
air_quality,2026-06-04T08:13:26+00:00,3117735,Madrid,ES,2026-05-17T19:00,40.4,-3.6999989,Europe/Madrid,4.3,2.6,112.0,2.7,79.0,32
air_quality,2026-06-04T08:13:26+00:00,3117735,Madrid,ES,2026-05-17T20:00,40.4,-3.6999989,Europe/Madrid,4.1,2.9,114.0,4.8,77.0,31
air_quality,2026-06-04T08:13:26+00:00,3117735,Madrid,ES,2026-05-17T21:00,40.4,-3.6999989,Europe/Madrid,4.6,3.3,118.0,7.1,75.0,30
air_quality,2026-06-04T08:13:26+00:00,3117735,Madrid,ES,2026-05-17T22:00,40.4,-3.6999989,Europe/Madrid,5.2,3.9,130.0,17.1,62.0,25
air_quality,2026-06-04T08:13:26+00:00,3117735,Madrid,ES,2026-05-17T23:00,40.4,-3.6999989,Europe/Madrid,6.5,4.3,133.0,21.3,48.0,19
air_quality,2026-06-04T08:13:26+00:00,3117735,Madrid,ES,2026-05-18T00:00,40.4,-3.6999989,Europe/Madrid,7.3,4.5,133.0,17.3,42.0,17
air_quality,2026-06-04T08:13:26+00:00,3117735,Madrid,ES,2026-05-18T01:00,40.4,-3.6999989,Europe/Madrid,7.1,5.1,129.0,15.4,46.0,18
air_quality,2026-06-04T08:13:26+00:00,3117735,Madrid,ES,2026-05-18T02:00,40.4,-3.6999989,Europe/Madrid,6.6,4.7,128.0,13.4,42.0,17
air_quality,2026-06-04T08:13:26+00:00,3117735,Madrid,ES,2026-05-18T03:00,40.4,-3.6999989,Europe/Madrid,6.6,4.8,128.0,14.3,41.0,16
air_quality,2026-06-04T08:13:26+00:00,3117735,Madrid,ES,2026-05-18T04:00,40.4,-3.6999989,Europe/Madrid,6.3,4.5,126.0,14.4,41.0,16
air_quality,2026-06-04T08:13:26+00:00,3117735,Madrid,ES,2026-05-18T05:00,40.4,-3.6999989,Europe/Madrid,5.8,4.2,121.0,11.4,40.0,16
air_quality,2026-06-04T08:13:26+00:00,3117735,Madrid,ES,2026-05-18T06:00,40.4,-3.6999989,Europe/Madrid,6.1,4.5,122.0,13.8,34.0,14
air_quality,2026-06-04T08:13:26+00:00,3117735,Madrid,ES,2026-05-18T07:00,40.4,-3.6999989,Europe/Madrid,7.9,5.4,137.0,21.3,24.0,11
air_quality,2026-06-04T08:13:26+00:00,3117735,Madrid,ES,2026-05-18T08:00,40.4,-3.6999989,Europe/Madrid,9.8,6.8,158.0,33.7,16.0,17
air_quality,2026-06-04T08:13:26+00:00,3117735,Madrid,ES,2026-05-18T09:00,40.4,-3.6999989,Europe/Madrid,10.7,8.2,151.0,28.1,22.0,14
air_quality,2026-06-04T08:13:26+00:00,3117735,Madrid,ES,2026-05-18T10:00,40.4,-3.6999989,Europe/Madrid,10.9,9.0,150.0,25.0,33.0,13
air_quality,2026-06-04T08:13:26+00:00,3117735,Madrid,ES,2026-05-18T11:00,40.4,-3.6999989,Europe/Madrid,10.4,8.7,144.0,22.6,39.0,16
air_quality,2026-06-04T08:13:26+00:00,3117735,Madrid,ES,2026-05-18T12:00,40.4,-3.6999989,Europe/Madrid,8.9,7.6,135.0,19.0,54.0,22
air_quality,2026-06-04T08:13:26+00:00,3117735,Madrid,ES,2026-05-18T13:00,40.4,-3.6999989,Europe/Madrid,8.4,5.7,127.0,13.9,69.0,28
air_quality,2026-06-04T08:13:26+00:00,3117735,Madrid,ES,2026-05-18T14:00,40.4,-3.6999989,Europe/Madrid,6.1,4.7,118.0,5.9,87.0,35
air_quality,2026-06-04T08:13:26+00:00,3117735,Madrid,ES,2026-05-18T15:00,40.4,-3.6999989,Europe/Madrid,4.8,3.6,111.0,3.3,90.0,36
air_quality,2026-06-04T08:13:26+00:00,3117735,Madrid,ES,2026-05-18T16:00,40.4,-3.6999989,Europe/Madrid,4.6,3.3,110.0,3.1,87.0,35
air_quality,2026-06-04T08:13:26+00:00,3117735,Madrid,ES,2026-05-18T17:00,40.4,-3.6999989,Europe/Madrid,4.8,3.2,110.0,3.5,85.0,34
air_quality,2026-06-04T08:13:26+00:00,3117735,Madrid,ES,2026-05-18T18:00,40.4,-3.6999989,Europe/Madrid,5.0,3.1,111.0,4.2,83.0,33
air_quality,2026-06-04T08:13:26+00:00,3117735,Madrid,ES,2026-05-18T19:00,40.4,-3.6999989,Europe/Madrid,5.0,3.2,111.0,4.7,79.0,32
air_quality,2026-06-04T08:13:26+00:00,3117735,Madrid,ES,2026-05-18T20:00,40.4,-3.6999989,Europe/Madrid,5.0,3.5,114.0,6.3,73.0,29
air_quality,2026-06-04T08:13:26+00:00,3117735,Madrid,ES,2026-05-18T21:00,40.4,-3.6999989,Europe/Madrid,5.5,3.5,116.0,8.0,70.0,28
air_quality,2026-06-04T08:13:26+00:00,3117735,Madrid,ES,2026-05-18T22:00,40.4,-3.6999989,Europe/Madrid,6.2,3.8,117.0,8.6,70.0,28
air_quality,2026-06-04T08:13:26+00:00,3117735,Madrid,ES,2026-05-18T23:00,40.4,-3.6999989,Europe/Madrid,6.8,4.2,119.0,8.0,66.0,26
air_quality,2026-06-04T08:13:26+00:00,3117735,Madrid,ES,2026-05-19T00:00,40.4,-3.6999989,Europe/Madrid,6.9,4.8,118.0,8.0,60.0,24
air_quality,2026-06-04T08:13:26+00:00,3117735,Madrid,ES,2026-05-19T01:00,40.4,-3.6999989,Europe/Madrid,7.2,5.3,118.0,8.9,51.0,20
air_quality,2026-06-04T08:13:26+00:00,3117735,Madrid,ES,2026-05-19T02:00,40.4,-3.6999989,Europe/Madrid,7.2,5.6,118.0,8.5,44.0,18
air_quality,2026-06-04T08:13:26+00:00,3117735,Madrid,ES,2026-05-19T03:00,40.4,-3.6999989,Europe/Madrid,7.1,4.6,120.0,9.6,43.0,17
air_quality,2026-06-04T08:13:26+00:00,3117735,Madrid,ES,2026-05-19T04:00,40.4,-3.6999989,Europe/Madrid,7.1,4.7,122.0,8.4,41.0,16
air_quality,2026-06-04T08:13:26+00:00,3117735,Madrid,ES,2026-05-19T05:00,40.4,-3.6999989,Europe/Madrid,7.3,5.1,123.0,8.8,36.0,14
air_quality,2026-06-04T08:13:26+00:00,3117735,Madrid,ES,2026-05-19T06:00,40.4,-3.6999989,Europe/Madrid,8.4,5.7,126.0,12.0,31.0,12
air_quality,2026-06-04T08:13:26+00:00,3117735,Madrid,ES,2026-05-19T07:00,40.4,-3.6999989,Europe/Madrid,9.7,7.0,136.0,21.0,27.0,11
air_quality,2026-06-04T08:13:26+00:00,3117735,Madrid,ES,2026-05-19T08:00,40.4,-3.6999989,Europe/Madrid,13.4,8.5,157.0,31.1,13.0,16
air_quality,2026-06-04T08:13:26+00:00,3117735,Madrid,ES,2026-05-19T09:00,40.4,-3.6999989,Europe/Madrid,12.7,9.0,157.0,30.1,22.0,15
air_quality,2026-06-04T08:13:26+00:00,3117735,Madrid,ES,2026-05-19T10:00,40.4,-3.6999989,Europe/Madrid,12.0,7.7,154.0,24.5,41.0,16
air_quality,2026-06-04T08:13:26+00:00,3117735,Madrid,ES,2026-05-19T11:00,40.4,-3.6999989,Europe/Madrid,11.0,6.4,142.0,17.7,57.0,23
air_quality,2026-06-04T08:13:26+00:00,3117735,Madrid,ES,2026-05-19T12:00,40.4,-3.6999989,Europe/Madrid,8.7,5.8,127.0,9.9,71.0,28
air_quality,2026-06-04T08:13:26+00:00,3117735,Madrid,ES,2026-05-19T13:00,40.4,-3.6999989,Europe/Madrid,7.5,4.9,120.0,5.8,88.0,35
air_quality,2026-06-04T08:13:26+00:00,3117735,Madrid,ES,2026-05-19T14:00,40.4,-3.6999989,Europe/Madrid,7.4,5.0,115.0,4.0,95.0,38
air_quality,2026-06-04T08:13:26+00:00,3117735,Madrid,ES,2026-05-19T15:00,40.4,-3.6999989,Europe/Madrid,7.3,4.7,114.0,4.0,96.0,38
air_quality,2026-06-04T08:13:26+00:00,3117735,Madrid,ES,2026-05-19T16:00,40.4,-3.6999989,Europe/Madrid,7.0,4.5,113.0,4.2,96.0,38
air_quality,2026-06-04T08:13:26+00:00,3117735,Madrid,ES,2026-05-19T17:00,40.4,-3.6999989,Europe/Madrid,6.7,4.2,113.0,4.3,95.0,38
air_quality,2026-06-04T08:13:26+00:00,3117735,Madrid,ES,2026-05-19T18:00,40.4,-3.6999989,Europe/Madrid,6.8,4.0,112.0,5.1,91.0,36
air_quality,2026-06-04T08:13:26+00:00,3117735,Madrid,ES,2026-05-19T19:00,40.4,-3.6999989,Europe/Madrid,6.4,3.8,114.0,7.6,85.0,34
air_quality,2026-06-04T08:13:26+00:00,3117735,Madrid,ES,2026-05-19T20:00,40.4,-3.6999989,Europe/Madrid,6.6,3.9,114.0,10.5,79.0,32
air_quality,2026-06-04T08:13:26+00:00,3117735,Madrid,ES,2026-05-19T21:00,40.4,-3.6999989,Europe/Madrid,6.9,4.4,115.0,9.5,68.0,27
air_quality,2026-06-04T08:13:26+00:00,3117735,Madrid,ES,2026-05-19T22:00,40.4,-3.6999989,Europe/Madrid,8.2,5.3,118.0,10.3,54.0,22
air_quality,2026-06-04T08:13:26+00:00,3117735,Madrid,ES,2026-05-19T23:00,40.4,-3.6999989,Europe/Madrid,8.7,5.4,121.0,13.9,50.0,20
air_quality,2026-06-04T08:13:26+00:00,3117735,Madrid,ES,2026-05-20T00:00,40.4,-3.6999989,Europe/Madrid,8.9,6.4,128.0,20.4,42.0,17
air_quality,2026-06-04T08:13:26+00:00,3117735,Madrid,ES,2026-05-20T01:00,40.4,-3.6999989,Europe/Madrid,9.1,5.8,123.0,18.7,35.0,14
air_quality,2026-06-04T08:13:26+00:00,3117735,Madrid,ES,2026-05-20T02:00,40.4,-3.6999989,Europe/Madrid,9.8,6.1,120.0,15.8,32.0,13
air_quality,2026-06-04T08:13:26+00:00,3117735,Madrid,ES,2026-05-20T03:00,40.4,-3.6999989,Europe/Madrid,9.3,6.6,119.0,16.0,35.0,14
air_quality,2026-06-04T08:13:26+00:00,3117735,Madrid,ES,2026-05-20T04:00,40.4,-3.6999989,Europe/Madrid,9.1,6.8,116.0,15.7,32.0,13
air_quality,2026-06-04T08:13:26+00:00,3117735,Madrid,ES,2026-05-20T05:00,40.4,-3.6999989,Europe/Madrid,9.4,7.2,115.0,14.8,29.0,12
air_quality,2026-06-04T08:13:26+00:00,3117735,Madrid,ES,2026-05-20T06:00,40.4,-3.6999989,Europe/Madrid,10.1,7.9,122.0,22.3,22.0,12
air_quality,2026-06-04T08:13:26+00:00,3117735,Madrid,ES,2026-05-20T07:00,40.4,-3.6999989,Europe/Madrid,10.3,8.7,127.0,22.2,18.0,12
air_quality,2026-06-04T08:13:26+00:00,3117735,Madrid,ES,2026-05-20T08:00,40.4,-3.6999989,Europe/Madrid,11.4,8.8,131.0,25.6,17.0,13
air_quality,2026-06-04T08:13:26+00:00,3117735,Madrid,ES,2026-05-20T09:00,40.4,-3.6999989,Europe/Madrid,10.5,7.7,128.0,19.3,26.0,12
air_quality,2026-06-04T08:13:26+00:00,3117735,Madrid,ES,2026-05-20T10:00,40.4,-3.6999989,Europe/Madrid,8.9,7.2,126.0,16.9,39.0,16
air_quality,2026-06-04T08:13:26+00:00,3117735,Madrid,ES,2026-05-20T11:00,40.4,-3.6999989,Europe/Madrid,8.9,7.0,125.0,13.4,49.0,20
air_quality,2026-06-04T08:13:26+00:00,3117735,Madrid,ES,2026-05-20T12:00,40.4,-3.6999989,Europe/Madrid,9.3,6.5,124.0,11.3,63.0,25
air_quality,2026-06-04T08:13:26+00:00,3117735,Madrid,ES,2026-05-20T13:00,40.4,-3.6999989,Europe/Madrid,9.7,6.4,122.0,9.9,83.0,33
air_quality,2026-06-04T08:13:26+00:00,3117735,Madrid,ES,2026-05-20T14:00,40.4,-3.6999989,Europe/Madrid,10.3,6.7,122.0,8.7,96.0,38
air_quality,2026-06-04T08:13:26+00:00,3117735,Madrid,ES,2026-05-20T15:00,40.4,-3.6999989,Europe/Madrid,10.9,7.0,124.0,8.2,109.0,46
air_quality,2026-06-04T08:13:26+00:00,3117735,Madrid,ES,2026-05-20T16:00,40.4,-3.6999989,Europe/Madrid,11.4,7.2,125.0,8.9,121.0,54
air_quality,2026-06-04T08:13:26+00:00,3117735,Madrid,ES,2026-05-20T17:00,40.4,-3.6999989,Europe/Madrid,11.1,6.9,124.0,8.9,125.0,57
air_quality,2026-06-04T08:13:26+00:00,3117735,Madrid,ES,2026-05-20T18:00,40.4,-3.6999989,Europe/Madrid,10.8,6.9,123.0,9.2,125.0,57
air_quality,2026-06-04T08:13:26+00:00,3117735,Madrid,ES,2026-05-20T19:00,40.4,-3.6999989,Europe/Madrid,10.4,6.8,122.0,11.1,120.0,53
air_quality,2026-06-04T08:13:26+00:00,3117735,Madrid,ES,2026-05-20T20:00,40.4,-3.6999989,Europe/Madrid,9.7,7.0,123.0,14.1,111.0,47
air_quality,2026-06-04T08:13:26+00:00,3117735,Madrid,ES,2026-05-20T21:00,40.4,-3.6999989,Europe/Madrid,10.4,7.4,129.0,17.3,98.0,39
air_quality,2026-06-04T08:13:26+00:00,3117735,Madrid,ES,2026-05-20T22:00,40.4,-3.6999989,Europe/Madrid,12.6,9.0,137.0,27.2,80.0,32
air_quality,2026-06-04T08:13:26+00:00,3117735,Madrid,ES,2026-05-20T23:00,40.4,-3.6999989,Europe/Madrid,13.5,8.9,132.0,24.9,72.0,29
air_quality,2026-06-04T08:13:26+00:00,3117735,Madrid,ES,2026-05-21T00:00,40.4,-3.6999989,Europe/Madrid,12.8,8.9,130.0,20.8,67.0,27
air_quality,2026-06-04T08:13:26+00:00,3117735,Madrid,ES,2026-05-21T01:00,40.4,-3.6999989,Europe/Madrid,11.8,7.8,129.0,19.8,58.0,23
air_quality,2026-06-04T08:13:26+00:00,3117735,Madrid,ES,2026-05-21T02:00,40.4,-3.6999989,Europe/Madrid,11.0,7.4,134.0,24.4,55.0,22
air_quality,2026-06-04T08:13:26+00:00,3117735,Madrid,ES,2026-05-21T03:00,40.4,-3.6999989,Europe/Madrid,10.0,6.5,127.0,19.0,53.0,21
air_quality,2026-06-04T08:13:26+00:00,3117735,Madrid,ES,2026-05-21T04:00,40.4,-3.6999989,Europe/Madrid,9.8,5.7,120.0,14.7,47.0,19
air_quality,2026-06-04T08:13:26+00:00,3117735,Madrid,ES,2026-05-21T05:00,40.4,-3.6999989,Europe/Madrid,9.5,6.1,119.0,13.6,46.0,18
air_quality,2026-06-04T08:13:26+00:00,3117735,Madrid,ES,2026-05-21T06:00,40.4,-3.6999989,Europe/Madrid,9.5,6.6,121.0,14.8,40.0,16
air_quality,2026-06-04T08:13:26+00:00,3117735,Madrid,ES,2026-05-21T07:00,40.4,-3.6999989,Europe/Madrid,10.0,7.7,130.0,20.7,33.0,15
air_quality,2026-06-04T08:13:26+00:00,3117735,Madrid,ES,2026-05-21T08:00,40.4,-3.6999989,Europe/Madrid,11.6,8.7,142.0,32.1,26.0,16
air_quality,2026-06-04T08:13:26+00:00,3117735,Madrid,ES,2026-05-21T09:00,40.4,-3.6999989,Europe/Madrid,12.1,7.9,144.0,25.9,36.0,14
air_quality,2026-06-04T08:13:26+00:00,3117735,Madrid,ES,2026-05-21T10:00,40.4,-3.6999989,Europe/Madrid,12.4,7.0,135.0,22.5,51.0,20
air_quality,2026-06-04T08:13:26+00:00,3117735,Madrid,ES,2026-05-21T11:00,40.4,-3.6999989,Europe/Madrid,11.9,7.1,128.0,15.8,65.0,26
air_quality,2026-06-04T08:13:26+00:00,3117735,Madrid,ES,2026-05-21T12:00,40.4,-3.6999989,Europe/Madrid,11.7,6.9,125.0,12.0,82.0,33
air_quality,2026-06-04T08:13:26+00:00,3117735,Madrid,ES,2026-05-21T13:00,40.4,-3.6999989,Europe/Madrid,12.1,6.3,119.0,9.4,95.0,38
air_quality,2026-06-04T08:13:26+00:00,3117735,Madrid,ES,2026-05-21T14:00,40.4,-3.6999989,Europe/Madrid,11.9,6.0,120.0,6.7,105.0,43
air_quality,2026-06-04T08:13:26+00:00,3117735,Madrid,ES,2026-05-21T15:00,40.4,-3.6999989,Europe/Madrid,10.1,5.7,116.0,5.1,112.0,48
air_quality,2026-06-04T08:13:26+00:00,3117735,Madrid,ES,2026-05-21T16:00,40.4,-3.6999989,Europe/Madrid,8.4,5.7,114.0,5.9,110.0,47
air_quality,2026-06-04T08:13:26+00:00,3117735,Madrid,ES,2026-05-21T17:00,40.4,-3.6999989,Europe/Madrid,7.9,5.4,113.0,6.3,109.0,46
air_quality,2026-06-04T08:13:26+00:00,3117735,Madrid,ES,2026-05-21T18:00,40.4,-3.6999989,Europe/Madrid,7.3,4.6,113.0,7.2,106.0,44
air_quality,2026-06-04T08:13:26+00:00,3117735,Madrid,ES,2026-05-21T19:00,40.4,-3.6999989,Europe/Madrid,6.9,4.4,113.0,9.5,99.0,40
air_quality,2026-06-04T08:13:26+00:00,3117735,Madrid,ES,2026-05-21T20:00,40.4,-3.6999989,Europe/Madrid,6.7,4.8,116.0,11.6,91.0,36
air_quality,2026-06-04T08:13:26+00:00,3117735,Madrid,ES,2026-05-21T21:00,40.4,-3.6999989,Europe/Madrid,8.1,5.9,122.0,15.7,83.0,33
air_quality,2026-06-04T08:13:26+00:00,3117735,Madrid,ES,2026-05-21T22:00,40.4,-3.6999989,Europe/Madrid,9.1,6.0,131.0,26.8,68.0,27
air_quality,2026-06-04T08:13:26+00:00,3117735,Madrid,ES,2026-05-21T23:00,40.4,-3.6999989,Europe/Madrid,11.7,7.3,141.0,29.5,56.0,22
air_quality,2026-06-04T08:13:26+00:00,3117735,Madrid,ES,2026-05-22T00:00,40.4,-3.6999989,Europe/Madrid,10.8,7.4,135.0,26.5,54.0,22
air_quality,2026-06-04T08:13:26+00:00,3117735,Madrid,ES,2026-05-22T01:00,40.4,-3.6999989,Europe/Madrid,11.8,7.9,140.0,29.1,50.0,20
air_quality,2026-06-04T08:13:26+00:00,3117735,Madrid,ES,2026-05-22T02:00,40.4,-3.6999989,Europe/Madrid,10.7,7.6,141.0,29.8,43.0,17
air_quality,2026-06-04T08:13:26+00:00,3117735,Madrid,ES,2026-05-22T03:00,40.4,-3.6999989,Europe/Madrid,9.3,6.8,127.0,23.8,47.0,19
air_quality,2026-06-04T08:13:26+00:00,3117735,Madrid,ES,2026-05-22T04:00,40.4,-3.6999989,Europe/Madrid,9.8,6.3,123.0,19.8,42.0,17
air_quality,2026-06-04T08:13:26+00:00,3117735,Madrid,ES,2026-05-22T05:00,40.4,-3.6999989,Europe/Madrid,10.1,6.3,125.0,19.9,39.0,16
air_quality,2026-06-04T08:13:26+00:00,3117735,Madrid,ES,2026-05-22T06:00,40.4,-3.6999989,Europe/Madrid,9.5,6.5,127.0,21.3,36.0,14
air_quality,2026-06-04T08:13:26+00:00,3117735,Madrid,ES,2026-05-22T07:00,40.4,-3.6999989,Europe/Madrid,10.0,7.5,134.0,28.5,28.0,14
air_quality,2026-06-04T08:13:26+00:00,3117735,Madrid,ES,2026-05-22T08:00,40.4,-3.6999989,Europe/Madrid,12.1,8.9,150.0,37.7,21.0,19
air_quality,2026-06-04T08:13:26+00:00,3117735,Madrid,ES,2026-05-22T09:00,40.4,-3.6999989,Europe/Madrid,12.0,8.7,156.0,33.3,30.0,17
air_quality,2026-06-04T08:13:26+00:00,3117735,Madrid,ES,2026-05-22T10:00,40.4,-3.6999989,Europe/Madrid,10.5,6.4,138.0,25.6,51.0,20
air_quality,2026-06-04T08:13:26+00:00,3117735,Madrid,ES,2026-05-22T11:00,40.4,-3.6999989,Europe/Madrid,10.2,6.0,128.0,16.5,65.0,26
air_quality,2026-06-04T08:13:26+00:00,3117735,Madrid,ES,2026-05-22T12:00,40.4,-3.6999989,Europe/Madrid,9.7,5.3,121.0,11.4,84.0,34
air_quality,2026-06-04T08:13:26+00:00,3117735,Madrid,ES,2026-05-22T13:00,40.4,-3.6999989,Europe/Madrid,9.7,4.9,117.0,8.5,97.0,39
air_quality,2026-06-04T08:13:26+00:00,3117735,Madrid,ES,2026-05-22T14:00,40.4,-3.6999989,Europe/Madrid,9.4,4.9,116.0,6.3,109.0,46
air_quality,2026-06-04T08:13:26+00:00,3117735,Madrid,ES,2026-05-22T15:00,40.4,-3.6999989,Europe/Madrid,9.0,4.6,114.0,4.7,112.0,48
air_quality,2026-06-04T08:13:26+00:00,3117735,Madrid,ES,2026-05-22T16:00,40.4,-3.6999989,Europe/Madrid,8.0,4.4,112.0,5.0,106.0,44
air_quality,2026-06-04T08:13:26+00:00,3117735,Madrid,ES,2026-05-22T17:00,40.4,-3.6999989,Europe/Madrid,7.1,4.4,112.0,5.0,106.0,44
air_quality,2026-06-04T08:13:26+00:00,3117735,Madrid,ES,2026-05-22T18:00,40.4,-3.6999989,Europe/Madrid,6.4,4.1,113.0,6.3,106.0,44
air_quality,2026-06-04T08:13:26+00:00,3117735,Madrid,ES,2026-05-22T19:00,40.4,-3.6999989,Europe/Madrid,5.8,3.9,114.0,8.5,104.0,43
air_quality,2026-06-04T08:13:26+00:00,3117735,Madrid,ES,2026-05-22T20:00,40.4,-3.6999989,Europe/Madrid,5.5,4.0,115.0,11.1,99.0,40
air_quality,2026-06-04T08:13:26+00:00,3117735,Madrid,ES,2026-05-22T21:00,40.4,-3.6999989,Europe/Madrid,6.4,4.8,120.0,12.7,90.0,36
air_quality,2026-06-04T08:13:26+00:00,3117735,Madrid,ES,2026-05-22T22:00,40.4,-3.6999989,Europe/Madrid,7.5,5.1,125.0,16.9,83.0,33
air_quality,2026-06-04T08:13:26+00:00,3117735,Madrid,ES,2026-05-22T23:00,40.4,-3.6999989,Europe/Madrid,7.8,5.3,126.0,19.4,75.0,30
air_quality,2026-06-04T08:13:26+00:00,3117735,Madrid,ES,2026-05-23T00:00,40.4,-3.6999989,Europe/Madrid,7.6,5.6,125.0,16.9,72.0,29
air_quality,2026-06-04T08:13:26+00:00,3117735,Madrid,ES,2026-05-23T01:00,40.4,-3.6999989,Europe/Madrid,7.3,5.3,122.0,13.2,75.0,30
air_quality,2026-06-04T08:13:26+00:00,3117735,Madrid,ES,2026-05-23T02:00,40.4,-3.6999989,Europe/Madrid,7.1,5.3,116.0,11.9,68.0,27
air_quality,2026-06-04T08:13:26+00:00,3117735,Madrid,ES,2026-05-23T03:00,40.4,-3.6999989,Europe/Madrid,7.4,5.5,116.0,11.4,60.0,24
air_quality,2026-06-04T08:13:26+00:00,3117735,Madrid,ES,2026-05-23T04:00,40.4,-3.6999989,Europe/Madrid,7.7,5.6,117.0,12.9,59.0,24
air_quality,2026-06-04T08:13:26+00:00,3117735,Madrid,ES,2026-05-23T05:00,40.4,-3.6999989,Europe/Madrid,7.9,5.7,114.0,11.5,54.0,22
air_quality,2026-06-04T08:13:26+00:00,3117735,Madrid,ES,2026-05-23T06:00,40.4,-3.6999989,Europe/Madrid,8.3,5.8,116.0,10.0,52.0,21
air_quality,2026-06-04T08:13:26+00:00,3117735,Madrid,ES,2026-05-23T07:00,40.4,-3.6999989,Europe/Madrid,8.7,6.1,119.0,10.8,49.0,20
air_quality,2026-06-04T08:13:26+00:00,3117735,Madrid,ES,2026-05-23T08:00,40.4,-3.6999989,Europe/Madrid,9.3,6.3,125.0,11.5,49.0,20
air_quality,2026-06-04T08:13:26+00:00,3117735,Madrid,ES,2026-05-23T09:00,40.4,-3.6999989,Europe/Madrid,8.9,5.9,122.0,8.0,56.0,22
air_quality,2026-06-04T08:13:26+00:00,3117735,Madrid,ES,2026-05-23T10:00,40.4,-3.6999989,Europe/Madrid,8.4,5.5,118.0,6.4,72.0,29
air_quality,2026-06-04T08:13:26+00:00,3117735,Madrid,ES,2026-05-23T11:00,40.4,-3.6999989,Europe/Madrid,8.1,5.5,115.0,4.7,83.0,33
air_quality,2026-06-04T08:13:26+00:00,3117735,Madrid,ES,2026-05-23T12:00,40.4,-3.6999989,Europe/Madrid,8.0,5.3,115.0,4.5,94.0,38
air_quality,2026-06-04T08:13:26+00:00,3117735,Madrid,ES,2026-05-23T13:00,40.4,-3.6999989,Europe/Madrid,7.8,4.9,115.0,4.5,103.0,42
air_quality,2026-06-04T08:13:26+00:00,3117735,Madrid,ES,2026-05-23T14:00,40.4,-3.6999989,Europe/Madrid,7.5,4.7,115.0,4.6,111.0,47
air_quality,2026-06-04T08:13:26+00:00,3117735,Madrid,ES,2026-05-23T15:00,40.4,-3.6999989,Europe/Madrid,7.2,4.6,114.0,4.2,116.0,51
air_quality,2026-06-04T08:13:26+00:00,3117735,Madrid,ES,2026-05-23T16:00,40.4,-3.6999989,Europe/Madrid,6.5,4.4,112.0,3.4,119.0,53
air_quality,2026-06-04T08:13:26+00:00,3117735,Madrid,ES,2026-05-23T17:00,40.4,-3.6999989,Europe/Madrid,6.0,4.2,112.0,2.8,115.0,50
air_quality,2026-06-04T08:13:26+00:00,3117735,Madrid,ES,2026-05-23T18:00,40.4,-3.6999989,Europe/Madrid,5.9,4.3,112.0,3.2,112.0,48
air_quality,2026-06-04T08:13:26+00:00,3117735,Madrid,ES,2026-05-23T19:00,40.4,-3.6999989,Europe/Madrid,5.8,4.5,112.0,4.6,107.0,45
air_quality,2026-06-04T08:13:26+00:00,3117735,Madrid,ES,2026-05-23T20:00,40.4,-3.6999989,Europe/Madrid,6.4,4.5,113.0,7.1,102.0,41
air_quality,2026-06-04T08:13:26+00:00,3117735,Madrid,ES,2026-05-23T21:00,40.4,-3.6999989,Europe/Madrid,8.0,5.5,118.0,10.9,92.0,37
air_quality,2026-06-04T08:13:26+00:00,3117735,Madrid,ES,2026-05-23T22:00,40.4,-3.6999989,Europe/Madrid,9.6,6.0,136.0,29.8,74.0,30
air_quality,2026-06-04T08:13:26+00:00,3117735,Madrid,ES,2026-05-23T23:00,40.4,-3.6999989,Europe/Madrid,9.4,6.3,140.0,31.7,61.0,24
air_quality,2026-06-04T08:13:26+00:00,3117735,Madrid,ES,2026-05-24T00:00,40.4,-3.6999989,Europe/Madrid,8.7,5.9,134.0,26.2,57.0,23
air_quality,2026-06-04T08:13:26+00:00,3117735,Madrid,ES,2026-05-24T01:00,40.4,-3.6999989,Europe/Madrid,8.7,6.2,138.0,26.7,50.0,20
air_quality,2026-06-04T08:13:26+00:00,3117735,Madrid,ES,2026-05-24T02:00,40.4,-3.6999989,Europe/Madrid,9.0,6.5,125.0,24.8,53.0,21
air_quality,2026-06-04T08:13:26+00:00,3117735,Madrid,ES,2026-05-24T03:00,40.4,-3.6999989,Europe/Madrid,9.0,6.1,122.0,23.7,52.0,21
air_quality,2026-06-04T08:13:26+00:00,3117735,Madrid,ES,2026-05-24T04:00,40.4,-3.6999989,Europe/Madrid,9.5,6.2,121.0,20.2,50.0,20
air_quality,2026-06-04T08:13:26+00:00,3117735,Madrid,ES,2026-05-24T05:00,40.4,-3.6999989,Europe/Madrid,9.7,6.3,120.0,16.3,51.0,20
air_quality,2026-06-04T08:13:26+00:00,3117735,Madrid,ES,2026-05-24T06:00,40.4,-3.6999989,Europe/Madrid,9.8,6.4,119.0,14.2,47.0,19
air_quality,2026-06-04T08:13:26+00:00,3117735,Madrid,ES,2026-05-24T07:00,40.4,-3.6999989,Europe/Madrid,10.5,6.6,122.0,13.9,47.0,19
air_quality,2026-06-04T08:13:26+00:00,3117735,Madrid,ES,2026-05-24T08:00,40.4,-3.6999989,Europe/Madrid,9.2,5.9,126.0,11.6,49.0,20
air_quality,2026-06-04T08:13:26+00:00,3117735,Madrid,ES,2026-05-24T09:00,40.4,-3.6999989,Europe/Madrid,9.4,6.1,123.0,8.3,54.0,22
air_quality,2026-06-04T08:13:26+00:00,3117735,Madrid,ES,2026-05-24T10:00,40.4,-3.6999989,Europe/Madrid,8.7,5.8,117.0,7.1,62.0,25
air_quality,2026-06-04T08:13:26+00:00,3117735,Madrid,ES,2026-05-24T11:00,40.4,-3.6999989,Europe/Madrid,7.9,5.1,114.0,5.0,72.0,29
air_quality,2026-06-04T08:13:26+00:00,3117735,Madrid,ES,2026-05-24T12:00,40.4,-3.6999989,Europe/Madrid,8.0,4.7,112.0,4.7,85.0,34
air_quality,2026-06-04T08:13:26+00:00,3117735,Madrid,ES,2026-05-24T13:00,40.4,-3.6999989,Europe/Madrid,8.0,4.6,109.0,4.6,97.0,39
air_quality,2026-06-04T08:13:26+00:00,3117735,Madrid,ES,2026-05-24T14:00,40.4,-3.6999989,Europe/Madrid,7.7,4.4,109.0,4.4,103.0,42
air_quality,2026-06-04T08:13:26+00:00,3117735,Madrid,ES,2026-05-24T15:00,40.4,-3.6999989,Europe/Madrid,7.4,4.2,108.0,3.6,104.0,43
air_quality,2026-06-04T08:13:26+00:00,3117735,Madrid,ES,2026-05-24T16:00,40.4,-3.6999989,Europe/Madrid,7.4,4.2,108.0,2.6,104.0,43
air_quality,2026-06-04T08:13:26+00:00,3117735,Madrid,ES,2026-05-24T17:00,40.4,-3.6999989,Europe/Madrid,7.9,4.1,106.0,2.0,105.0,43
air_quality,2026-06-04T08:13:26+00:00,3117735,Madrid,ES,2026-05-24T18:00,40.4,-3.6999989,Europe/Madrid,8.7,4.1,106.0,2.5,104.0,43
air_quality,2026-06-04T08:13:26+00:00,3117735,Madrid,ES,2026-05-24T19:00,40.4,-3.6999989,Europe/Madrid,9.5,4.3,106.0,3.8,102.0,41
air_quality,2026-06-04T08:13:26+00:00,3117735,Madrid,ES,2026-05-24T20:00,40.4,-3.6999989,Europe/Madrid,9.8,4.4,107.0,5.0,98.0,39
air_quality,2026-06-04T08:13:26+00:00,3117735,Madrid,ES,2026-05-24T21:00,40.4,-3.6999989,Europe/Madrid,9.4,4.9,110.0,8.1,89.0,36
air_quality,2026-06-04T08:13:26+00:00,3117735,Madrid,ES,2026-05-24T22:00,40.4,-3.6999989,Europe/Madrid,9.3,5.4,115.0,11.9,82.0,33
air_quality,2026-06-04T08:13:26+00:00,3117735,Madrid,ES,2026-05-24T23:00,40.4,-3.6999989,Europe/Madrid,9.3,5.3,118.0,11.7,73.0,29
air_quality,2026-06-04T08:13:26+00:00,3117735,Madrid,ES,2026-05-25T00:00,40.4,-3.6999989,Europe/Madrid,7.6,4.8,116.0,10.2,70.0,28
air_quality,2026-06-04T08:13:26+00:00,3117735,Madrid,ES,2026-05-25T01:00,40.4,-3.6999989,Europe/Madrid,7.1,4.5,115.0,8.4,70.0,28
air_quality,2026-06-04T08:13:26+00:00,3117735,Madrid,ES,2026-05-25T02:00,40.4,-3.6999989,Europe/Madrid,8.9,5.0,115.0,7.8,68.0,27
air_quality,2026-06-04T08:13:26+00:00,3117735,Madrid,ES,2026-05-25T03:00,40.4,-3.6999989,Europe/Madrid,8.9,5.0,113.0,8.9,66.0,26
air_quality,2026-06-04T08:13:26+00:00,3117735,Madrid,ES,2026-05-25T04:00,40.4,-3.6999989,Europe/Madrid,8.7,5.1,112.0,9.0,63.0,25
air_quality,2026-06-04T08:13:26+00:00,3117735,Madrid,ES,2026-05-25T05:00,40.4,-3.6999989,Europe/Madrid,8.7,5.3,112.0,9.8,61.0,24
air_quality,2026-06-04T08:13:26+00:00,3117735,Madrid,ES,2026-05-25T06:00,40.4,-3.6999989,Europe/Madrid,8.7,5.7,114.0,12.8,57.0,23
air_quality,2026-06-04T08:13:26+00:00,3117735,Madrid,ES,2026-05-25T07:00,40.4,-3.6999989,Europe/Madrid,9.1,6.6,125.0,19.2,44.0,18
air_quality,2026-06-04T08:13:26+00:00,3117735,Madrid,ES,2026-05-25T08:00,40.4,-3.6999989,Europe/Madrid,10.1,7.4,133.0,29.8,42.0,17
air_quality,2026-06-04T08:13:26+00:00,3117735,Madrid,ES,2026-05-25T09:00,40.4,-3.6999989,Europe/Madrid,9.7,6.5,132.0,24.8,49.0,20
air_quality,2026-06-04T08:13:26+00:00,3117735,Madrid,ES,2026-05-25T10:00,40.4,-3.6999989,Europe/Madrid,9.1,5.9,125.0,16.4,62.0,25
air_quality,2026-06-04T08:13:26+00:00,3117735,Madrid,ES,2026-05-25T11:00,40.4,-3.6999989,Europe/Madrid,8.4,5.2,119.0,11.6,76.0,30
air_quality,2026-06-04T08:13:26+00:00,3117735,Madrid,ES,2026-05-25T12:00,40.4,-3.6999989,Europe/Madrid,8.4,5.3,116.0,6.8,84.0,34
air_quality,2026-06-04T08:13:26+00:00,3117735,Madrid,ES,2026-05-25T13:00,40.4,-3.6999989,Europe/Madrid,9.1,5.4,113.0,5.1,97.0,39
air_quality,2026-06-04T08:13:26+00:00,3117735,Madrid,ES,2026-05-25T14:00,40.4,-3.6999989,Europe/Madrid,8.7,5.2,110.0,4.4,105.0,43
air_quality,2026-06-04T08:13:26+00:00,3117735,Madrid,ES,2026-05-25T15:00,40.4,-3.6999989,Europe/Madrid,8.1,4.8,111.0,4.3,107.0,45
air_quality,2026-06-04T08:13:26+00:00,3117735,Madrid,ES,2026-05-25T16:00,40.4,-3.6999989,Europe/Madrid,7.6,4.4,111.0,4.4,109.0,46
air_quality,2026-06-04T08:13:26+00:00,3117735,Madrid,ES,2026-05-25T17:00,40.4,-3.6999989,Europe/Madrid,7.3,4.6,111.0,4.0,107.0,45
air_quality,2026-06-04T08:13:26+00:00,3117735,Madrid,ES,2026-05-25T18:00,40.4,-3.6999989,Europe/Madrid,7.5,4.5,111.0,5.5,105.0,43
air_quality,2026-06-04T08:13:26+00:00,3117735,Madrid,ES,2026-05-25T19:00,40.4,-3.6999989,Europe/Madrid,8.2,4.5,109.0,7.7,101.0,41
air_quality,2026-06-04T08:13:26+00:00,3117735,Madrid,ES,2026-05-25T20:00,40.4,-3.6999989,Europe/Madrid,8.8,4.5,109.0,9.0,96.0,38
air_quality,2026-06-04T08:13:26+00:00,3117735,Madrid,ES,2026-05-25T21:00,40.4,-3.6999989,Europe/Madrid,8.2,4.7,112.0,10.0,90.0,36
air_quality,2026-06-04T08:13:26+00:00,3117735,Madrid,ES,2026-05-25T22:00,40.4,-3.6999989,Europe/Madrid,7.3,5.1,116.0,12.4,83.0,33
air_quality,2026-06-04T08:13:26+00:00,3117735,Madrid,ES,2026-05-25T23:00,40.4,-3.6999989,Europe/Madrid,6.6,5.1,116.0,11.0,72.0,29
air_quality,2026-06-04T08:13:26+00:00,3117735,Madrid,ES,2026-05-26T00:00,40.4,-3.6999989,Europe/Madrid,6.5,4.9,112.0,10.7,67.0,27
air_quality,2026-06-04T08:13:26+00:00,3117735,Madrid,ES,2026-05-26T01:00,40.4,-3.6999989,Europe/Madrid,7.1,5.2,113.0,9.9,64.0,26
air_quality,2026-06-04T08:13:26+00:00,3117735,Madrid,ES,2026-05-26T02:00,40.4,-3.6999989,Europe/Madrid,7.4,5.3,114.0,10.4,62.0,25
air_quality,2026-06-04T08:13:26+00:00,3117735,Madrid,ES,2026-05-26T03:00,40.4,-3.6999989,Europe/Madrid,7.7,5.5,113.0,9.9,62.0,25
air_quality,2026-06-04T08:13:26+00:00,3117735,Madrid,ES,2026-05-26T04:00,40.4,-3.6999989,Europe/Madrid,7.8,5.6,113.0,10.5,59.0,24
air_quality,2026-06-04T08:13:26+00:00,3117735,Madrid,ES,2026-05-26T05:00,40.4,-3.6999989,Europe/Madrid,8.1,5.6,112.0,10.8,56.0,22
air_quality,2026-06-04T08:13:26+00:00,3117735,Madrid,ES,2026-05-26T06:00,40.4,-3.6999989,Europe/Madrid,8.7,5.6,116.0,13.5,53.0,21
air_quality,2026-06-04T08:13:26+00:00,3117735,Madrid,ES,2026-05-26T07:00,40.4,-3.6999989,Europe/Madrid,9.9,6.7,131.0,20.2,52.0,21
air_quality,2026-06-04T08:13:26+00:00,3117735,Madrid,ES,2026-05-26T08:00,40.4,-3.6999989,Europe/Madrid,10.5,8.0,137.0,32.8,41.0,16
air_quality,2026-06-04T08:13:26+00:00,3117735,Madrid,ES,2026-05-26T09:00,40.4,-3.6999989,Europe/Madrid,10.6,7.0,131.0,26.5,55.0,22
air_quality,2026-06-04T08:13:26+00:00,3117735,Madrid,ES,2026-05-26T10:00,40.4,-3.6999989,Europe/Madrid,9.8,6.7,127.0,19.2,60.0,24
air_quality,2026-06-04T08:13:26+00:00,3117735,Madrid,ES,2026-05-26T11:00,40.4,-3.6999989,Europe/Madrid,9.5,6.4,121.0,12.5,67.0,27
air_quality,2026-06-04T08:13:26+00:00,3117735,Madrid,ES,2026-05-26T12:00,40.4,-3.6999989,Europe/Madrid,9.1,5.8,118.0,10.2,79.0,32
air_quality,2026-06-04T08:13:26+00:00,3117735,Madrid,ES,2026-05-26T13:00,40.4,-3.6999989,Europe/Madrid,8.9,5.9,118.0,8.8,92.0,37
air_quality,2026-06-04T08:13:26+00:00,3117735,Madrid,ES,2026-05-26T14:00,40.4,-3.6999989,Europe/Madrid,10.4,6.0,117.0,7.7,102.0,41
air_quality,2026-06-04T08:13:26+00:00,3117735,Madrid,ES,2026-05-26T15:00,40.4,-3.6999989,Europe/Madrid,10.6,5.6,116.0,7.6,114.0,49
air_quality,2026-06-04T08:13:26+00:00,3117735,Madrid,ES,2026-05-26T16:00,40.4,-3.6999989,Europe/Madrid,10.5,5.7,117.0,8.2,118.0,52
air_quality,2026-06-04T08:13:26+00:00,3117735,Madrid,ES,2026-05-26T17:00,40.4,-3.6999989,Europe/Madrid,10.9,6.1,117.0,7.5,121.0,54
air_quality,2026-06-04T08:13:26+00:00,3117735,Madrid,ES,2026-05-26T18:00,40.4,-3.6999989,Europe/Madrid,12.7,6.1,118.0,7.9,115.0,50
air_quality,2026-06-04T08:13:26+00:00,3117735,Madrid,ES,2026-05-26T19:00,40.4,-3.6999989,Europe/Madrid,14.1,6.1,119.0,9.7,107.0,45
air_quality,2026-06-04T08:13:26+00:00,3117735,Madrid,ES,2026-05-26T20:00,40.4,-3.6999989,Europe/Madrid,14.9,6.2,118.0,12.9,103.0,42
air_quality,2026-06-04T08:13:26+00:00,3117735,Madrid,ES,2026-05-26T21:00,40.4,-3.6999989,Europe/Madrid,15.6,6.7,122.0,18.3,96.0,38
air_quality,2026-06-04T08:13:26+00:00,3117735,Madrid,ES,2026-05-26T22:00,40.4,-3.6999989,Europe/Madrid,17.0,10.0,139.0,28.2,82.0,33
air_quality,2026-06-04T08:13:26+00:00,3117735,Madrid,ES,2026-05-26T23:00,40.4,-3.6999989,Europe/Madrid,17.5,10.1,141.0,29.3,67.0,27
air_quality,2026-06-04T08:13:26+00:00,3117735,Madrid,ES,2026-05-27T00:00,40.4,-3.6999989,Europe/Madrid,16.8,9.8,138.0,27.7,57.0,23
air_quality,2026-06-04T08:13:26+00:00,3117735,Madrid,ES,2026-05-27T01:00,40.4,-3.6999989,Europe/Madrid,17.5,10.6,140.0,26.0,55.0,22
air_quality,2026-06-04T08:13:26+00:00,3117735,Madrid,ES,2026-05-27T02:00,40.4,-3.6999989,Europe/Madrid,15.0,10.3,137.0,27.9,48.0,19
air_quality,2026-06-04T08:13:26+00:00,3117735,Madrid,ES,2026-05-27T03:00,40.4,-3.6999989,Europe/Madrid,12.0,7.8,130.0,21.9,51.0,20
air_quality,2026-06-04T08:13:26+00:00,3117735,Madrid,ES,2026-05-27T04:00,40.4,-3.6999989,Europe/Madrid,10.2,6.9,124.0,16.5,49.0,20
air_quality,2026-06-04T08:13:26+00:00,3117735,Madrid,ES,2026-05-27T05:00,40.4,-3.6999989,Europe/Madrid,9.2,6.6,121.0,16.1,47.0,19
air_quality,2026-06-04T08:13:26+00:00,3117735,Madrid,ES,2026-05-27T06:00,40.4,-3.6999989,Europe/Madrid,10.1,6.8,124.0,19.7,40.0,16
air_quality,2026-06-04T08:13:26+00:00,3117735,Madrid,ES,2026-05-27T07:00,40.4,-3.6999989,Europe/Madrid,11.8,8.1,136.0,29.9,29.0,15
air_quality,2026-06-04T08:13:26+00:00,3117735,Madrid,ES,2026-05-27T08:00,40.4,-3.6999989,Europe/Madrid,13.4,10.3,157.0,41.2,13.0,20
air_quality,2026-06-04T08:13:26+00:00,3117735,Madrid,ES,2026-05-27T09:00,40.4,-3.6999989,Europe/Madrid,14.1,10.1,154.0,35.9,36.0,18
air_quality,2026-06-04T08:13:26+00:00,3117735,Madrid,ES,2026-05-27T10:00,40.4,-3.6999989,Europe/Madrid,14.2,9.0,149.0,32.7,46.0,18
air_quality,2026-06-04T08:13:26+00:00,3117735,Madrid,ES,2026-05-27T11:00,40.4,-3.6999989,Europe/Madrid,13.6,8.1,144.0,21.8,59.0,24
air_quality,2026-06-04T08:13:26+00:00,3117735,Madrid,ES,2026-05-27T12:00,40.4,-3.6999989,Europe/Madrid,13.7,7.6,137.0,21.5,79.0,32
air_quality,2026-06-04T08:13:26+00:00,3117735,Madrid,ES,2026-05-27T13:00,40.4,-3.6999989,Europe/Madrid,14.4,8.5,136.0,18.0,94.0,38
air_quality,2026-06-04T08:13:26+00:00,3117735,Madrid,ES,2026-05-27T14:00,40.4,-3.6999989,Europe/Madrid,17.1,8.1,131.0,11.9,108.0,45
air_quality,2026-06-04T08:13:26+00:00,3117735,Madrid,ES,2026-05-27T15:00,40.4,-3.6999989,Europe/Madrid,18.5,7.5,123.0,6.6,116.0,51
air_quality,2026-06-04T08:13:26+00:00,3117735,Madrid,ES,2026-05-27T16:00,40.4,-3.6999989,Europe/Madrid,24.7,6.7,118.0,6.5,111.0,47
air_quality,2026-06-04T08:13:26+00:00,3117735,Madrid,ES,2026-05-27T17:00,40.4,-3.6999989,Europe/Madrid,21.0,6.1,111.0,5.4,101.0,41
air_quality,2026-06-04T08:13:26+00:00,3117735,Madrid,ES,2026-05-27T18:00,40.4,-3.6999989,Europe/Madrid,20.0,6.4,109.0,5.7,98.0,39
air_quality,2026-06-04T08:13:26+00:00,3117735,Madrid,ES,2026-05-27T19:00,40.4,-3.6999989,Europe/Madrid,19.4,6.4,110.0,7.3,94.0,38
air_quality,2026-06-04T08:13:26+00:00,3117735,Madrid,ES,2026-05-27T20:00,40.4,-3.6999989,Europe/Madrid,21.2,6.6,111.0,9.3,88.0,35
air_quality,2026-06-04T08:13:26+00:00,3117735,Madrid,ES,2026-05-27T21:00,40.4,-3.6999989,Europe/Madrid,20.2,7.5,114.0,10.6,80.0,32
air_quality,2026-06-04T08:13:26+00:00,3117735,Madrid,ES,2026-05-27T22:00,40.4,-3.6999989,Europe/Madrid,19.0,7.8,116.0,15.0,73.0,29
air_quality,2026-06-04T08:13:26+00:00,3117735,Madrid,ES,2026-05-27T23:00,40.4,-3.6999989,Europe/Madrid,18.3,8.7,120.0,16.1,67.0,27
air_quality,2026-06-04T08:13:26+00:00,3117735,Madrid,ES,2026-05-28T00:00,40.4,-3.6999989,Europe/Madrid,18.2,8.2,119.0,16.9,55.0,22
air_quality,2026-06-04T08:13:26+00:00,3117735,Madrid,ES,2026-05-28T01:00,40.4,-3.6999989,Europe/Madrid,17.3,8.1,118.0,16.6,48.0,19
air_quality,2026-06-04T08:13:26+00:00,3117735,Madrid,ES,2026-05-28T02:00,40.4,-3.6999989,Europe/Madrid,17.6,7.5,118.0,14.6,43.0,17
air_quality,2026-06-04T08:13:26+00:00,3117735,Madrid,ES,2026-05-28T03:00,40.4,-3.6999989,Europe/Madrid,16.3,7.7,116.0,13.8,42.0,17
air_quality,2026-06-04T08:13:26+00:00,3117735,Madrid,ES,2026-05-28T04:00,40.4,-3.6999989,Europe/Madrid,15.8,7.7,118.0,11.6,42.0,17
air_quality,2026-06-04T08:13:26+00:00,3117735,Madrid,ES,2026-05-28T05:00,40.4,-3.6999989,Europe/Madrid,15.5,7.8,116.0,10.9,42.0,17
air_quality,2026-06-04T08:13:26+00:00,3117735,Madrid,ES,2026-05-28T06:00,40.4,-3.6999989,Europe/Madrid,15.8,8.5,120.0,13.1,37.0,17
air_quality,2026-06-04T08:13:26+00:00,3117735,Madrid,ES,2026-05-28T07:00,40.4,-3.6999989,Europe/Madrid,16.5,10.0,125.0,21.7,28.0,17
air_quality,2026-06-04T08:13:26+00:00,3117735,Madrid,ES,2026-05-28T08:00,40.4,-3.6999989,Europe/Madrid,18.2,12.2,145.0,32.7,20.0,17
air_quality,2026-06-04T08:13:26+00:00,3117735,Madrid,ES,2026-05-28T09:00,40.4,-3.6999989,Europe/Madrid,19.9,10.4,160.0,29.4,29.0,18
air_quality,2026-06-04T08:13:26+00:00,3117735,Madrid,ES,2026-05-28T10:00,40.4,-3.6999989,Europe/Madrid,18.9,9.9,152.0,26.7,38.0,18
air_quality,2026-06-04T08:13:26+00:00,3117735,Madrid,ES,2026-05-28T11:00,40.4,-3.6999989,Europe/Madrid,17.0,10.0,137.0,18.1,62.0,25
air_quality,2026-06-04T08:13:26+00:00,3117735,Madrid,ES,2026-05-28T12:00,40.4,-3.6999989,Europe/Madrid,15.0,7.7,130.0,12.8,94.0,38
air_quality,2026-06-04T08:13:26+00:00,3117735,Madrid,ES,2026-05-28T13:00,40.4,-3.6999989,Europe/Madrid,15.1,7.3,127.0,11.5,112.0,48
air_quality,2026-06-04T08:13:26+00:00,3117735,Madrid,ES,2026-05-28T14:00,40.4,-3.6999989,Europe/Madrid,16.2,8.4,125.0,9.1,128.0,59
air_quality,2026-06-04T08:13:26+00:00,3117735,Madrid,ES,2026-05-28T15:00,40.4,-3.6999989,Europe/Madrid,17.7,9.7,125.0,6.8,140.0,62
air_quality,2026-06-04T08:13:26+00:00,3117735,Madrid,ES,2026-05-28T16:00,40.4,-3.6999989,Europe/Madrid,17.1,9.9,125.0,6.2,141.0,62
air_quality,2026-06-04T08:13:26+00:00,3117735,Madrid,ES,2026-05-28T17:00,40.4,-3.6999989,Europe/Madrid,16.2,9.2,121.0,6.1,130.0,60
air_quality,2026-06-04T08:13:26+00:00,3117735,Madrid,ES,2026-05-28T18:00,40.4,-3.6999989,Europe/Madrid,15.1,8.8,121.0,7.7,131.0,60
air_quality,2026-06-04T08:13:26+00:00,3117735,Madrid,ES,2026-05-28T19:00,40.4,-3.6999989,Europe/Madrid,14.0,8.2,121.0,9.8,129.0,59
air_quality,2026-06-04T08:13:26+00:00,3117735,Madrid,ES,2026-05-28T20:00,40.4,-3.6999989,Europe/Madrid,13.0,7.8,122.0,11.4,122.0,55
air_quality,2026-06-04T08:13:26+00:00,3117735,Madrid,ES,2026-05-28T21:00,40.4,-3.6999989,Europe/Madrid,14.2,8.4,127.0,13.4,110.0,47
air_quality,2026-06-04T08:13:26+00:00,3117735,Madrid,ES,2026-05-28T22:00,40.4,-3.6999989,Europe/Madrid,15.7,9.8,140.0,23.2,92.0,37
air_quality,2026-06-04T08:13:26+00:00,3117735,Madrid,ES,2026-05-28T23:00,40.4,-3.6999989,Europe/Madrid,15.5,10.1,138.0,29.5,72.0,29
air_quality,2026-06-04T08:13:26+00:00,3117735,Madrid,ES,2026-05-29T00:00,40.4,-3.6999989,Europe/Madrid,15.1,9.4,138.0,26.3,67.0,27
air_quality,2026-06-04T08:13:26+00:00,3117735,Madrid,ES,2026-05-29T01:00,40.4,-3.6999989,Europe/Madrid,14.8,8.4,136.0,21.7,55.0,22
air_quality,2026-06-04T08:13:26+00:00,3117735,Madrid,ES,2026-05-29T02:00,40.4,-3.6999989,Europe/Madrid,14.1,9.1,134.0,23.0,46.0,18
air_quality,2026-06-04T08:13:26+00:00,3117735,Madrid,ES,2026-05-29T03:00,40.4,-3.6999989,Europe/Madrid,14.9,10.3,140.0,22.8,42.0,18
air_quality,2026-06-04T08:13:26+00:00,3117735,Madrid,ES,2026-05-29T04:00,40.4,-3.6999989,Europe/Madrid,14.3,8.9,132.0,19.4,42.0,18
air_quality,2026-06-04T08:13:26+00:00,3117735,Madrid,ES,2026-05-29T05:00,40.4,-3.6999989,Europe/Madrid,12.8,7.4,128.0,16.4,38.0,18
air_quality,2026-06-04T08:13:26+00:00,3117735,Madrid,ES,2026-05-29T06:00,40.4,-3.6999989,Europe/Madrid,11.6,7.9,128.0,17.3,35.0,18
air_quality,2026-06-04T08:13:26+00:00,3117735,Madrid,ES,2026-05-29T07:00,40.4,-3.6999989,Europe/Madrid,12.7,8.8,133.0,23.0,25.0,18
air_quality,2026-06-04T08:13:26+00:00,3117735,Madrid,ES,2026-05-29T08:00,40.4,-3.6999989,Europe/Madrid,13.7,10.1,147.0,32.2,20.0,18
air_quality,2026-06-04T08:13:26+00:00,3117735,Madrid,ES,2026-05-29T09:00,40.4,-3.6999989,Europe/Madrid,13.8,9.0,150.0,29.4,35.0,18
air_quality,2026-06-04T08:13:26+00:00,3117735,Madrid,ES,2026-05-29T10:00,40.4,-3.6999989,Europe/Madrid,12.3,8.1,142.0,27.9,49.0,20
air_quality,2026-06-04T08:13:26+00:00,3117735,Madrid,ES,2026-05-29T11:00,40.4,-3.6999989,Europe/Madrid,13.6,8.3,137.0,18.2,66.0,26
air_quality,2026-06-04T08:13:26+00:00,3117735,Madrid,ES,2026-05-29T12:00,40.4,-3.6999989,Europe/Madrid,14.1,8.2,130.0,15.9,81.0,32
air_quality,2026-06-04T08:13:26+00:00,3117735,Madrid,ES,2026-05-29T13:00,40.4,-3.6999989,Europe/Madrid,13.5,7.3,125.0,13.9,106.0,44
air_quality,2026-06-04T08:13:26+00:00,3117735,Madrid,ES,2026-05-29T14:00,40.4,-3.6999989,Europe/Madrid,13.3,7.6,123.0,7.7,117.0,51
air_quality,2026-06-04T08:13:26+00:00,3117735,Madrid,ES,2026-05-29T15:00,40.4,-3.6999989,Europe/Madrid,14.3,8.3,122.0,5.7,127.0,58
air_quality,2026-06-04T08:13:26+00:00,3117735,Madrid,ES,2026-05-29T16:00,40.4,-3.6999989,Europe/Madrid,14.3,8.6,123.0,6.5,135.0,61
air_quality,2026-06-04T08:13:26+00:00,3117735,Madrid,ES,2026-05-29T17:00,40.4,-3.6999989,Europe/Madrid,14.4,8.9,123.0,6.2,137.0,61
air_quality,2026-06-04T08:13:26+00:00,3117735,Madrid,ES,2026-05-29T18:00,40.4,-3.6999989,Europe/Madrid,13.9,8.5,123.0,7.7,131.0,60
air_quality,2026-06-04T08:13:26+00:00,3117735,Madrid,ES,2026-05-29T19:00,40.4,-3.6999989,Europe/Madrid,12.7,7.5,123.0,9.9,126.0,57
air_quality,2026-06-04T08:13:26+00:00,3117735,Madrid,ES,2026-05-29T20:00,40.4,-3.6999989,Europe/Madrid,12.5,7.0,123.0,9.8,119.0,53
air_quality,2026-06-04T08:13:26+00:00,3117735,Madrid,ES,2026-05-29T21:00,40.4,-3.6999989,Europe/Madrid,12.3,8.2,125.0,10.5,108.0,45
air_quality,2026-06-04T08:13:26+00:00,3117735,Madrid,ES,2026-05-29T22:00,40.4,-3.6999989,Europe/Madrid,15.8,9.7,131.0,20.4,90.0,36
air_quality,2026-06-04T08:13:26+00:00,3117735,Madrid,ES,2026-05-29T23:00,40.4,-3.6999989,Europe/Madrid,16.8,10.6,139.0,31.4,77.0,31
air_quality,2026-06-04T08:13:26+00:00,3117735,Madrid,ES,2026-05-30T00:00,40.4,-3.6999989,Europe/Madrid,16.5,9.6,145.0,31.7,69.0,28
air_quality,2026-06-04T08:13:26+00:00,3117735,Madrid,ES,2026-05-30T01:00,40.4,-3.6999989,Europe/Madrid,13.9,9.2,141.0,24.9,62.0,25
air_quality,2026-06-04T08:13:26+00:00,3117735,Madrid,ES,2026-05-30T02:00,40.4,-3.6999989,Europe/Madrid,12.9,8.8,131.0,20.2,62.0,25
air_quality,2026-06-04T08:13:26+00:00,3117735,Madrid,ES,2026-05-30T03:00,40.4,-3.6999989,Europe/Madrid,12.3,8.2,132.0,17.1,59.0,24
air_quality,2026-06-04T08:13:26+00:00,3117735,Madrid,ES,2026-05-30T04:00,40.4,-3.6999989,Europe/Madrid,11.8,7.6,130.0,12.4,55.0,22
air_quality,2026-06-04T08:13:26+00:00,3117735,Madrid,ES,2026-05-30T05:00,40.4,-3.6999989,Europe/Madrid,11.7,7.3,122.0,10.2,52.0,21
air_quality,2026-06-04T08:13:26+00:00,3117735,Madrid,ES,2026-05-30T06:00,40.4,-3.6999989,Europe/Madrid,12.3,6.9,120.0,9.3,52.0,21
air_quality,2026-06-04T08:13:26+00:00,3117735,Madrid,ES,2026-05-30T07:00,40.4,-3.6999989,Europe/Madrid,13.1,6.8,121.0,8.0,49.0,20
air_quality,2026-06-04T08:13:26+00:00,3117735,Madrid,ES,2026-05-30T08:00,40.4,-3.6999989,Europe/Madrid,13.7,7.1,128.0,10.9,49.0,20
air_quality,2026-06-04T08:13:26+00:00,3117735,Madrid,ES,2026-05-30T09:00,40.4,-3.6999989,Europe/Madrid,14.0,6.9,129.0,8.2,48.0,19
air_quality,2026-06-04T08:13:26+00:00,3117735,Madrid,ES,2026-05-30T10:00,40.4,-3.6999989,Europe/Madrid,13.8,7.0,132.0,6.9,56.0,22
air_quality,2026-06-04T08:13:26+00:00,3117735,Madrid,ES,2026-05-30T11:00,40.4,-3.6999989,Europe/Madrid,13.8,7.4,130.0,6.4,78.0,31
air_quality,2026-06-04T08:13:26+00:00,3117735,Madrid,ES,2026-05-30T12:00,40.4,-3.6999989,Europe/Madrid,14.6,8.4,127.0,7.5,90.0,36
air_quality,2026-06-04T08:13:26+00:00,3117735,Madrid,ES,2026-05-30T13:00,40.4,-3.6999989,Europe/Madrid,14.6,8.7,126.0,6.1,115.0,50
air_quality,2026-06-04T08:13:26+00:00,3117735,Madrid,ES,2026-05-30T14:00,40.4,-3.6999989,Europe/Madrid,14.1,8.2,123.0,5.7,122.0,55
air_quality,2026-06-04T08:13:26+00:00,3117735,Madrid,ES,2026-05-30T15:00,40.4,-3.6999989,Europe/Madrid,12.6,6.9,116.0,3.3,116.0,51
air_quality,2026-06-04T08:13:26+00:00,3117735,Madrid,ES,2026-05-30T16:00,40.4,-3.6999989,Europe/Madrid,11.9,6.8,115.0,2.6,112.0,48
air_quality,2026-06-04T08:13:26+00:00,3117735,Madrid,ES,2026-05-30T17:00,40.4,-3.6999989,Europe/Madrid,10.9,6.6,113.0,2.0,110.0,47
air_quality,2026-06-04T08:13:26+00:00,3117735,Madrid,ES,2026-05-30T18:00,40.4,-3.6999989,Europe/Madrid,11.4,6.4,113.0,2.3,109.0,46
air_quality,2026-06-04T08:13:26+00:00,3117735,Madrid,ES,2026-05-30T19:00,40.4,-3.6999989,Europe/Madrid,11.1,6.3,114.0,2.7,108.0,45
air_quality,2026-06-04T08:13:26+00:00,3117735,Madrid,ES,2026-05-30T20:00,40.4,-3.6999989,Europe/Madrid,10.2,6.3,115.0,4.1,106.0,44
air_quality,2026-06-04T08:13:26+00:00,3117735,Madrid,ES,2026-05-30T21:00,40.4,-3.6999989,Europe/Madrid,10.8,7.7,119.0,7.3,98.0,39
air_quality,2026-06-04T08:13:26+00:00,3117735,Madrid,ES,2026-05-30T22:00,40.4,-3.6999989,Europe/Madrid,13.5,8.6,124.0,10.4,91.0,36
air_quality,2026-06-04T08:13:26+00:00,3117735,Madrid,ES,2026-05-30T23:00,40.4,-3.6999989,Europe/Madrid,13.1,9.5,134.0,18.4,71.0,28
air_quality,2026-06-04T08:13:26+00:00,3117735,Madrid,ES,2026-05-31T00:00,40.4,-3.6999989,Europe/Madrid,13.1,9.7,139.0,23.9,62.0,25
air_quality,2026-06-04T08:13:26+00:00,3117735,Madrid,ES,2026-05-31T01:00,40.4,-3.6999989,Europe/Madrid,12.2,9.8,135.0,21.5,55.0,22
air_quality,2026-06-04T08:13:26+00:00,3117735,Madrid,ES,2026-05-31T02:00,40.4,-3.6999989,Europe/Madrid,11.0,7.3,133.0,16.4,53.0,21
air_quality,2026-06-04T08:13:26+00:00,3117735,Madrid,ES,2026-05-31T03:00,40.4,-3.6999989,Europe/Madrid,10.0,6.7,131.0,16.0,50.0,20
air_quality,2026-06-04T08:13:26+00:00,3117735,Madrid,ES,2026-05-31T04:00,40.4,-3.6999989,Europe/Madrid,10.3,6.3,125.0,12.3,50.0,20
air_quality,2026-06-04T08:13:26+00:00,3117735,Madrid,ES,2026-05-31T05:00,40.4,-3.6999989,Europe/Madrid,10.6,6.7,124.0,9.5,47.0,19
air_quality,2026-06-04T08:13:26+00:00,3117735,Madrid,ES,2026-05-31T06:00,40.4,-3.6999989,Europe/Madrid,10.7,7.2,124.0,9.2,45.0,18
air_quality,2026-06-04T08:13:26+00:00,3117735,Madrid,ES,2026-05-31T07:00,40.4,-3.6999989,Europe/Madrid,11.8,7.5,128.0,10.7,43.0,17
air_quality,2026-06-04T08:13:26+00:00,3117735,Madrid,ES,2026-05-31T08:00,40.4,-3.6999989,Europe/Madrid,12.7,7.7,130.0,11.1,50.0,20
air_quality,2026-06-04T08:13:26+00:00,3117735,Madrid,ES,2026-05-31T09:00,40.4,-3.6999989,Europe/Madrid,13.4,7.7,133.0,7.9,57.0,23
air_quality,2026-06-04T08:13:26+00:00,3117735,Madrid,ES,2026-05-31T10:00,40.4,-3.6999989,Europe/Madrid,13.5,7.9,135.0,7.3,66.0,26
air_quality,2026-06-04T08:13:26+00:00,3117735,Madrid,ES,2026-05-31T11:00,40.4,-3.6999989,Europe/Madrid,14.2,7.5,134.0,7.8,84.0,34
air_quality,2026-06-04T08:13:26+00:00,3117735,Madrid,ES,2026-05-31T12:00,40.4,-3.6999989,Europe/Madrid,13.8,7.7,132.0,6.3,101.0,41
air_quality,2026-06-04T08:13:26+00:00,3117735,Madrid,ES,2026-05-31T13:00,40.4,-3.6999989,Europe/Madrid,13.9,8.4,123.0,4.7,112.0,48
air_quality,2026-06-04T08:13:26+00:00,3117735,Madrid,ES,2026-05-31T14:00,40.4,-3.6999989,Europe/Madrid,11.9,6.3,113.0,2.8,104.0,43
air_quality,2026-06-04T08:13:26+00:00,3117735,Madrid,ES,2026-05-31T15:00,40.4,-3.6999989,Europe/Madrid,10.1,5.3,104.0,2.0,94.0,38
air_quality,2026-06-04T08:13:26+00:00,3117735,Madrid,ES,2026-05-31T16:00,40.4,-3.6999989,Europe/Madrid,8.2,5.0,100.0,1.6,91.0,36
air_quality,2026-06-04T08:13:26+00:00,3117735,Madrid,ES,2026-05-31T17:00,40.4,-3.6999989,Europe/Madrid,7.4,4.4,97.0,1.5,89.0,36
air_quality,2026-06-04T08:13:26+00:00,3117735,Madrid,ES,2026-05-31T18:00,40.4,-3.6999989,Europe/Madrid,8.2,4.5,99.0,1.9,88.0,35
air_quality,2026-06-04T08:13:26+00:00,3117735,Madrid,ES,2026-05-31T19:00,40.4,-3.6999989,Europe/Madrid,8.0,4.5,101.0,3.0,84.0,34
air_quality,2026-06-04T08:13:26+00:00,3117735,Madrid,ES,2026-05-31T20:00,40.4,-3.6999989,Europe/Madrid,8.7,4.9,102.0,4.6,75.0,30
air_quality,2026-06-04T08:13:26+00:00,3117735,Madrid,ES,2026-05-31T21:00,40.4,-3.6999989,Europe/Madrid,9.8,5.2,104.0,6.7,71.0,28
air_quality,2026-06-04T08:13:26+00:00,3117735,Madrid,ES,2026-05-31T22:00,40.4,-3.6999989,Europe/Madrid,9.6,5.9,105.0,8.6,65.0,26
air_quality,2026-06-04T08:13:26+00:00,3117735,Madrid,ES,2026-05-31T23:00,40.4,-3.6999989,Europe/Madrid,11.6,6.5,107.0,9.6,61.0,24
air_quality,2026-06-04T08:13:26+00:00,3117735,Madrid,ES,2026-06-01T00:00,40.4,-3.6999989,Europe/Madrid,10.4,6.9,111.0,10.2,57.0,23
air_quality,2026-06-04T08:13:26+00:00,3117735,Madrid,ES,2026-06-01T01:00,40.4,-3.6999989,Europe/Madrid,13.7,7.7,117.0,9.1,58.0,23
air_quality,2026-06-04T08:13:26+00:00,3117735,Madrid,ES,2026-06-01T02:00,40.4,-3.6999989,Europe/Madrid,13.2,7.4,116.0,3.8,66.0,26
air_quality,2026-06-04T08:13:26+00:00,3117735,Madrid,ES,2026-06-01T03:00,40.4,-3.6999989,Europe/Madrid,12.9,6.9,115.0,3.5,64.0,26
air_quality,2026-06-04T08:13:26+00:00,3117735,Madrid,ES,2026-06-01T04:00,40.4,-3.6999989,Europe/Madrid,13.7,7.0,115.0,3.4,62.0,25
air_quality,2026-06-04T08:13:26+00:00,3117735,Madrid,ES,2026-06-01T05:00,40.4,-3.6999989,Europe/Madrid,15.2,7.1,115.0,3.9,61.0,24
air_quality,2026-06-04T08:13:26+00:00,3117735,Madrid,ES,2026-06-01T06:00,40.4,-3.6999989,Europe/Madrid,14.8,7.3,117.0,6.6,57.0,23
air_quality,2026-06-04T08:13:26+00:00,3117735,Madrid,ES,2026-06-01T07:00,40.4,-3.6999989,Europe/Madrid,14.9,7.8,120.0,11.5,49.0,20
air_quality,2026-06-04T08:13:26+00:00,3117735,Madrid,ES,2026-06-01T08:00,40.4,-3.6999989,Europe/Madrid,15.8,9.4,134.0,20.6,43.0,17
air_quality,2026-06-04T08:13:26+00:00,3117735,Madrid,ES,2026-06-01T09:00,40.4,-3.6999989,Europe/Madrid,16.4,8.1,133.0,20.8,48.0,19
air_quality,2026-06-04T08:13:26+00:00,3117735,Madrid,ES,2026-06-01T10:00,40.4,-3.6999989,Europe/Madrid,15.8,8.6,133.0,15.7,54.0,22
air_quality,2026-06-04T08:13:26+00:00,3117735,Madrid,ES,2026-06-01T11:00,40.4,-3.6999989,Europe/Madrid,15.3,8.0,132.0,12.0,66.0,26
air_quality,2026-06-04T08:13:26+00:00,3117735,Madrid,ES,2026-06-01T12:00,40.4,-3.6999989,Europe/Madrid,16.1,8.2,129.0,10.1,86.0,34
air_quality,2026-06-04T08:13:26+00:00,3117735,Madrid,ES,2026-06-01T13:00,40.4,-3.6999989,Europe/Madrid,18.1,9.8,128.0,10.1,105.0,43
air_quality,2026-06-04T08:13:26+00:00,3117735,Madrid,ES,2026-06-01T14:00,40.4,-3.6999989,Europe/Madrid,19.4,9.1,127.0,6.7,118.0,52
air_quality,2026-06-04T08:13:26+00:00,3117735,Madrid,ES,2026-06-01T15:00,40.4,-3.6999989,Europe/Madrid,13.5,7.4,119.0,3.7,117.0,51
air_quality,2026-06-04T08:13:26+00:00,3117735,Madrid,ES,2026-06-01T16:00,40.4,-3.6999989,Europe/Madrid,10.6,6.3,108.0,3.2,97.0,39
air_quality,2026-06-04T08:13:26+00:00,3117735,Madrid,ES,2026-06-01T17:00,40.4,-3.6999989,Europe/Madrid,9.8,5.8,105.0,3.4,92.0,37
air_quality,2026-06-04T08:13:26+00:00,3117735,Madrid,ES,2026-06-01T18:00,40.4,-3.6999989,Europe/Madrid,9.9,5.6,106.0,3.7,89.0,36
air_quality,2026-06-04T08:13:26+00:00,3117735,Madrid,ES,2026-06-01T19:00,40.4,-3.6999989,Europe/Madrid,9.9,5.5,107.0,4.3,86.0,34
air_quality,2026-06-04T08:13:26+00:00,3117735,Madrid,ES,2026-06-01T20:00,40.4,-3.6999989,Europe/Madrid,10.0,6.1,108.0,6.6,83.0,33
air_quality,2026-06-04T08:13:26+00:00,3117735,Madrid,ES,2026-06-01T21:00,40.4,-3.6999989,Europe/Madrid,8.9,5.8,109.0,6.1,82.0,33
air_quality,2026-06-04T08:13:26+00:00,3117735,Madrid,ES,2026-06-01T22:00,40.4,-3.6999989,Europe/Madrid,8.6,5.6,110.0,8.0,68.0,27
air_quality,2026-06-04T08:13:26+00:00,3117735,Madrid,ES,2026-06-01T23:00,40.4,-3.6999989,Europe/Madrid,8.8,5.5,109.0,7.5,66.0,26
air_quality,2026-06-04T08:13:26+00:00,3117735,Madrid,ES,2026-06-02T00:00,40.4,-3.6999989,Europe/Madrid,7.3,5.4,109.0,7.7,61.0,24
air_quality,2026-06-04T08:13:26+00:00,3117735,Madrid,ES,2026-06-02T01:00,40.4,-3.6999989,Europe/Madrid,6.8,4.1,106.0,6.2,58.0,23
air_quality,2026-06-04T08:13:26+00:00,3117735,Madrid,ES,2026-06-02T02:00,40.4,-3.6999989,Europe/Madrid,7.2,4.2,106.0,5.0,61.0,24
air_quality,2026-06-04T08:13:26+00:00,3117735,Madrid,ES,2026-06-02T03:00,40.4,-3.6999989,Europe/Madrid,7.0,4.3,107.0,4.0,60.0,24
air_quality,2026-06-04T08:13:26+00:00,3117735,Madrid,ES,2026-06-02T04:00,40.4,-3.6999989,Europe/Madrid,6.8,4.4,106.0,4.0,56.0,22
air_quality,2026-06-04T08:13:26+00:00,3117735,Madrid,ES,2026-06-02T05:00,40.4,-3.6999989,Europe/Madrid,6.5,4.3,108.0,4.7,52.0,21
air_quality,2026-06-04T08:13:26+00:00,3117735,Madrid,ES,2026-06-02T06:00,40.4,-3.6999989,Europe/Madrid,6.8,4.1,111.0,7.2,48.0,19
air_quality,2026-06-04T08:13:26+00:00,3117735,Madrid,ES,2026-06-02T07:00,40.4,-3.6999989,Europe/Madrid,7.4,5.4,114.0,13.0,42.0,17
air_quality,2026-06-04T08:13:26+00:00,3117735,Madrid,ES,2026-06-02T08:00,40.4,-3.6999989,Europe/Madrid,7.7,5.4,120.0,18.5,39.0,16
air_quality,2026-06-04T08:13:26+00:00,3117735,Madrid,ES,2026-06-02T09:00,40.4,-3.6999989,Europe/Madrid,7.6,4.8,113.0,14.6,42.0,17
air_quality,2026-06-04T08:13:26+00:00,3117735,Madrid,ES,2026-06-02T10:00,40.4,-3.6999989,Europe/Madrid,7.1,4.6,113.0,11.5,51.0,20
air_quality,2026-06-04T08:13:26+00:00,3117735,Madrid,ES,2026-06-02T11:00,40.4,-3.6999989,Europe/Madrid,6.6,4.6,107.0,7.4,59.0,24
air_quality,2026-06-04T08:13:26+00:00,3117735,Madrid,ES,2026-06-02T12:00,40.4,-3.6999989,Europe/Madrid,6.1,4.8,108.0,5.4,66.0,26
air_quality,2026-06-04T08:13:26+00:00,3117735,Madrid,ES,2026-06-02T13:00,40.4,-3.6999989,Europe/Madrid,5.4,3.8,102.0,3.2,77.0,31
air_quality,2026-06-04T08:13:26+00:00,3117735,Madrid,ES,2026-06-02T14:00,40.4,-3.6999989,Europe/Madrid,4.6,3.1,100.0,3.0,78.0,31
air_quality,2026-06-04T08:13:26+00:00,3117735,Madrid,ES,2026-06-02T15:00,40.4,-3.6999989,Europe/Madrid,4.3,2.7,101.0,2.8,83.0,33
air_quality,2026-06-04T08:13:26+00:00,3117735,Madrid,ES,2026-06-02T16:00,40.4,-3.6999989,Europe/Madrid,4.1,3.1,100.0,2.7,86.0,34
air_quality,2026-06-04T08:13:26+00:00,3117735,Madrid,ES,2026-06-02T17:00,40.4,-3.6999989,Europe/Madrid,4.1,2.8,101.0,2.8,88.0,35
air_quality,2026-06-04T08:13:26+00:00,3117735,Madrid,ES,2026-06-02T18:00,40.4,-3.6999989,Europe/Madrid,4.0,2.2,101.0,3.2,90.0,36
air_quality,2026-06-04T08:13:26+00:00,3117735,Madrid,ES,2026-06-02T19:00,40.4,-3.6999989,Europe/Madrid,3.9,2.2,103.0,3.8,87.0,35
air_quality,2026-06-04T08:13:26+00:00,3117735,Madrid,ES,2026-06-02T20:00,40.4,-3.6999989,Europe/Madrid,3.9,2.4,104.0,5.4,83.0,33
air_quality,2026-06-04T08:13:26+00:00,3117735,Madrid,ES,2026-06-02T21:00,40.4,-3.6999989,Europe/Madrid,3.7,2.4,104.0,5.6,80.0,32
air_quality,2026-06-04T08:13:26+00:00,3117735,Madrid,ES,2026-06-02T22:00,40.4,-3.6999989,Europe/Madrid,3.9,2.4,105.0,7.1,77.0,31
air_quality,2026-06-04T08:13:26+00:00,3117735,Madrid,ES,2026-06-02T23:00,40.4,-3.6999989,Europe/Madrid,4.2,2.7,105.0,7.0,69.0,28
air_quality,2026-06-04T08:13:26+00:00,3117735,Madrid,ES,2026-06-03T00:00,40.4,-3.6999989,Europe/Madrid,4.7,2.9,106.0,8.0,60.0,24
air_quality,2026-06-04T08:13:26+00:00,3117735,Madrid,ES,2026-06-03T01:00,40.4,-3.6999989,Europe/Madrid,4.4,2.5,106.0,8.3,54.0,22
air_quality,2026-06-04T08:13:26+00:00,3117735,Madrid,ES,2026-06-03T02:00,40.4,-3.6999989,Europe/Madrid,3.9,2.3,106.0,6.5,53.0,21
air_quality,2026-06-04T08:13:26+00:00,3117735,Madrid,ES,2026-06-03T03:00,40.4,-3.6999989,Europe/Madrid,4.5,2.3,105.0,5.6,54.0,22
air_quality,2026-06-04T08:13:26+00:00,3117735,Madrid,ES,2026-06-03T04:00,40.4,-3.6999989,Europe/Madrid,5.7,3.4,106.0,4.8,50.0,20
air_quality,2026-06-04T08:13:26+00:00,3117735,Madrid,ES,2026-06-03T05:00,40.4,-3.6999989,Europe/Madrid,6.5,4.0,109.0,5.0,46.0,18
air_quality,2026-06-04T08:13:26+00:00,3117735,Madrid,ES,2026-06-03T06:00,40.4,-3.6999989,Europe/Madrid,7.9,4.5,110.0,7.3,45.0,18
air_quality,2026-06-04T08:13:26+00:00,3117735,Madrid,ES,2026-06-03T07:00,40.4,-3.6999989,Europe/Madrid,9.4,4.8,119.0,14.1,39.0,16
air_quality,2026-06-04T08:13:26+00:00,3117735,Madrid,ES,2026-06-03T08:00,40.4,-3.6999989,Europe/Madrid,11.0,5.6,126.0,17.3,37.0,15
air_quality,2026-06-04T08:13:26+00:00,3117735,Madrid,ES,2026-06-03T09:00,40.4,-3.6999989,Europe/Madrid,11.0,5.5,124.0,14.7,45.0,18
air_quality,2026-06-04T08:13:26+00:00,3117735,Madrid,ES,2026-06-03T10:00,40.4,-3.6999989,Europe/Madrid,10.5,4.9,121.0,11.4,49.0,20
air_quality,2026-06-04T08:13:26+00:00,3117735,Madrid,ES,2026-06-03T11:00,40.4,-3.6999989,Europe/Madrid,9.9,4.5,119.0,9.2,59.0,24
air_quality,2026-06-04T08:13:26+00:00,3117735,Madrid,ES,2026-06-03T12:00,40.4,-3.6999989,Europe/Madrid,9.4,5.1,121.0,8.9,69.0,28
air_quality,2026-06-04T08:13:26+00:00,3117735,Madrid,ES,2026-06-03T13:00,40.4,-3.6999989,Europe/Madrid,9.4,5.3,123.0,9.8,81.0,32
air_quality,2026-06-04T08:13:26+00:00,3117735,Madrid,ES,2026-06-03T14:00,40.4,-3.6999989,Europe/Madrid,10.5,5.3,124.0,9.3,94.0,38
air_quality,2026-06-04T08:13:26+00:00,3117735,Madrid,ES,2026-06-03T15:00,40.4,-3.6999989,Europe/Madrid,11.0,5.3,121.0,8.6,105.0,43
air_quality,2026-06-04T08:13:26+00:00,3117735,Madrid,ES,2026-06-03T16:00,40.4,-3.6999989,Europe/Madrid,8.6,5.1,113.0,5.8,116.0,51
air_quality,2026-06-04T08:13:26+00:00,3117735,Madrid,ES,2026-06-03T17:00,40.4,-3.6999989,Europe/Madrid,7.6,4.4,108.0,4.1,104.0,43
air_quality,2026-06-04T08:13:26+00:00,3117735,Madrid,ES,2026-06-03T18:00,40.4,-3.6999989,Europe/Madrid,6.0,3.7,107.0,4.6,97.0,39
air_quality,2026-06-04T08:13:26+00:00,3117735,Madrid,ES,2026-06-03T19:00,40.4,-3.6999989,Europe/Madrid,5.5,3.1,106.0,5.3,91.0,36
air_quality,2026-06-04T08:13:26+00:00,3117735,Madrid,ES,2026-06-03T20:00,40.4,-3.6999989,Europe/Madrid,5.3,2.9,109.0,7.3,83.0,33
air_quality,2026-06-04T08:13:26+00:00,3117735,Madrid,ES,2026-06-03T21:00,40.4,-3.6999989,Europe/Madrid,5.2,2.8,107.0,7.4,81.0,32
air_quality,2026-06-04T08:13:26+00:00,3117735,Madrid,ES,2026-06-03T22:00,40.4,-3.6999989,Europe/Madrid,5.3,3.1,110.0,8.2,75.0,30
air_quality,2026-06-04T08:13:26+00:00,3117735,Madrid,ES,2026-06-03T23:00,40.4,-3.6999989,Europe/Madrid,5.5,3.7,111.0,8.5,71.0,28
air_quality,2026-06-04T08:13:26+00:00,3117735,Madrid,ES,2026-06-04T00:00,40.4,-3.6999989,Europe/Madrid,5.6,3.4,109.0,7.6,61.0,24
air_quality,2026-06-04T08:13:26+00:00,3117735,Madrid,ES,2026-06-04T01:00,40.4,-3.6999989,Europe/Madrid,6.3,4.0,108.0,7.9,49.0,20
air_quality,2026-06-04T08:13:26+00:00,3117735,Madrid,ES,2026-06-04T02:00,40.4,-3.6999989,Europe/Madrid,7.3,5.1,107.0,7.1,41.0,16
air_quality,2026-06-04T08:13:26+00:00,3117735,Madrid,ES,2026-06-04T03:00,40.4,-3.6999989,Europe/Madrid,7.6,5.9,105.0,6.5,38.0,15
air_quality,2026-06-04T08:13:26+00:00,3117735,Madrid,ES,2026-06-04T04:00,40.4,-3.6999989,Europe/Madrid,11.0,6.6,104.0,6.0,35.0,14
air_quality,2026-06-04T08:13:26+00:00,3117735,Madrid,ES,2026-06-04T05:00,40.4,-3.6999989,Europe/Madrid,13.3,7.8,103.0,7.1,33.0,13
air_quality,2026-06-04T08:13:26+00:00,3117735,Madrid,ES,2026-06-04T06:00,40.4,-3.6999989,Europe/Madrid,15.0,8.9,105.0,7.5,32.0,13
air_quality,2026-06-04T08:13:26+00:00,3117735,Madrid,ES,2026-06-04T07:00,40.4,-3.6999989,Europe/Madrid,20.3,10.6,111.0,14.0,29.0,12
air_quality,2026-06-04T08:13:26+00:00,3117735,Madrid,ES,2026-06-04T08:00,40.4,-3.6999989,Europe/Madrid,23.9,11.5,119.0,19.0,25.0,10
air_quality,2026-06-04T08:13:26+00:00,3117735,Madrid,ES,2026-06-04T09:00,40.4,-3.6999989,Europe/Madrid,23.9,10.5,115.0,15.1,32.0,13
air_quality,2026-06-04T08:13:26+00:00,3117735,Madrid,ES,2026-06-04T10:00,40.4,-3.6999989,Europe/Madrid,22.5,9.9,112.0,10.6,41.0,16
air_quality,2026-06-04T08:13:26+00:00,3117735,Madrid,ES,2026-06-04T11:00,40.4,-3.6999989,Europe/Madrid,17.9,7.1,106.0,5.6,54.0,22
air_quality,2026-06-04T08:13:26+00:00,3117735,Madrid,ES,2026-06-04T12:00,40.4,-3.6999989,Europe/Madrid,12.0,5.5,103.0,3.5,72.0,29
air_quality,2026-06-04T08:13:26+00:00,3117735,Madrid,ES,2026-06-04T13:00,40.4,-3.6999989,Europe/Madrid,7.8,4.2,104.0,2.8,83.0,33
air_quality,2026-06-04T08:13:26+00:00,3117735,Madrid,ES,2026-06-04T14:00,40.4,-3.6999989,Europe/Madrid,6.2,3.5,103.0,2.6,85.0,34
air_quality,2026-06-04T08:13:26+00:00,3117735,Madrid,ES,2026-06-04T15:00,40.4,-3.6999989,Europe/Madrid,5.9,3.3,102.0,2.5,82.0,33
air_quality,2026-06-04T08:13:26+00:00,3117735,Madrid,ES,2026-06-04T16:00,40.4,-3.6999989,Europe/Madrid,5.6,3.5,101.0,2.8,79.0,32
air_quality,2026-06-04T08:13:26+00:00,3117735,Madrid,ES,2026-06-04T17:00,40.4,-3.6999989,Europe/Madrid,5.9,3.6,101.0,2.7,78.0,31
air_quality,2026-06-04T08:13:26+00:00,3117735,Madrid,ES,2026-06-04T18:00,40.4,-3.6999989,Europe/Madrid,5.9,3.6,101.0,3.1,75.0,30
air_quality,2026-06-04T08:13:26+00:00,3117735,Madrid,ES,2026-06-04T19:00,40.4,-3.6999989,Europe/Madrid,5.6,3.4,102.0,3.1,75.0,30
air_quality,2026-06-04T08:13:26+00:00,3117735,Madrid,ES,2026-06-04T20:00,40.4,-3.6999989,Europe/Madrid,6.2,3.2,104.0,4.5,78.0,31
air_quality,2026-06-04T08:13:26+00:00,3117735,Madrid,ES,2026-06-04T21:00,40.4,-3.6999989,Europe/Madrid,6.7,3.2,104.0,4.5,80.0,32
air_quality,2026-06-04T08:13:26+00:00,3117735,Madrid,ES,2026-06-04T22:00,40.4,-3.6999989,Europe/Madrid,7.0,3.7,106.0,6.3,79.0,32
air_quality,2026-06-04T08:13:26+00:00,3117735,Madrid,ES,2026-06-04T23:00,40.4,-3.6999989,Europe/Madrid,7.4,3.9,105.0,7.0,71.0,28
air_quality,2026-06-04T08:13:26+00:00,3128760,Barcelona,ES,2026-05-05T00:00,41.4,2.2000008,Europe/Madrid,13.6,9.4,143.0,31.4,53.0,22
air_quality,2026-06-04T08:13:26+00:00,3128760,Barcelona,ES,2026-05-05T01:00,41.4,2.2000008,Europe/Madrid,11.4,9.2,147.0,34.9,46.0,22
air_quality,2026-06-04T08:13:26+00:00,3128760,Barcelona,ES,2026-05-05T02:00,41.4,2.2000008,Europe/Madrid,12.1,9.8,143.0,28.6,46.0,22
air_quality,2026-06-04T08:13:26+00:00,3128760,Barcelona,ES,2026-05-05T03:00,41.4,2.2000008,Europe/Madrid,12.4,9.9,142.0,32.5,43.0,22
air_quality,2026-06-04T08:13:26+00:00,3128760,Barcelona,ES,2026-05-05T04:00,41.4,2.2000008,Europe/Madrid,11.9,9.7,140.0,30.2,35.0,21
air_quality,2026-06-04T08:13:26+00:00,3128760,Barcelona,ES,2026-05-05T05:00,41.4,2.2000008,Europe/Madrid,11.3,9.5,142.0,30.1,28.0,21
air_quality,2026-06-04T08:13:26+00:00,3128760,Barcelona,ES,2026-05-05T06:00,41.4,2.2000008,Europe/Madrid,11.1,9.3,145.0,33.0,21.0,20
air_quality,2026-06-04T08:13:26+00:00,3128760,Barcelona,ES,2026-05-05T07:00,41.4,2.2000008,Europe/Madrid,12.9,9.4,173.0,38.9,13.0,20
air_quality,2026-06-04T08:13:26+00:00,3128760,Barcelona,ES,2026-05-05T08:00,41.4,2.2000008,Europe/Madrid,15.7,10.4,196.0,46.4,16.0,23
air_quality,2026-06-04T08:13:26+00:00,3128760,Barcelona,ES,2026-05-05T09:00,41.4,2.2000008,Europe/Madrid,16.3,11.1,173.0,38.5,37.0,19
air_quality,2026-06-04T08:13:26+00:00,3128760,Barcelona,ES,2026-05-05T10:00,41.4,2.2000008,Europe/Madrid,16.4,11.4,170.0,34.9,46.0,18
air_quality,2026-06-04T08:13:26+00:00,3128760,Barcelona,ES,2026-05-05T11:00,41.4,2.2000008,Europe/Madrid,15.8,11.1,165.0,28.6,48.0,19
air_quality,2026-06-04T08:13:26+00:00,3128760,Barcelona,ES,2026-05-05T12:00,41.4,2.2000008,Europe/Madrid,14.0,11.4,163.0,24.6,56.0,22
air_quality,2026-06-04T08:13:26+00:00,3128760,Barcelona,ES,2026-05-05T13:00,41.4,2.2000008,Europe/Madrid,15.3,12.7,158.0,21.8,72.0,29
air_quality,2026-06-04T08:13:26+00:00,3128760,Barcelona,ES,2026-05-05T14:00,41.4,2.2000008,Europe/Madrid,16.7,15.3,152.0,18.4,84.0,34
air_quality,2026-06-04T08:13:26+00:00,3128760,Barcelona,ES,2026-05-05T15:00,41.4,2.2000008,Europe/Madrid,15.5,14.6,148.0,14.3,97.0,39
air_quality,2026-06-04T08:13:26+00:00,3128760,Barcelona,ES,2026-05-05T16:00,41.4,2.2000008,Europe/Madrid,13.1,11.2,142.0,12.1,101.0,41
air_quality,2026-06-04T08:13:26+00:00,3128760,Barcelona,ES,2026-05-05T17:00,41.4,2.2000008,Europe/Madrid,14.0,10.9,142.0,11.6,104.0,43
air_quality,2026-06-04T08:13:26+00:00,3128760,Barcelona,ES,2026-05-05T18:00,41.4,2.2000008,Europe/Madrid,13.0,9.3,140.0,16.0,97.0,39
air_quality,2026-06-04T08:13:26+00:00,3128760,Barcelona,ES,2026-05-05T19:00,41.4,2.2000008,Europe/Madrid,14.2,8.9,142.0,24.3,87.0,35
air_quality,2026-06-04T08:13:26+00:00,3128760,Barcelona,ES,2026-05-05T20:00,41.4,2.2000008,Europe/Madrid,14.9,11.3,142.0,28.0,81.0,32
air_quality,2026-06-04T08:13:26+00:00,3128760,Barcelona,ES,2026-05-05T21:00,41.4,2.2000008,Europe/Madrid,15.0,10.1,170.0,51.7,65.0,26
air_quality,2026-06-04T08:13:26+00:00,3128760,Barcelona,ES,2026-05-05T22:00,41.4,2.2000008,Europe/Madrid,10.8,8.9,160.0,42.6,56.0,22
air_quality,2026-06-04T08:13:26+00:00,3128760,Barcelona,ES,2026-05-05T23:00,41.4,2.2000008,Europe/Madrid,8.9,7.1,157.0,41.1,51.0,21
air_quality,2026-06-04T08:13:26+00:00,3128760,Barcelona,ES,2026-05-06T00:00,41.4,2.2000008,Europe/Madrid,9.4,7.5,157.0,40.7,48.0,21
air_quality,2026-06-04T08:13:26+00:00,3128760,Barcelona,ES,2026-05-06T01:00,41.4,2.2000008,Europe/Madrid,10.3,7.7,161.0,41.9,42.0,21
air_quality,2026-06-04T08:13:26+00:00,3128760,Barcelona,ES,2026-05-06T02:00,41.4,2.2000008,Europe/Madrid,12.8,10.3,164.0,38.8,40.0,21
air_quality,2026-06-04T08:13:26+00:00,3128760,Barcelona,ES,2026-05-06T03:00,41.4,2.2000008,Europe/Madrid,13.7,11.2,161.0,37.7,35.0,21
air_quality,2026-06-04T08:13:26+00:00,3128760,Barcelona,ES,2026-05-06T04:00,41.4,2.2000008,Europe/Madrid,14.8,12.6,158.0,33.8,33.0,21
air_quality,2026-06-04T08:13:26+00:00,3128760,Barcelona,ES,2026-05-06T05:00,41.4,2.2000008,Europe/Madrid,17.9,13.6,160.0,43.5,26.0,21
air_quality,2026-06-04T08:13:26+00:00,3128760,Barcelona,ES,2026-05-06T06:00,41.4,2.2000008,Europe/Madrid,17.3,13.1,163.0,47.0,22.0,23
air_quality,2026-06-04T08:13:26+00:00,3128760,Barcelona,ES,2026-05-06T07:00,41.4,2.2000008,Europe/Madrid,15.3,11.8,167.0,48.2,22.0,23
air_quality,2026-06-04T08:13:26+00:00,3128760,Barcelona,ES,2026-05-06T08:00,41.4,2.2000008,Europe/Madrid,16.0,10.2,183.0,45.3,27.0,22
air_quality,2026-06-04T08:13:26+00:00,3128760,Barcelona,ES,2026-05-06T09:00,41.4,2.2000008,Europe/Madrid,12.5,7.9,176.0,34.0,42.0,22
air_quality,2026-06-04T08:13:26+00:00,3128760,Barcelona,ES,2026-05-06T10:00,41.4,2.2000008,Europe/Madrid,9.7,6.4,155.0,22.4,57.0,23
air_quality,2026-06-04T08:13:26+00:00,3128760,Barcelona,ES,2026-05-06T11:00,41.4,2.2000008,Europe/Madrid,7.2,6.0,150.0,17.1,68.0,27
air_quality,2026-06-04T08:13:26+00:00,3128760,Barcelona,ES,2026-05-06T12:00,41.4,2.2000008,Europe/Madrid,8.6,6.7,151.0,13.7,74.0,30
air_quality,2026-06-04T08:13:26+00:00,3128760,Barcelona,ES,2026-05-06T13:00,41.4,2.2000008,Europe/Madrid,6.9,4.9,149.0,11.1,86.0,34
air_quality,2026-06-04T08:13:26+00:00,3128760,Barcelona,ES,2026-05-06T14:00,41.4,2.2000008,Europe/Madrid,6.4,5.0,144.0,8.6,91.0,36
air_quality,2026-06-04T08:13:26+00:00,3128760,Barcelona,ES,2026-05-06T15:00,41.4,2.2000008,Europe/Madrid,6.4,4.3,142.0,8.2,97.0,39
air_quality,2026-06-04T08:13:26+00:00,3128760,Barcelona,ES,2026-05-06T16:00,41.4,2.2000008,Europe/Madrid,5.8,4.1,142.0,8.5,99.0,40
air_quality,2026-06-04T08:13:26+00:00,3128760,Barcelona,ES,2026-05-06T17:00,41.4,2.2000008,Europe/Madrid,5.7,3.7,139.0,9.2,99.0,40
air_quality,2026-06-04T08:13:26+00:00,3128760,Barcelona,ES,2026-05-06T18:00,41.4,2.2000008,Europe/Madrid,5.6,3.7,140.0,10.2,98.0,39
air_quality,2026-06-04T08:13:26+00:00,3128760,Barcelona,ES,2026-05-06T19:00,41.4,2.2000008,Europe/Madrid,6.4,3.7,142.0,13.3,94.0,38
air_quality,2026-06-04T08:13:26+00:00,3128760,Barcelona,ES,2026-05-06T20:00,41.4,2.2000008,Europe/Madrid,6.5,3.9,144.0,19.3,88.0,35
air_quality,2026-06-04T08:13:26+00:00,3128760,Barcelona,ES,2026-05-06T21:00,41.4,2.2000008,Europe/Madrid,8.0,4.8,150.0,35.9,76.0,30
air_quality,2026-06-04T08:13:26+00:00,3128760,Barcelona,ES,2026-05-06T22:00,41.4,2.2000008,Europe/Madrid,9.8,6.6,154.0,43.7,71.0,28
air_quality,2026-06-04T08:13:26+00:00,3128760,Barcelona,ES,2026-05-06T23:00,41.4,2.2000008,Europe/Madrid,12.0,8.1,157.0,46.1,61.0,24
air_quality,2026-06-04T08:13:26+00:00,3128760,Barcelona,ES,2026-05-07T00:00,41.4,2.2000008,Europe/Madrid,15.9,11.6,162.0,51.8,51.0,25
air_quality,2026-06-04T08:13:26+00:00,3128760,Barcelona,ES,2026-05-07T01:00,41.4,2.2000008,Europe/Madrid,19.4,14.1,169.0,66.2,48.0,30
air_quality,2026-06-04T08:13:26+00:00,3128760,Barcelona,ES,2026-05-07T02:00,41.4,2.2000008,Europe/Madrid,23.6,15.7,177.0,58.3,44.0,27
air_quality,2026-06-04T08:13:26+00:00,3128760,Barcelona,ES,2026-05-07T03:00,41.4,2.2000008,Europe/Madrid,16.9,12.1,158.0,32.7,52.0,21
air_quality,2026-06-04T08:13:26+00:00,3128760,Barcelona,ES,2026-05-07T04:00,41.4,2.2000008,Europe/Madrid,13.2,10.2,149.0,21.0,60.0,24
air_quality,2026-06-04T08:13:26+00:00,3128760,Barcelona,ES,2026-05-07T05:00,41.4,2.2000008,Europe/Madrid,13.2,10.1,145.0,21.5,60.0,24
air_quality,2026-06-04T08:13:26+00:00,3128760,Barcelona,ES,2026-05-07T06:00,41.4,2.2000008,Europe/Madrid,14.0,10.5,147.0,29.0,49.0,20
air_quality,2026-06-04T08:13:26+00:00,3128760,Barcelona,ES,2026-05-07T07:00,41.4,2.2000008,Europe/Madrid,15.4,11.0,154.0,39.4,37.0,20
air_quality,2026-06-04T08:13:26+00:00,3128760,Barcelona,ES,2026-05-07T08:00,41.4,2.2000008,Europe/Madrid,18.8,11.9,177.0,48.5,32.0,23
air_quality,2026-06-04T08:13:26+00:00,3128760,Barcelona,ES,2026-05-07T09:00,41.4,2.2000008,Europe/Madrid,14.8,11.1,161.0,33.6,55.0,22
air_quality,2026-06-04T08:13:26+00:00,3128760,Barcelona,ES,2026-05-07T10:00,41.4,2.2000008,Europe/Madrid,10.6,7.4,146.0,19.8,73.0,29
air_quality,2026-06-04T08:13:26+00:00,3128760,Barcelona,ES,2026-05-07T11:00,41.4,2.2000008,Europe/Madrid,8.1,5.1,135.0,9.9,85.0,34
air_quality,2026-06-04T08:13:26+00:00,3128760,Barcelona,ES,2026-05-07T12:00,41.4,2.2000008,Europe/Madrid,6.7,4.0,133.0,7.2,91.0,36
air_quality,2026-06-04T08:13:26+00:00,3128760,Barcelona,ES,2026-05-07T13:00,41.4,2.2000008,Europe/Madrid,6.4,3.3,135.0,6.4,93.0,37
air_quality,2026-06-04T08:13:26+00:00,3128760,Barcelona,ES,2026-05-07T14:00,41.4,2.2000008,Europe/Madrid,6.3,3.4,135.0,5.6,96.0,38
air_quality,2026-06-04T08:13:26+00:00,3128760,Barcelona,ES,2026-05-07T15:00,41.4,2.2000008,Europe/Madrid,7.4,3.4,135.0,5.8,98.0,39
air_quality,2026-06-04T08:13:26+00:00,3128760,Barcelona,ES,2026-05-07T16:00,41.4,2.2000008,Europe/Madrid,8.2,3.5,133.0,5.9,100.0,40
air_quality,2026-06-04T08:13:26+00:00,3128760,Barcelona,ES,2026-05-07T17:00,41.4,2.2000008,Europe/Madrid,8.3,3.7,133.0,6.1,99.0,40
air_quality,2026-06-04T08:13:26+00:00,3128760,Barcelona,ES,2026-05-07T18:00,41.4,2.2000008,Europe/Madrid,8.5,4.1,134.0,7.7,98.0,39
air_quality,2026-06-04T08:13:26+00:00,3128760,Barcelona,ES,2026-05-07T19:00,41.4,2.2000008,Europe/Madrid,8.8,4.5,136.0,11.5,94.0,38
air_quality,2026-06-04T08:13:26+00:00,3128760,Barcelona,ES,2026-05-07T20:00,41.4,2.2000008,Europe/Madrid,9.0,4.9,136.0,14.8,88.0,35
air_quality,2026-06-04T08:13:26+00:00,3128760,Barcelona,ES,2026-05-07T21:00,41.4,2.2000008,Europe/Madrid,9.8,5.5,142.0,24.4,81.0,32
air_quality,2026-06-04T08:13:26+00:00,3128760,Barcelona,ES,2026-05-07T22:00,41.4,2.2000008,Europe/Madrid,10.4,6.1,150.0,31.9,71.0,28
air_quality,2026-06-04T08:13:26+00:00,3128760,Barcelona,ES,2026-05-07T23:00,41.4,2.2000008,Europe/Madrid,10.7,7.1,154.0,37.0,64.0,26
air_quality,2026-06-04T08:13:26+00:00,3128760,Barcelona,ES,2026-05-08T00:00,41.4,2.2000008,Europe/Madrid,13.1,8.4,161.0,43.8,59.0,24
air_quality,2026-06-04T08:13:26+00:00,3128760,Barcelona,ES,2026-05-08T01:00,41.4,2.2000008,Europe/Madrid,16.4,11.0,171.0,54.1,49.0,26
air_quality,2026-06-04T08:13:26+00:00,3128760,Barcelona,ES,2026-05-08T02:00,41.4,2.2000008,Europe/Madrid,20.0,13.9,186.0,69.1,28.0,32
air_quality,2026-06-04T08:13:26+00:00,3128760,Barcelona,ES,2026-05-08T03:00,41.4,2.2000008,Europe/Madrid,23.9,17.2,197.0,69.3,28.0,32
air_quality,2026-06-04T08:13:26+00:00,3128760,Barcelona,ES,2026-05-08T04:00,41.4,2.2000008,Europe/Madrid,26.7,20.5,183.0,64.5,28.0,30
air_quality,2026-06-04T08:13:26+00:00,3128760,Barcelona,ES,2026-05-08T05:00,41.4,2.2000008,Europe/Madrid,26.4,21.8,183.0,55.1,29.0,26
air_quality,2026-06-04T08:13:26+00:00,3128760,Barcelona,ES,2026-05-08T06:00,41.4,2.2000008,Europe/Madrid,24.9,20.8,184.0,53.6,26.0,25
air_quality,2026-06-04T08:13:26+00:00,3128760,Barcelona,ES,2026-05-08T07:00,41.4,2.2000008,Europe/Madrid,25.8,20.0,197.0,55.8,20.0,26
air_quality,2026-06-04T08:13:26+00:00,3128760,Barcelona,ES,2026-05-08T08:00,41.4,2.2000008,Europe/Madrid,30.1,22.4,227.0,56.5,16.0,27
air_quality,2026-06-04T08:13:26+00:00,3128760,Barcelona,ES,2026-05-08T09:00,41.4,2.2000008,Europe/Madrid,35.6,23.4,240.0,60.5,22.0,28
air_quality,2026-06-04T08:13:26+00:00,3128760,Barcelona,ES,2026-05-08T10:00,41.4,2.2000008,Europe/Madrid,28.3,20.3,225.0,53.6,44.0,25
air_quality,2026-06-04T08:13:26+00:00,3128760,Barcelona,ES,2026-05-08T11:00,41.4,2.2000008,Europe/Madrid,15.5,11.7,162.0,34.9,75.0,30
air_quality,2026-06-04T08:13:26+00:00,3128760,Barcelona,ES,2026-05-08T12:00,41.4,2.2000008,Europe/Madrid,10.2,6.2,131.0,17.0,83.0,33
air_quality,2026-06-04T08:13:26+00:00,3128760,Barcelona,ES,2026-05-08T13:00,41.4,2.2000008,Europe/Madrid,8.7,5.2,125.0,11.7,90.0,36
air_quality,2026-06-04T08:13:26+00:00,3128760,Barcelona,ES,2026-05-08T14:00,41.4,2.2000008,Europe/Madrid,9.0,5.3,125.0,11.3,93.0,37
air_quality,2026-06-04T08:13:26+00:00,3128760,Barcelona,ES,2026-05-08T15:00,41.4,2.2000008,Europe/Madrid,9.8,5.6,125.0,12.1,93.0,37
air_quality,2026-06-04T08:13:26+00:00,3128760,Barcelona,ES,2026-05-08T16:00,41.4,2.2000008,Europe/Madrid,9.1,5.8,125.0,12.1,92.0,37
air_quality,2026-06-04T08:13:26+00:00,3128760,Barcelona,ES,2026-05-08T17:00,41.4,2.2000008,Europe/Madrid,10.0,6.3,125.0,11.3,92.0,37
air_quality,2026-06-04T08:13:26+00:00,3128760,Barcelona,ES,2026-05-08T18:00,41.4,2.2000008,Europe/Madrid,12.6,7.4,125.0,10.6,91.0,36
air_quality,2026-06-04T08:13:26+00:00,3128760,Barcelona,ES,2026-05-08T19:00,41.4,2.2000008,Europe/Madrid,14.4,7.9,128.0,13.3,90.0,36
air_quality,2026-06-04T08:13:26+00:00,3128760,Barcelona,ES,2026-05-08T20:00,41.4,2.2000008,Europe/Madrid,14.6,7.7,128.0,16.0,86.0,34
air_quality,2026-06-04T08:13:26+00:00,3128760,Barcelona,ES,2026-05-08T21:00,41.4,2.2000008,Europe/Madrid,13.6,7.7,130.0,21.4,82.0,33
air_quality,2026-06-04T08:13:26+00:00,3128760,Barcelona,ES,2026-05-08T22:00,41.4,2.2000008,Europe/Madrid,11.0,6.9,130.0,24.1,73.0,29
air_quality,2026-06-04T08:13:26+00:00,3128760,Barcelona,ES,2026-05-08T23:00,41.4,2.2000008,Europe/Madrid,10.6,6.2,128.0,24.9,74.0,30
air_quality,2026-06-04T08:13:26+00:00,3128760,Barcelona,ES,2026-05-09T00:00,41.4,2.2000008,Europe/Madrid,10.3,6.0,130.0,24.4,67.0,27
air_quality,2026-06-04T08:13:26+00:00,3128760,Barcelona,ES,2026-05-09T01:00,41.4,2.2000008,Europe/Madrid,10.0,6.4,128.0,26.3,62.0,25
air_quality,2026-06-04T08:13:26+00:00,3128760,Barcelona,ES,2026-05-09T02:00,41.4,2.2000008,Europe/Madrid,10.7,7.3,137.0,35.6,56.0,24
air_quality,2026-06-04T08:13:26+00:00,3128760,Barcelona,ES,2026-05-09T03:00,41.4,2.2000008,Europe/Madrid,11.3,7.8,134.0,36.9,53.0,23
air_quality,2026-06-04T08:13:26+00:00,3128760,Barcelona,ES,2026-05-09T04:00,41.4,2.2000008,Europe/Madrid,13.1,7.2,132.0,35.1,52.0,22
air_quality,2026-06-04T08:13:26+00:00,3128760,Barcelona,ES,2026-05-09T05:00,41.4,2.2000008,Europe/Madrid,13.2,7.0,131.0,22.3,56.0,22
air_quality,2026-06-04T08:13:26+00:00,3128760,Barcelona,ES,2026-05-09T06:00,41.4,2.2000008,Europe/Madrid,12.0,7.3,125.0,17.9,62.0,25
air_quality,2026-06-04T08:13:26+00:00,3128760,Barcelona,ES,2026-05-09T07:00,41.4,2.2000008,Europe/Madrid,10.4,7.5,125.0,14.9,66.0,26
air_quality,2026-06-04T08:13:26+00:00,3128760,Barcelona,ES,2026-05-09T08:00,41.4,2.2000008,Europe/Madrid,9.3,6.8,125.0,14.6,69.0,28
air_quality,2026-06-04T08:13:26+00:00,3128760,Barcelona,ES,2026-05-09T09:00,41.4,2.2000008,Europe/Madrid,8.1,5.6,124.0,10.9,72.0,29
air_quality,2026-06-04T08:13:26+00:00,3128760,Barcelona,ES,2026-05-09T10:00,41.4,2.2000008,Europe/Madrid,8.5,5.2,123.0,7.9,80.0,32
air_quality,2026-06-04T08:13:26+00:00,3128760,Barcelona,ES,2026-05-09T11:00,41.4,2.2000008,Europe/Madrid,8.6,5.3,120.0,6.4,82.0,33
air_quality,2026-06-04T08:13:26+00:00,3128760,Barcelona,ES,2026-05-09T12:00,41.4,2.2000008,Europe/Madrid,9.1,5.2,119.0,5.7,84.0,34
air_quality,2026-06-04T08:13:26+00:00,3128760,Barcelona,ES,2026-05-09T13:00,41.4,2.2000008,Europe/Madrid,9.9,6.2,118.0,5.3,88.0,35
air_quality,2026-06-04T08:13:26+00:00,3128760,Barcelona,ES,2026-05-09T14:00,41.4,2.2000008,Europe/Madrid,11.7,5.9,118.0,5.1,88.0,35
air_quality,2026-06-04T08:13:26+00:00,3128760,Barcelona,ES,2026-05-09T15:00,41.4,2.2000008,Europe/Madrid,11.8,5.4,118.0,5.2,88.0,35
air_quality,2026-06-04T08:13:26+00:00,3128760,Barcelona,ES,2026-05-09T16:00,41.4,2.2000008,Europe/Madrid,12.0,6.4,118.0,5.3,87.0,35
air_quality,2026-06-04T08:13:26+00:00,3128760,Barcelona,ES,2026-05-09T17:00,41.4,2.2000008,Europe/Madrid,11.5,6.4,118.0,6.0,89.0,36
air_quality,2026-06-04T08:13:26+00:00,3128760,Barcelona,ES,2026-05-09T18:00,41.4,2.2000008,Europe/Madrid,11.3,7.1,123.0,8.3,85.0,34
air_quality,2026-06-04T08:13:26+00:00,3128760,Barcelona,ES,2026-05-09T19:00,41.4,2.2000008,Europe/Madrid,12.0,7.7,127.0,12.1,80.0,32
air_quality,2026-06-04T08:13:26+00:00,3128760,Barcelona,ES,2026-05-09T20:00,41.4,2.2000008,Europe/Madrid,12.0,7.6,131.0,19.7,72.0,29
air_quality,2026-06-04T08:13:26+00:00,3128760,Barcelona,ES,2026-05-09T21:00,41.4,2.2000008,Europe/Madrid,12.0,7.8,138.0,36.5,62.0,25
air_quality,2026-06-04T08:13:26+00:00,3128760,Barcelona,ES,2026-05-09T22:00,41.4,2.2000008,Europe/Madrid,13.3,8.9,141.0,40.5,49.0,20
air_quality,2026-06-04T08:13:26+00:00,3128760,Barcelona,ES,2026-05-09T23:00,41.4,2.2000008,Europe/Madrid,15.7,9.5,148.0,47.7,50.0,23
air_quality,2026-06-04T08:13:26+00:00,3128760,Barcelona,ES,2026-05-10T00:00,41.4,2.2000008,Europe/Madrid,17.0,10.6,152.0,59.1,42.0,28
air_quality,2026-06-04T08:13:26+00:00,3128760,Barcelona,ES,2026-05-10T01:00,41.4,2.2000008,Europe/Madrid,16.1,11.1,161.0,57.1,22.0,27
air_quality,2026-06-04T08:13:26+00:00,3128760,Barcelona,ES,2026-05-10T02:00,41.4,2.2000008,Europe/Madrid,17.5,11.3,155.0,38.9,24.0,19
air_quality,2026-06-04T08:13:26+00:00,3128760,Barcelona,ES,2026-05-10T03:00,41.4,2.2000008,Europe/Madrid,13.7,11.1,139.0,29.5,36.0,15
air_quality,2026-06-04T08:13:26+00:00,3128760,Barcelona,ES,2026-05-10T04:00,41.4,2.2000008,Europe/Madrid,13.5,10.8,135.0,26.5,37.0,15
air_quality,2026-06-04T08:13:26+00:00,3128760,Barcelona,ES,2026-05-10T05:00,41.4,2.2000008,Europe/Madrid,13.1,10.5,131.0,28.5,30.0,15
air_quality,2026-06-04T08:13:26+00:00,3128760,Barcelona,ES,2026-05-10T06:00,41.4,2.2000008,Europe/Madrid,12.9,10.5,131.0,26.2,32.0,16
air_quality,2026-06-04T08:13:26+00:00,3128760,Barcelona,ES,2026-05-10T07:00,41.4,2.2000008,Europe/Madrid,13.0,10.4,137.0,22.2,31.0,16
air_quality,2026-06-04T08:13:26+00:00,3128760,Barcelona,ES,2026-05-10T08:00,41.4,2.2000008,Europe/Madrid,12.8,10.2,143.0,20.9,39.0,16
air_quality,2026-06-04T08:13:26+00:00,3128760,Barcelona,ES,2026-05-10T09:00,41.4,2.2000008,Europe/Madrid,9.2,7.5,132.0,12.5,54.0,22
air_quality,2026-06-04T08:13:26+00:00,3128760,Barcelona,ES,2026-05-10T10:00,41.4,2.2000008,Europe/Madrid,9.6,5.9,126.0,10.5,77.0,31
air_quality,2026-06-04T08:13:26+00:00,3128760,Barcelona,ES,2026-05-10T11:00,41.4,2.2000008,Europe/Madrid,8.3,5.7,122.0,6.8,78.0,31
air_quality,2026-06-04T08:13:26+00:00,3128760,Barcelona,ES,2026-05-10T12:00,41.4,2.2000008,Europe/Madrid,8.7,4.9,121.0,6.0,85.0,34
air_quality,2026-06-04T08:13:26+00:00,3128760,Barcelona,ES,2026-05-10T13:00,41.4,2.2000008,Europe/Madrid,6.7,4.1,120.0,5.5,90.0,36
air_quality,2026-06-04T08:13:26+00:00,3128760,Barcelona,ES,2026-05-10T14:00,41.4,2.2000008,Europe/Madrid,7.0,4.2,119.0,5.8,88.0,35
air_quality,2026-06-04T08:13:26+00:00,3128760,Barcelona,ES,2026-05-10T15:00,41.4,2.2000008,Europe/Madrid,7.4,4.0,120.0,5.5,89.0,36
air_quality,2026-06-04T08:13:26+00:00,3128760,Barcelona,ES,2026-05-10T16:00,41.4,2.2000008,Europe/Madrid,7.2,4.1,120.0,4.9,91.0,36
air_quality,2026-06-04T08:13:26+00:00,3128760,Barcelona,ES,2026-05-10T17:00,41.4,2.2000008,Europe/Madrid,7.2,4.4,119.0,5.4,89.0,36
air_quality,2026-06-04T08:13:26+00:00,3128760,Barcelona,ES,2026-05-10T18:00,41.4,2.2000008,Europe/Madrid,8.1,4.6,121.0,6.0,87.0,35
air_quality,2026-06-04T08:13:26+00:00,3128760,Barcelona,ES,2026-05-10T19:00,41.4,2.2000008,Europe/Madrid,8.8,4.3,120.0,7.9,81.0,32
air_quality,2026-06-04T08:13:26+00:00,3128760,Barcelona,ES,2026-05-10T20:00,41.4,2.2000008,Europe/Madrid,9.1,4.3,118.0,9.3,77.0,31
air_quality,2026-06-04T08:13:26+00:00,3128760,Barcelona,ES,2026-05-10T21:00,41.4,2.2000008,Europe/Madrid,9.2,4.5,123.0,13.7,71.0,28
air_quality,2026-06-04T08:13:26+00:00,3128760,Barcelona,ES,2026-05-10T22:00,41.4,2.2000008,Europe/Madrid,9.1,4.7,126.0,17.8,66.0,26
air_quality,2026-06-04T08:13:26+00:00,3128760,Barcelona,ES,2026-05-10T23:00,41.4,2.2000008,Europe/Madrid,10.3,5.0,128.0,21.3,58.0,23
air_quality,2026-06-04T08:13:26+00:00,3128760,Barcelona,ES,2026-05-11T00:00,41.4,2.2000008,Europe/Madrid,9.7,5.3,127.0,18.8,55.0,22
air_quality,2026-06-04T08:13:26+00:00,3128760,Barcelona,ES,2026-05-11T01:00,41.4,2.2000008,Europe/Madrid,9.9,6.5,134.0,22.5,49.0,20
air_quality,2026-06-04T08:13:26+00:00,3128760,Barcelona,ES,2026-05-11T02:00,41.4,2.2000008,Europe/Madrid,10.7,5.9,130.0,23.9,43.0,17
air_quality,2026-06-04T08:13:26+00:00,3128760,Barcelona,ES,2026-05-11T03:00,41.4,2.2000008,Europe/Madrid,8.0,5.8,128.0,23.4,37.0,15
air_quality,2026-06-04T08:13:26+00:00,3128760,Barcelona,ES,2026-05-11T04:00,41.4,2.2000008,Europe/Madrid,6.8,5.0,124.0,15.3,36.0,14
air_quality,2026-06-04T08:13:26+00:00,3128760,Barcelona,ES,2026-05-11T05:00,41.4,2.2000008,Europe/Madrid,5.7,3.6,122.0,14.6,38.0,15
air_quality,2026-06-04T08:13:26+00:00,3128760,Barcelona,ES,2026-05-11T06:00,41.4,2.2000008,Europe/Madrid,5.1,3.4,124.0,18.0,39.0,16
air_quality,2026-06-04T08:13:26+00:00,3128760,Barcelona,ES,2026-05-11T07:00,41.4,2.2000008,Europe/Madrid,5.9,4.1,139.0,25.1,34.0,14
air_quality,2026-06-04T08:13:26+00:00,3128760,Barcelona,ES,2026-05-11T08:00,41.4,2.2000008,Europe/Madrid,7.5,5.1,151.0,33.5,25.0,17
air_quality,2026-06-04T08:13:26+00:00,3128760,Barcelona,ES,2026-05-11T09:00,41.4,2.2000008,Europe/Madrid,8.2,5.5,155.0,27.7,41.0,16
air_quality,2026-06-04T08:13:26+00:00,3128760,Barcelona,ES,2026-05-11T10:00,41.4,2.2000008,Europe/Madrid,7.6,5.5,149.0,25.1,56.0,22
air_quality,2026-06-04T08:13:26+00:00,3128760,Barcelona,ES,2026-05-11T11:00,41.4,2.2000008,Europe/Madrid,7.2,4.5,139.0,18.1,60.0,24
air_quality,2026-06-04T08:13:26+00:00,3128760,Barcelona,ES,2026-05-11T12:00,41.4,2.2000008,Europe/Madrid,6.8,3.7,135.0,17.2,68.0,27
air_quality,2026-06-04T08:13:26+00:00,3128760,Barcelona,ES,2026-05-11T13:00,41.4,2.2000008,Europe/Madrid,6.3,3.7,130.0,14.5,76.0,30
air_quality,2026-06-04T08:13:26+00:00,3128760,Barcelona,ES,2026-05-11T14:00,41.4,2.2000008,Europe/Madrid,6.4,3.7,126.0,12.3,86.0,34
air_quality,2026-06-04T08:13:26+00:00,3128760,Barcelona,ES,2026-05-11T15:00,41.4,2.2000008,Europe/Madrid,7.7,3.8,124.0,8.6,93.0,37
air_quality,2026-06-04T08:13:26+00:00,3128760,Barcelona,ES,2026-05-11T16:00,41.4,2.2000008,Europe/Madrid,8.1,3.8,123.0,7.3,97.0,39
air_quality,2026-06-04T08:13:26+00:00,3128760,Barcelona,ES,2026-05-11T17:00,41.4,2.2000008,Europe/Madrid,9.0,3.9,122.0,6.9,95.0,38
air_quality,2026-06-04T08:13:26+00:00,3128760,Barcelona,ES,2026-05-11T18:00,41.4,2.2000008,Europe/Madrid,9.6,4.0,123.0,8.0,89.0,36
air_quality,2026-06-04T08:13:26+00:00,3128760,Barcelona,ES,2026-05-11T19:00,41.4,2.2000008,Europe/Madrid,9.6,4.1,124.0,9.5,80.0,32
air_quality,2026-06-04T08:13:26+00:00,3128760,Barcelona,ES,2026-05-11T20:00,41.4,2.2000008,Europe/Madrid,9.8,4.5,124.0,12.5,79.0,32
air_quality,2026-06-04T08:13:26+00:00,3128760,Barcelona,ES,2026-05-11T21:00,41.4,2.2000008,Europe/Madrid,11.0,5.0,123.0,14.8,77.0,31
air_quality,2026-06-04T08:13:26+00:00,3128760,Barcelona,ES,2026-05-11T22:00,41.4,2.2000008,Europe/Madrid,10.8,5.4,126.0,18.0,71.0,28
air_quality,2026-06-04T08:13:26+00:00,3128760,Barcelona,ES,2026-05-11T23:00,41.4,2.2000008,Europe/Madrid,10.0,5.5,130.0,19.3,71.0,28
air_quality,2026-06-04T08:13:26+00:00,3128760,Barcelona,ES,2026-05-12T00:00,41.4,2.2000008,Europe/Madrid,10.2,5.5,133.0,23.1,63.0,25
air_quality,2026-06-04T08:13:26+00:00,3128760,Barcelona,ES,2026-05-12T01:00,41.4,2.2000008,Europe/Madrid,11.2,5.7,136.0,25.7,56.0,22
air_quality,2026-06-04T08:13:26+00:00,3128760,Barcelona,ES,2026-05-12T02:00,41.4,2.2000008,Europe/Madrid,10.6,6.1,136.0,25.9,43.0,17
air_quality,2026-06-04T08:13:26+00:00,3128760,Barcelona,ES,2026-05-12T03:00,41.4,2.2000008,Europe/Madrid,9.0,5.9,136.0,22.9,39.0,16
air_quality,2026-06-04T08:13:26+00:00,3128760,Barcelona,ES,2026-05-12T04:00,41.4,2.2000008,Europe/Madrid,11.4,6.9,134.0,24.3,32.0,13
air_quality,2026-06-04T08:13:26+00:00,3128760,Barcelona,ES,2026-05-12T05:00,41.4,2.2000008,Europe/Madrid,12.3,7.7,138.0,29.2,27.0,15
air_quality,2026-06-04T08:13:26+00:00,3128760,Barcelona,ES,2026-05-12T06:00,41.4,2.2000008,Europe/Madrid,13.0,8.7,145.0,38.9,22.0,19
air_quality,2026-06-04T08:13:26+00:00,3128760,Barcelona,ES,2026-05-12T07:00,41.4,2.2000008,Europe/Madrid,13.3,10.9,158.0,41.1,12.0,20
air_quality,2026-06-04T08:13:26+00:00,3128760,Barcelona,ES,2026-05-12T08:00,41.4,2.2000008,Europe/Madrid,17.4,11.8,184.0,43.6,10.0,21
air_quality,2026-06-04T08:13:26+00:00,3128760,Barcelona,ES,2026-05-12T09:00,41.4,2.2000008,Europe/Madrid,18.9,10.9,185.0,44.4,25.0,22
air_quality,2026-06-04T08:13:26+00:00,3128760,Barcelona,ES,2026-05-12T10:00,41.4,2.2000008,Europe/Madrid,19.2,10.6,170.0,37.8,48.0,19
air_quality,2026-06-04T08:13:26+00:00,3128760,Barcelona,ES,2026-05-12T11:00,41.4,2.2000008,Europe/Madrid,15.3,8.7,139.0,23.4,65.0,26
air_quality,2026-06-04T08:13:26+00:00,3128760,Barcelona,ES,2026-05-12T12:00,41.4,2.2000008,Europe/Madrid,13.8,6.9,127.0,11.6,85.0,34
air_quality,2026-06-04T08:13:26+00:00,3128760,Barcelona,ES,2026-05-12T13:00,41.4,2.2000008,Europe/Madrid,11.9,5.8,121.0,5.9,93.0,37
air_quality,2026-06-04T08:13:26+00:00,3128760,Barcelona,ES,2026-05-12T14:00,41.4,2.2000008,Europe/Madrid,11.1,5.7,120.0,5.6,92.0,37
air_quality,2026-06-04T08:13:26+00:00,3128760,Barcelona,ES,2026-05-12T15:00,41.4,2.2000008,Europe/Madrid,10.8,5.7,122.0,6.0,92.0,37
air_quality,2026-06-04T08:13:26+00:00,3128760,Barcelona,ES,2026-05-12T16:00,41.4,2.2000008,Europe/Madrid,11.0,5.7,122.0,6.4,91.0,36
air_quality,2026-06-04T08:13:26+00:00,3128760,Barcelona,ES,2026-05-12T17:00,41.4,2.2000008,Europe/Madrid,10.5,5.5,123.0,8.1,91.0,36
air_quality,2026-06-04T08:13:26+00:00,3128760,Barcelona,ES,2026-05-12T18:00,41.4,2.2000008,Europe/Madrid,11.2,5.4,125.0,10.8,90.0,36
air_quality,2026-06-04T08:13:26+00:00,3128760,Barcelona,ES,2026-05-12T19:00,41.4,2.2000008,Europe/Madrid,11.3,5.8,133.0,14.5,83.0,33
air_quality,2026-06-04T08:13:26+00:00,3128760,Barcelona,ES,2026-05-12T20:00,41.4,2.2000008,Europe/Madrid,11.2,6.5,136.0,32.1,70.0,28
air_quality,2026-06-04T08:13:26+00:00,3128760,Barcelona,ES,2026-05-12T21:00,41.4,2.2000008,Europe/Madrid,13.0,8.1,161.0,51.7,50.0,25
air_quality,2026-06-04T08:13:26+00:00,3128760,Barcelona,ES,2026-05-12T22:00,41.4,2.2000008,Europe/Madrid,13.8,8.2,166.0,58.3,47.0,27
air_quality,2026-06-04T08:13:26+00:00,3128760,Barcelona,ES,2026-05-12T23:00,41.4,2.2000008,Europe/Madrid,14.6,9.3,173.0,59.0,34.0,28
air_quality,2026-06-04T08:13:26+00:00,3128760,Barcelona,ES,2026-05-13T00:00,41.4,2.2000008,Europe/Madrid,16.4,11.3,177.0,65.1,34.0,30
air_quality,2026-06-04T08:13:26+00:00,3128760,Barcelona,ES,2026-05-13T01:00,41.4,2.2000008,Europe/Madrid,12.6,11.0,160.0,51.1,39.0,24
air_quality,2026-06-04T08:13:26+00:00,3128760,Barcelona,ES,2026-05-13T02:00,41.4,2.2000008,Europe/Madrid,9.0,6.5,136.0,24.8,63.0,25
air_quality,2026-06-04T08:13:26+00:00,3128760,Barcelona,ES,2026-05-13T03:00,41.4,2.2000008,Europe/Madrid,7.7,5.5,137.0,22.1,65.0,26
air_quality,2026-06-04T08:13:26+00:00,3128760,Barcelona,ES,2026-05-13T04:00,41.4,2.2000008,Europe/Madrid,8.1,5.8,139.0,27.6,56.0,22
air_quality,2026-06-04T08:13:26+00:00,3128760,Barcelona,ES,2026-05-13T05:00,41.4,2.2000008,Europe/Madrid,9.3,7.2,154.0,39.1,52.0,21
air_quality,2026-06-04T08:13:26+00:00,3128760,Barcelona,ES,2026-05-13T06:00,41.4,2.2000008,Europe/Madrid,11.4,8.4,156.0,44.3,45.0,22
air_quality,2026-06-04T08:13:26+00:00,3128760,Barcelona,ES,2026-05-13T07:00,41.4,2.2000008,Europe/Madrid,11.5,8.1,156.0,46.4,47.0,23
air_quality,2026-06-04T08:13:26+00:00,3128760,Barcelona,ES,2026-05-13T08:00,41.4,2.2000008,Europe/Madrid,11.6,8.6,162.0,45.9,43.0,22
air_quality,2026-06-04T08:13:26+00:00,3128760,Barcelona,ES,2026-05-13T09:00,41.4,2.2000008,Europe/Madrid,11.2,8.6,161.0,33.0,52.0,21
air_quality,2026-06-04T08:13:26+00:00,3128760,Barcelona,ES,2026-05-13T10:00,41.4,2.2000008,Europe/Madrid,11.3,8.8,161.0,25.5,56.0,22
air_quality,2026-06-04T08:13:26+00:00,3128760,Barcelona,ES,2026-05-13T11:00,41.4,2.2000008,Europe/Madrid,12.1,9.3,159.0,25.5,60.0,24
air_quality,2026-06-04T08:13:26+00:00,3128760,Barcelona,ES,2026-05-13T12:00,41.4,2.2000008,Europe/Madrid,12.1,9.2,164.0,24.4,68.0,27
air_quality,2026-06-04T08:13:26+00:00,3128760,Barcelona,ES,2026-05-13T13:00,41.4,2.2000008,Europe/Madrid,12.0,8.8,159.0,19.7,75.0,30
air_quality,2026-06-04T08:13:26+00:00,3128760,Barcelona,ES,2026-05-13T14:00,41.4,2.2000008,Europe/Madrid,10.1,7.8,148.0,17.5,86.0,34
air_quality,2026-06-04T08:13:26+00:00,3128760,Barcelona,ES,2026-05-13T15:00,41.4,2.2000008,Europe/Madrid,9.6,6.1,140.0,11.4,95.0,38
air_quality,2026-06-04T08:13:26+00:00,3128760,Barcelona,ES,2026-05-13T16:00,41.4,2.2000008,Europe/Madrid,8.9,5.9,136.0,11.0,98.0,39
air_quality,2026-06-04T08:13:26+00:00,3128760,Barcelona,ES,2026-05-13T17:00,41.4,2.2000008,Europe/Madrid,9.0,5.8,135.0,13.3,97.0,39
air_quality,2026-06-04T08:13:26+00:00,3128760,Barcelona,ES,2026-05-13T18:00,41.4,2.2000008,Europe/Madrid,9.6,5.6,136.0,14.2,96.0,38
air_quality,2026-06-04T08:13:26+00:00,3128760,Barcelona,ES,2026-05-13T19:00,41.4,2.2000008,Europe/Madrid,10.3,5.9,136.0,13.6,97.0,39
air_quality,2026-06-04T08:13:26+00:00,3128760,Barcelona,ES,2026-05-13T20:00,41.4,2.2000008,Europe/Madrid,10.6,5.9,132.0,13.3,95.0,38
air_quality,2026-06-04T08:13:26+00:00,3128760,Barcelona,ES,2026-05-13T21:00,41.4,2.2000008,Europe/Madrid,10.4,6.1,134.0,16.4,89.0,36
air_quality,2026-06-04T08:13:26+00:00,3128760,Barcelona,ES,2026-05-13T22:00,41.4,2.2000008,Europe/Madrid,10.5,6.4,134.0,19.7,84.0,34
air_quality,2026-06-04T08:13:26+00:00,3128760,Barcelona,ES,2026-05-13T23:00,41.4,2.2000008,Europe/Madrid,11.5,7.7,138.0,26.6,75.0,30
air_quality,2026-06-04T08:13:26+00:00,3128760,Barcelona,ES,2026-05-14T00:00,41.4,2.2000008,Europe/Madrid,12.7,9.1,147.0,32.9,62.0,25
air_quality,2026-06-04T08:13:26+00:00,3128760,Barcelona,ES,2026-05-14T01:00,41.4,2.2000008,Europe/Madrid,14.9,10.4,161.0,38.5,52.0,21
air_quality,2026-06-04T08:13:26+00:00,3128760,Barcelona,ES,2026-05-14T02:00,41.4,2.2000008,Europe/Madrid,16.7,10.4,162.0,36.8,49.0,20
air_quality,2026-06-04T08:13:26+00:00,3128760,Barcelona,ES,2026-05-14T03:00,41.4,2.2000008,Europe/Madrid,17.7,11.1,164.0,38.6,45.0,19
air_quality,2026-06-04T08:13:26+00:00,3128760,Barcelona,ES,2026-05-14T04:00,41.4,2.2000008,Europe/Madrid,19.3,12.7,168.0,45.2,40.0,22
air_quality,2026-06-04T08:13:26+00:00,3128760,Barcelona,ES,2026-05-14T05:00,41.4,2.2000008,Europe/Madrid,21.0,14.0,172.0,45.9,34.0,22
air_quality,2026-06-04T08:13:26+00:00,3128760,Barcelona,ES,2026-05-14T06:00,41.4,2.2000008,Europe/Madrid,21.2,15.4,172.0,48.0,28.0,23
air_quality,2026-06-04T08:13:26+00:00,3128760,Barcelona,ES,2026-05-14T07:00,41.4,2.2000008,Europe/Madrid,17.0,12.6,168.0,45.6,26.0,22
air_quality,2026-06-04T08:13:26+00:00,3128760,Barcelona,ES,2026-05-14T08:00,41.4,2.2000008,Europe/Madrid,14.5,8.8,167.0,40.2,41.0,20
air_quality,2026-06-04T08:13:26+00:00,3128760,Barcelona,ES,2026-05-14T09:00,41.4,2.2000008,Europe/Madrid,9.7,6.9,150.0,26.0,53.0,21
air_quality,2026-06-04T08:13:26+00:00,3128760,Barcelona,ES,2026-05-14T10:00,41.4,2.2000008,Europe/Madrid,9.0,6.2,144.0,20.4,61.0,24
air_quality,2026-06-04T08:13:26+00:00,3128760,Barcelona,ES,2026-05-14T11:00,41.4,2.2000008,Europe/Madrid,8.1,5.7,140.0,15.6,66.0,26
air_quality,2026-06-04T08:13:26+00:00,3128760,Barcelona,ES,2026-05-14T12:00,41.4,2.2000008,Europe/Madrid,7.2,5.0,133.0,12.0,77.0,31
air_quality,2026-06-04T08:13:26+00:00,3128760,Barcelona,ES,2026-05-14T13:00,41.4,2.2000008,Europe/Madrid,6.9,4.5,130.0,9.9,91.0,36
air_quality,2026-06-04T08:13:26+00:00,3128760,Barcelona,ES,2026-05-14T14:00,41.4,2.2000008,Europe/Madrid,7.4,4.0,127.0,8.7,96.0,38
air_quality,2026-06-04T08:13:26+00:00,3128760,Barcelona,ES,2026-05-14T15:00,41.4,2.2000008,Europe/Madrid,6.8,3.8,126.0,7.1,95.0,38
air_quality,2026-06-04T08:13:26+00:00,3128760,Barcelona,ES,2026-05-14T16:00,41.4,2.2000008,Europe/Madrid,6.1,3.5,125.0,6.5,95.0,38
air_quality,2026-06-04T08:13:26+00:00,3128760,Barcelona,ES,2026-05-14T17:00,41.4,2.2000008,Europe/Madrid,5.5,3.4,125.0,6.6,94.0,38
air_quality,2026-06-04T08:13:26+00:00,3128760,Barcelona,ES,2026-05-14T18:00,41.4,2.2000008,Europe/Madrid,5.8,3.8,128.0,7.9,90.0,36
air_quality,2026-06-04T08:13:26+00:00,3128760,Barcelona,ES,2026-05-14T19:00,41.4,2.2000008,Europe/Madrid,6.6,3.8,134.0,11.1,86.0,34
air_quality,2026-06-04T08:13:26+00:00,3128760,Barcelona,ES,2026-05-14T20:00,41.4,2.2000008,Europe/Madrid,9.2,4.7,132.0,11.3,81.0,32
air_quality,2026-06-04T08:13:26+00:00,3128760,Barcelona,ES,2026-05-14T21:00,41.4,2.2000008,Europe/Madrid,9.7,3.9,126.0,11.5,82.0,33
air_quality,2026-06-04T08:13:26+00:00,3128760,Barcelona,ES,2026-05-14T22:00,41.4,2.2000008,Europe/Madrid,8.9,3.9,128.0,13.8,81.0,32
air_quality,2026-06-04T08:13:26+00:00,3128760,Barcelona,ES,2026-05-14T23:00,41.4,2.2000008,Europe/Madrid,8.3,4.3,131.0,17.3,76.0,30
air_quality,2026-06-04T08:13:26+00:00,3128760,Barcelona,ES,2026-05-15T00:00,41.4,2.2000008,Europe/Madrid,8.4,4.5,133.0,19.3,71.0,28
air_quality,2026-06-04T08:13:26+00:00,3128760,Barcelona,ES,2026-05-15T01:00,41.4,2.2000008,Europe/Madrid,9.0,5.2,138.0,25.4,60.0,24
air_quality,2026-06-04T08:13:26+00:00,3128760,Barcelona,ES,2026-05-15T02:00,41.4,2.2000008,Europe/Madrid,11.5,6.4,144.0,32.7,59.0,24
air_quality,2026-06-04T08:13:26+00:00,3128760,Barcelona,ES,2026-05-15T03:00,41.4,2.2000008,Europe/Madrid,11.1,6.1,149.0,32.1,58.0,23
air_quality,2026-06-04T08:13:26+00:00,3128760,Barcelona,ES,2026-05-15T04:00,41.4,2.2000008,Europe/Madrid,9.4,4.6,141.0,24.9,58.0,23
air_quality,2026-06-04T08:13:26+00:00,3128760,Barcelona,ES,2026-05-15T05:00,41.4,2.2000008,Europe/Madrid,4.7,3.0,133.0,13.8,59.0,24
air_quality,2026-06-04T08:13:26+00:00,3128760,Barcelona,ES,2026-05-15T06:00,41.4,2.2000008,Europe/Madrid,4.4,2.9,127.0,12.7,62.0,25
air_quality,2026-06-04T08:13:26+00:00,3128760,Barcelona,ES,2026-05-15T07:00,41.4,2.2000008,Europe/Madrid,5.1,3.3,132.0,15.4,58.0,23
air_quality,2026-06-04T08:13:26+00:00,3128760,Barcelona,ES,2026-05-15T08:00,41.4,2.2000008,Europe/Madrid,6.2,4.1,138.0,24.3,53.0,21
air_quality,2026-06-04T08:13:26+00:00,3128760,Barcelona,ES,2026-05-15T09:00,41.4,2.2000008,Europe/Madrid,5.7,3.5,141.0,22.5,54.0,22
air_quality,2026-06-04T08:13:26+00:00,3128760,Barcelona,ES,2026-05-15T10:00,41.4,2.2000008,Europe/Madrid,4.8,3.5,141.0,18.7,55.0,22
air_quality,2026-06-04T08:13:26+00:00,3128760,Barcelona,ES,2026-05-15T11:00,41.4,2.2000008,Europe/Madrid,4.7,3.5,138.0,15.6,62.0,25
air_quality,2026-06-04T08:13:26+00:00,3128760,Barcelona,ES,2026-05-15T12:00,41.4,2.2000008,Europe/Madrid,4.9,3.7,141.0,14.9,63.0,25
air_quality,2026-06-04T08:13:26+00:00,3128760,Barcelona,ES,2026-05-15T13:00,41.4,2.2000008,Europe/Madrid,5.8,4.1,133.0,13.1,66.0,26
air_quality,2026-06-04T08:13:26+00:00,3128760,Barcelona,ES,2026-05-15T14:00,41.4,2.2000008,Europe/Madrid,5.5,4.1,134.0,10.5,74.0,30
air_quality,2026-06-04T08:13:26+00:00,3128760,Barcelona,ES,2026-05-15T15:00,41.4,2.2000008,Europe/Madrid,4.7,3.6,135.0,8.7,80.0,32
air_quality,2026-06-04T08:13:26+00:00,3128760,Barcelona,ES,2026-05-15T16:00,41.4,2.2000008,Europe/Madrid,5.3,3.8,133.0,9.0,85.0,34
air_quality,2026-06-04T08:13:26+00:00,3128760,Barcelona,ES,2026-05-15T17:00,41.4,2.2000008,Europe/Madrid,5.1,3.2,135.0,11.8,83.0,33
air_quality,2026-06-04T08:13:26+00:00,3128760,Barcelona,ES,2026-05-15T18:00,41.4,2.2000008,Europe/Madrid,5.7,3.4,134.0,15.5,78.0,31
air_quality,2026-06-04T08:13:26+00:00,3128760,Barcelona,ES,2026-05-15T19:00,41.4,2.2000008,Europe/Madrid,5.2,2.6,129.0,11.0,78.0,31
air_quality,2026-06-04T08:13:26+00:00,3128760,Barcelona,ES,2026-05-15T20:00,41.4,2.2000008,Europe/Madrid,5.3,2.6,129.0,11.5,80.0,32
air_quality,2026-06-04T08:13:26+00:00,3128760,Barcelona,ES,2026-05-15T21:00,41.4,2.2000008,Europe/Madrid,5.0,2.6,127.0,10.0,74.0,30
air_quality,2026-06-04T08:13:26+00:00,3128760,Barcelona,ES,2026-05-15T22:00,41.4,2.2000008,Europe/Madrid,5.7,2.6,129.0,15.5,74.0,30
air_quality,2026-06-04T08:13:26+00:00,3128760,Barcelona,ES,2026-05-15T23:00,41.4,2.2000008,Europe/Madrid,5.6,2.9,129.0,17.6,72.0,29
air_quality,2026-06-04T08:13:26+00:00,3128760,Barcelona,ES,2026-05-16T00:00,41.4,2.2000008,Europe/Madrid,5.9,3.0,138.0,27.9,56.0,22
air_quality,2026-06-04T08:13:26+00:00,3128760,Barcelona,ES,2026-05-16T01:00,41.4,2.2000008,Europe/Madrid,7.3,4.2,144.0,34.9,54.0,22
air_quality,2026-06-04T08:13:26+00:00,3128760,Barcelona,ES,2026-05-16T02:00,41.4,2.2000008,Europe/Madrid,8.2,6.2,158.0,42.5,34.0,21
air_quality,2026-06-04T08:13:26+00:00,3128760,Barcelona,ES,2026-05-16T03:00,41.4,2.2000008,Europe/Madrid,9.1,5.3,171.0,40.5,29.0,20
air_quality,2026-06-04T08:13:26+00:00,3128760,Barcelona,ES,2026-05-16T04:00,41.4,2.2000008,Europe/Madrid,11.8,9.6,175.0,44.5,22.0,22
air_quality,2026-06-04T08:13:26+00:00,3128760,Barcelona,ES,2026-05-16T05:00,41.4,2.2000008,Europe/Madrid,16.0,12.3,172.0,44.4,26.0,22
air_quality,2026-06-04T08:13:26+00:00,3128760,Barcelona,ES,2026-05-16T06:00,41.4,2.2000008,Europe/Madrid,15.0,11.7,169.0,39.4,28.0,20
air_quality,2026-06-04T08:13:26+00:00,3128760,Barcelona,ES,2026-05-16T07:00,41.4,2.2000008,Europe/Madrid,14.0,10.0,158.0,38.3,30.0,19
air_quality,2026-06-04T08:13:26+00:00,3128760,Barcelona,ES,2026-05-16T08:00,41.4,2.2000008,Europe/Madrid,11.2,8.1,146.0,24.4,39.0,16
air_quality,2026-06-04T08:13:26+00:00,3128760,Barcelona,ES,2026-05-16T09:00,41.4,2.2000008,Europe/Madrid,6.5,4.1,136.0,9.9,50.0,20
air_quality,2026-06-04T08:13:26+00:00,3128760,Barcelona,ES,2026-05-16T10:00,41.4,2.2000008,Europe/Madrid,5.5,3.3,134.0,8.4,60.0,24
air_quality,2026-06-04T08:13:26+00:00,3128760,Barcelona,ES,2026-05-16T11:00,41.4,2.2000008,Europe/Madrid,5.9,3.9,135.0,8.9,65.0,26
air_quality,2026-06-04T08:13:26+00:00,3128760,Barcelona,ES,2026-05-16T12:00,41.4,2.2000008,Europe/Madrid,7.2,4.4,137.0,8.9,69.0,28
air_quality,2026-06-04T08:13:26+00:00,3128760,Barcelona,ES,2026-05-16T13:00,41.4,2.2000008,Europe/Madrid,9.4,6.9,139.0,9.6,79.0,32
air_quality,2026-06-04T08:13:26+00:00,3128760,Barcelona,ES,2026-05-16T14:00,41.4,2.2000008,Europe/Madrid,10.2,7.7,134.0,7.9,85.0,34
air_quality,2026-06-04T08:13:26+00:00,3128760,Barcelona,ES,2026-05-16T15:00,41.4,2.2000008,Europe/Madrid,10.6,8.0,133.0,7.3,94.0,38
air_quality,2026-06-04T08:13:26+00:00,3128760,Barcelona,ES,2026-05-16T16:00,41.4,2.2000008,Europe/Madrid,9.9,8.1,132.0,6.4,98.0,39
air_quality,2026-06-04T08:13:26+00:00,3128760,Barcelona,ES,2026-05-16T17:00,41.4,2.2000008,Europe/Madrid,8.3,6.4,131.0,6.4,99.0,40
air_quality,2026-06-04T08:13:26+00:00,3128760,Barcelona,ES,2026-05-16T18:00,41.4,2.2000008,Europe/Madrid,6.9,5.3,129.0,7.6,96.0,38
air_quality,2026-06-04T08:13:26+00:00,3128760,Barcelona,ES,2026-05-16T19:00,41.4,2.2000008,Europe/Madrid,6.5,5.3,128.0,9.6,96.0,38
air_quality,2026-06-04T08:13:26+00:00,3128760,Barcelona,ES,2026-05-16T20:00,41.4,2.2000008,Europe/Madrid,7.0,4.5,128.0,11.5,94.0,38
air_quality,2026-06-04T08:13:26+00:00,3128760,Barcelona,ES,2026-05-16T21:00,41.4,2.2000008,Europe/Madrid,6.8,4.4,132.0,16.4,88.0,35
air_quality,2026-06-04T08:13:26+00:00,3128760,Barcelona,ES,2026-05-16T22:00,41.4,2.2000008,Europe/Madrid,6.3,4.2,133.0,22.3,78.0,31
air_quality,2026-06-04T08:13:26+00:00,3128760,Barcelona,ES,2026-05-16T23:00,41.4,2.2000008,Europe/Madrid,6.8,4.2,133.0,24.1,69.0,28
air_quality,2026-06-04T08:13:26+00:00,3128760,Barcelona,ES,2026-05-17T00:00,41.4,2.2000008,Europe/Madrid,7.0,4.5,132.0,24.6,63.0,25
air_quality,2026-06-04T08:13:26+00:00,3128760,Barcelona,ES,2026-05-17T01:00,41.4,2.2000008,Europe/Madrid,7.3,5.0,137.0,29.4,56.0,22
air_quality,2026-06-04T08:13:26+00:00,3128760,Barcelona,ES,2026-05-17T02:00,41.4,2.2000008,Europe/Madrid,7.7,4.7,136.0,27.5,64.0,26
air_quality,2026-06-04T08:13:26+00:00,3128760,Barcelona,ES,2026-05-17T03:00,41.4,2.2000008,Europe/Madrid,7.8,4.6,132.0,26.5,58.0,23
air_quality,2026-06-04T08:13:26+00:00,3128760,Barcelona,ES,2026-05-17T04:00,41.4,2.2000008,Europe/Madrid,9.8,5.2,142.0,31.8,50.0,20
air_quality,2026-06-04T08:13:26+00:00,3128760,Barcelona,ES,2026-05-17T05:00,41.4,2.2000008,Europe/Madrid,10.8,7.6,143.0,36.2,45.0,18
air_quality,2026-06-04T08:13:26+00:00,3128760,Barcelona,ES,2026-05-17T06:00,41.4,2.2000008,Europe/Madrid,10.6,8.8,152.0,28.2,44.0,18
air_quality,2026-06-04T08:13:26+00:00,3128760,Barcelona,ES,2026-05-17T07:00,41.4,2.2000008,Europe/Madrid,10.3,7.4,146.0,20.8,47.0,19
air_quality,2026-06-04T08:13:26+00:00,3128760,Barcelona,ES,2026-05-17T08:00,41.4,2.2000008,Europe/Madrid,10.9,6.6,147.0,19.2,48.0,19
air_quality,2026-06-04T08:13:26+00:00,3128760,Barcelona,ES,2026-05-17T09:00,41.4,2.2000008,Europe/Madrid,8.7,5.4,136.0,14.5,69.0,28
air_quality,2026-06-04T08:13:26+00:00,3128760,Barcelona,ES,2026-05-17T10:00,41.4,2.2000008,Europe/Madrid,7.9,4.2,131.0,9.4,81.0,32
air_quality,2026-06-04T08:13:26+00:00,3128760,Barcelona,ES,2026-05-17T11:00,41.4,2.2000008,Europe/Madrid,7.1,4.0,126.0,6.0,87.0,35
air_quality,2026-06-04T08:13:26+00:00,3128760,Barcelona,ES,2026-05-17T12:00,41.4,2.2000008,Europe/Madrid,6.1,3.1,123.0,5.5,92.0,37
air_quality,2026-06-04T08:13:26+00:00,3128760,Barcelona,ES,2026-05-17T13:00,41.4,2.2000008,Europe/Madrid,5.9,3.2,121.0,5.8,95.0,38
air_quality,2026-06-04T08:13:26+00:00,3128760,Barcelona,ES,2026-05-17T14:00,41.4,2.2000008,Europe/Madrid,6.0,3.2,120.0,6.7,98.0,39
air_quality,2026-06-04T08:13:26+00:00,3128760,Barcelona,ES,2026-05-17T15:00,41.4,2.2000008,Europe/Madrid,6.4,3.3,120.0,6.6,99.0,40
air_quality,2026-06-04T08:13:26+00:00,3128760,Barcelona,ES,2026-05-17T16:00,41.4,2.2000008,Europe/Madrid,6.8,3.4,120.0,8.0,100.0,40
air_quality,2026-06-04T08:13:26+00:00,3128760,Barcelona,ES,2026-05-17T17:00,41.4,2.2000008,Europe/Madrid,6.2,3.5,120.0,7.5,100.0,40
air_quality,2026-06-04T08:13:26+00:00,3128760,Barcelona,ES,2026-05-17T18:00,41.4,2.2000008,Europe/Madrid,6.3,3.8,122.0,8.3,97.0,39
air_quality,2026-06-04T08:13:26+00:00,3128760,Barcelona,ES,2026-05-17T19:00,41.4,2.2000008,Europe/Madrid,6.5,3.9,123.0,9.9,92.0,37
air_quality,2026-06-04T08:13:26+00:00,3128760,Barcelona,ES,2026-05-17T20:00,41.4,2.2000008,Europe/Madrid,7.1,4.0,123.0,10.9,87.0,35
air_quality,2026-06-04T08:13:26+00:00,3128760,Barcelona,ES,2026-05-17T21:00,41.4,2.2000008,Europe/Madrid,8.3,4.2,125.0,15.5,83.0,33
air_quality,2026-06-04T08:13:26+00:00,3128760,Barcelona,ES,2026-05-17T22:00,41.4,2.2000008,Europe/Madrid,9.6,4.2,131.0,22.5,77.0,31
air_quality,2026-06-04T08:13:26+00:00,3128760,Barcelona,ES,2026-05-17T23:00,41.4,2.2000008,Europe/Madrid,10.7,5.3,129.0,25.0,70.0,28
air_quality,2026-06-04T08:13:26+00:00,3128760,Barcelona,ES,2026-05-18T00:00,41.4,2.2000008,Europe/Madrid,11.4,6.1,138.0,32.4,63.0,25
air_quality,2026-06-04T08:13:26+00:00,3128760,Barcelona,ES,2026-05-18T01:00,41.4,2.2000008,Europe/Madrid,12.6,6.6,145.0,37.6,57.0,23
air_quality,2026-06-04T08:13:26+00:00,3128760,Barcelona,ES,2026-05-18T02:00,41.4,2.2000008,Europe/Madrid,13.4,7.1,148.0,40.4,51.0,20
air_quality,2026-06-04T08:13:26+00:00,3128760,Barcelona,ES,2026-05-18T03:00,41.4,2.2000008,Europe/Madrid,13.3,7.8,146.0,39.6,42.0,20
air_quality,2026-06-04T08:13:26+00:00,3128760,Barcelona,ES,2026-05-18T04:00,41.4,2.2000008,Europe/Madrid,13.4,8.4,145.0,43.7,41.0,21
air_quality,2026-06-04T08:13:26+00:00,3128760,Barcelona,ES,2026-05-18T05:00,41.4,2.2000008,Europe/Madrid,14.9,9.6,152.0,49.1,40.0,24
air_quality,2026-06-04T08:13:26+00:00,3128760,Barcelona,ES,2026-05-18T06:00,41.4,2.2000008,Europe/Madrid,17.5,11.7,169.0,52.2,31.0,25
air_quality,2026-06-04T08:13:26+00:00,3128760,Barcelona,ES,2026-05-18T07:00,41.4,2.2000008,Europe/Madrid,19.2,12.4,191.0,57.0,24.0,27
air_quality,2026-06-04T08:13:26+00:00,3128760,Barcelona,ES,2026-05-18T08:00,41.4,2.2000008,Europe/Madrid,21.6,13.9,222.0,58.8,25.0,28
air_quality,2026-06-04T08:13:26+00:00,3128760,Barcelona,ES,2026-05-18T09:00,41.4,2.2000008,Europe/Madrid,21.7,14.9,192.0,57.2,31.0,27
air_quality,2026-06-04T08:13:26+00:00,3128760,Barcelona,ES,2026-05-18T10:00,41.4,2.2000008,Europe/Madrid,19.8,12.7,188.0,53.8,52.0,26
air_quality,2026-06-04T08:13:26+00:00,3128760,Barcelona,ES,2026-05-18T11:00,41.4,2.2000008,Europe/Madrid,14.3,8.6,161.0,43.0,66.0,26
air_quality,2026-06-04T08:13:26+00:00,3128760,Barcelona,ES,2026-05-18T12:00,41.4,2.2000008,Europe/Madrid,9.8,6.0,131.0,20.1,76.0,30
air_quality,2026-06-04T08:13:26+00:00,3128760,Barcelona,ES,2026-05-18T13:00,41.4,2.2000008,Europe/Madrid,7.8,4.9,124.0,11.6,89.0,36
air_quality,2026-06-04T08:13:26+00:00,3128760,Barcelona,ES,2026-05-18T14:00,41.4,2.2000008,Europe/Madrid,8.0,4.6,121.0,10.4,96.0,38
air_quality,2026-06-04T08:13:26+00:00,3128760,Barcelona,ES,2026-05-18T15:00,41.4,2.2000008,Europe/Madrid,8.2,4.4,119.0,11.8,99.0,40
air_quality,2026-06-04T08:13:26+00:00,3128760,Barcelona,ES,2026-05-18T16:00,41.4,2.2000008,Europe/Madrid,8.4,4.5,119.0,10.8,99.0,40
air_quality,2026-06-04T08:13:26+00:00,3128760,Barcelona,ES,2026-05-18T17:00,41.4,2.2000008,Europe/Madrid,8.9,4.8,119.0,11.0,100.0,40
air_quality,2026-06-04T08:13:26+00:00,3128760,Barcelona,ES,2026-05-18T18:00,41.4,2.2000008,Europe/Madrid,9.5,4.9,122.0,12.3,100.0,40
air_quality,2026-06-04T08:13:26+00:00,3128760,Barcelona,ES,2026-05-18T19:00,41.4,2.2000008,Europe/Madrid,10.2,5.1,124.0,14.5,101.0,41
air_quality,2026-06-04T08:13:26+00:00,3128760,Barcelona,ES,2026-05-18T20:00,41.4,2.2000008,Europe/Madrid,10.9,5.6,125.0,17.0,99.0,40
air_quality,2026-06-04T08:13:26+00:00,3128760,Barcelona,ES,2026-05-18T21:00,41.4,2.2000008,Europe/Madrid,12.2,6.3,129.0,22.8,92.0,37
air_quality,2026-06-04T08:13:26+00:00,3128760,Barcelona,ES,2026-05-18T22:00,41.4,2.2000008,Europe/Madrid,13.1,6.6,132.0,27.4,80.0,32
air_quality,2026-06-04T08:13:26+00:00,3128760,Barcelona,ES,2026-05-18T23:00,41.4,2.2000008,Europe/Madrid,14.3,7.3,136.0,32.0,71.0,28
air_quality,2026-06-04T08:13:26+00:00,3128760,Barcelona,ES,2026-05-19T00:00,41.4,2.2000008,Europe/Madrid,14.6,8.0,143.0,36.1,68.0,27
air_quality,2026-06-04T08:13:26+00:00,3128760,Barcelona,ES,2026-05-19T01:00,41.4,2.2000008,Europe/Madrid,16.8,9.6,152.0,47.5,58.0,23
air_quality,2026-06-04T08:13:26+00:00,3128760,Barcelona,ES,2026-05-19T02:00,41.4,2.2000008,Europe/Madrid,19.7,13.4,167.0,64.6,35.0,30
air_quality,2026-06-04T08:13:26+00:00,3128760,Barcelona,ES,2026-05-19T03:00,41.4,2.2000008,Europe/Madrid,24.5,19.1,174.0,66.3,41.0,31
air_quality,2026-06-04T08:13:26+00:00,3128760,Barcelona,ES,2026-05-19T04:00,41.4,2.2000008,Europe/Madrid,26.4,21.7,172.0,62.3,41.0,29
air_quality,2026-06-04T08:13:26+00:00,3128760,Barcelona,ES,2026-05-19T05:00,41.4,2.2000008,Europe/Madrid,26.8,23.0,171.0,52.8,30.0,25
air_quality,2026-06-04T08:13:26+00:00,3128760,Barcelona,ES,2026-05-19T06:00,41.4,2.2000008,Europe/Madrid,27.9,23.8,174.0,46.8,32.0,23
air_quality,2026-06-04T08:13:26+00:00,3128760,Barcelona,ES,2026-05-19T07:00,41.4,2.2000008,Europe/Madrid,30.4,22.4,184.0,55.2,23.0,26
air_quality,2026-06-04T08:13:26+00:00,3128760,Barcelona,ES,2026-05-19T08:00,41.4,2.2000008,Europe/Madrid,31.5,22.2,201.0,63.4,19.0,29
air_quality,2026-06-04T08:13:26+00:00,3128760,Barcelona,ES,2026-05-19T09:00,41.4,2.2000008,Europe/Madrid,32.2,22.8,200.0,61.9,27.0,29
air_quality,2026-06-04T08:13:26+00:00,3128760,Barcelona,ES,2026-05-19T10:00,41.4,2.2000008,Europe/Madrid,24.4,18.8,182.0,43.6,51.0,23
air_quality,2026-06-04T08:13:26+00:00,3128760,Barcelona,ES,2026-05-19T11:00,41.4,2.2000008,Europe/Madrid,20.3,12.4,163.0,39.5,75.0,30
air_quality,2026-06-04T08:13:26+00:00,3128760,Barcelona,ES,2026-05-19T12:00,41.4,2.2000008,Europe/Madrid,16.7,10.0,140.0,26.0,82.0,33
air_quality,2026-06-04T08:13:26+00:00,3128760,Barcelona,ES,2026-05-19T13:00,41.4,2.2000008,Europe/Madrid,14.5,8.8,126.0,13.5,94.0,38
air_quality,2026-06-04T08:13:26+00:00,3128760,Barcelona,ES,2026-05-19T14:00,41.4,2.2000008,Europe/Madrid,13.5,8.1,122.0,9.8,100.0,40
air_quality,2026-06-04T08:13:26+00:00,3128760,Barcelona,ES,2026-05-19T15:00,41.4,2.2000008,Europe/Madrid,13.2,7.6,116.0,9.6,101.0,41
air_quality,2026-06-04T08:13:26+00:00,3128760,Barcelona,ES,2026-05-19T16:00,41.4,2.2000008,Europe/Madrid,13.8,7.8,116.0,10.0,103.0,42
air_quality,2026-06-04T08:13:26+00:00,3128760,Barcelona,ES,2026-05-19T17:00,41.4,2.2000008,Europe/Madrid,14.2,8.3,116.0,10.5,101.0,41
air_quality,2026-06-04T08:13:26+00:00,3128760,Barcelona,ES,2026-05-19T18:00,41.4,2.2000008,Europe/Madrid,14.7,8.3,117.0,12.7,98.0,39
air_quality,2026-06-04T08:13:26+00:00,3128760,Barcelona,ES,2026-05-19T19:00,41.4,2.2000008,Europe/Madrid,15.5,8.6,119.0,16.7,94.0,38
air_quality,2026-06-04T08:13:26+00:00,3128760,Barcelona,ES,2026-05-19T20:00,41.4,2.2000008,Europe/Madrid,17.5,8.5,132.0,23.1,88.0,35
air_quality,2026-06-04T08:13:26+00:00,3128760,Barcelona,ES,2026-05-19T21:00,41.4,2.2000008,Europe/Madrid,18.4,8.4,133.0,33.8,85.0,34
air_quality,2026-06-04T08:13:26+00:00,3128760,Barcelona,ES,2026-05-19T22:00,41.4,2.2000008,Europe/Madrid,18.3,8.4,134.0,39.1,80.0,32
air_quality,2026-06-04T08:13:26+00:00,3128760,Barcelona,ES,2026-05-19T23:00,41.4,2.2000008,Europe/Madrid,18.0,8.9,140.0,43.0,70.0,28
air_quality,2026-06-04T08:13:26+00:00,3128760,Barcelona,ES,2026-05-20T00:00,41.4,2.2000008,Europe/Madrid,19.0,10.8,154.0,58.1,55.0,27
air_quality,2026-06-04T08:13:26+00:00,3128760,Barcelona,ES,2026-05-20T01:00,41.4,2.2000008,Europe/Madrid,21.3,12.6,161.0,62.7,41.0,29
air_quality,2026-06-04T08:13:26+00:00,3128760,Barcelona,ES,2026-05-20T02:00,41.4,2.2000008,Europe/Madrid,27.8,18.7,169.0,72.6,23.0,33
air_quality,2026-06-04T08:13:26+00:00,3128760,Barcelona,ES,2026-05-20T03:00,41.4,2.2000008,Europe/Madrid,31.3,19.7,176.0,78.6,17.0,35
air_quality,2026-06-04T08:13:26+00:00,3128760,Barcelona,ES,2026-05-20T04:00,41.4,2.2000008,Europe/Madrid,36.1,24.7,196.0,86.0,12.0,38
air_quality,2026-06-04T08:13:26+00:00,3128760,Barcelona,ES,2026-05-20T05:00,41.4,2.2000008,Europe/Madrid,39.2,30.3,207.0,81.9,10.0,37
air_quality,2026-06-04T08:13:26+00:00,3128760,Barcelona,ES,2026-05-20T06:00,41.4,2.2000008,Europe/Madrid,38.6,31.6,214.0,70.2,13.0,32
air_quality,2026-06-04T08:13:26+00:00,3128760,Barcelona,ES,2026-05-20T07:00,41.4,2.2000008,Europe/Madrid,35.1,30.9,211.0,56.6,14.0,29
air_quality,2026-06-04T08:13:26+00:00,3128760,Barcelona,ES,2026-05-20T08:00,41.4,2.2000008,Europe/Madrid,35.6,29.4,231.0,55.2,16.0,30
air_quality,2026-06-04T08:13:26+00:00,3128760,Barcelona,ES,2026-05-20T09:00,41.4,2.2000008,Europe/Madrid,30.2,22.0,227.0,59.0,30.0,30
air_quality,2026-06-04T08:13:26+00:00,3128760,Barcelona,ES,2026-05-20T10:00,41.4,2.2000008,Europe/Madrid,22.7,17.3,193.0,53.2,48.0,30
air_quality,2026-06-04T08:13:26+00:00,3128760,Barcelona,ES,2026-05-20T11:00,41.4,2.2000008,Europe/Madrid,18.7,13.3,154.0,28.8,71.0,30
air_quality,2026-06-04T08:13:26+00:00,3128760,Barcelona,ES,2026-05-20T12:00,41.4,2.2000008,Europe/Madrid,16.6,12.0,142.0,19.8,81.0,32
air_quality,2026-06-04T08:13:26+00:00,3128760,Barcelona,ES,2026-05-20T13:00,41.4,2.2000008,Europe/Madrid,14.9,10.9,141.0,16.6,87.0,35
air_quality,2026-06-04T08:13:26+00:00,3128760,Barcelona,ES,2026-05-20T14:00,41.4,2.2000008,Europe/Madrid,14.0,9.8,137.0,16.7,93.0,37
air_quality,2026-06-04T08:13:26+00:00,3128760,Barcelona,ES,2026-05-20T15:00,41.4,2.2000008,Europe/Madrid,13.6,9.1,136.0,15.8,94.0,38
air_quality,2026-06-04T08:13:26+00:00,3128760,Barcelona,ES,2026-05-20T16:00,41.4,2.2000008,Europe/Madrid,13.1,8.6,135.0,16.3,94.0,38
air_quality,2026-06-04T08:13:26+00:00,3128760,Barcelona,ES,2026-05-20T17:00,41.4,2.2000008,Europe/Madrid,12.8,8.1,133.0,16.5,92.0,37
air_quality,2026-06-04T08:13:26+00:00,3128760,Barcelona,ES,2026-05-20T18:00,41.4,2.2000008,Europe/Madrid,12.6,8.1,136.0,23.3,87.0,35
air_quality,2026-06-04T08:13:26+00:00,3128760,Barcelona,ES,2026-05-20T19:00,41.4,2.2000008,Europe/Madrid,12.3,8.5,143.0,29.3,78.0,31
air_quality,2026-06-04T08:13:26+00:00,3128760,Barcelona,ES,2026-05-20T20:00,41.4,2.2000008,Europe/Madrid,12.1,8.4,149.0,37.6,69.0,31
air_quality,2026-06-04T08:13:26+00:00,3128760,Barcelona,ES,2026-05-20T21:00,41.4,2.2000008,Europe/Madrid,12.7,8.7,152.0,44.1,61.0,31
air_quality,2026-06-04T08:13:26+00:00,3128760,Barcelona,ES,2026-05-20T22:00,41.4,2.2000008,Europe/Madrid,13.9,9.3,156.0,53.8,49.0,31
air_quality,2026-06-04T08:13:26+00:00,3128760,Barcelona,ES,2026-05-20T23:00,41.4,2.2000008,Europe/Madrid,17.2,10.7,166.0,66.9,28.0,31
air_quality,2026-06-04T08:13:26+00:00,3128760,Barcelona,ES,2026-05-21T00:00,41.4,2.2000008,Europe/Madrid,19.4,13.7,184.0,74.5,16.0,34
air_quality,2026-06-04T08:13:26+00:00,3128760,Barcelona,ES,2026-05-21T01:00,41.4,2.2000008,Europe/Madrid,22.2,15.1,202.0,86.5,8.0,39
air_quality,2026-06-04T08:13:26+00:00,3128760,Barcelona,ES,2026-05-21T02:00,41.4,2.2000008,Europe/Madrid,21.2,14.9,192.0,82.3,3.0,37
air_quality,2026-06-04T08:13:26+00:00,3128760,Barcelona,ES,2026-05-21T03:00,41.4,2.2000008,Europe/Madrid,21.1,15.0,193.0,78.6,3.0,35
air_quality,2026-06-04T08:13:26+00:00,3128760,Barcelona,ES,2026-05-21T04:00,41.4,2.2000008,Europe/Madrid,23.1,16.8,195.0,68.8,4.0,32
air_quality,2026-06-04T08:13:26+00:00,3128760,Barcelona,ES,2026-05-21T05:00,41.4,2.2000008,Europe/Madrid,23.0,17.8,191.0,57.7,5.0,30
air_quality,2026-06-04T08:13:26+00:00,3128760,Barcelona,ES,2026-05-21T06:00,41.4,2.2000008,Europe/Madrid,22.7,18.6,182.0,53.0,10.0,29
air_quality,2026-06-04T08:13:26+00:00,3128760,Barcelona,ES,2026-05-21T07:00,41.4,2.2000008,Europe/Madrid,22.9,19.7,187.0,49.6,3.0,28
air_quality,2026-06-04T08:13:26+00:00,3128760,Barcelona,ES,2026-05-21T08:00,41.4,2.2000008,Europe/Madrid,24.7,17.6,215.0,52.0,7.0,27
air_quality,2026-06-04T08:13:26+00:00,3128760,Barcelona,ES,2026-05-21T09:00,41.4,2.2000008,Europe/Madrid,25.5,16.7,227.0,54.2,21.0,26
air_quality,2026-06-04T08:13:26+00:00,3128760,Barcelona,ES,2026-05-21T10:00,41.4,2.2000008,Europe/Madrid,23.4,16.6,216.0,55.6,36.0,26
air_quality,2026-06-04T08:13:26+00:00,3128760,Barcelona,ES,2026-05-21T11:00,41.4,2.2000008,Europe/Madrid,19.1,15.6,193.0,38.5,51.0,26
air_quality,2026-06-04T08:13:26+00:00,3128760,Barcelona,ES,2026-05-21T12:00,41.4,2.2000008,Europe/Madrid,16.4,11.9,161.0,25.1,74.0,30
air_quality,2026-06-04T08:13:26+00:00,3128760,Barcelona,ES,2026-05-21T13:00,41.4,2.2000008,Europe/Madrid,13.2,9.1,148.0,13.9,83.0,33
air_quality,2026-06-04T08:13:26+00:00,3128760,Barcelona,ES,2026-05-21T14:00,41.4,2.2000008,Europe/Madrid,11.5,8.6,141.0,12.2,93.0,37
air_quality,2026-06-04T08:13:26+00:00,3128760,Barcelona,ES,2026-05-21T15:00,41.4,2.2000008,Europe/Madrid,11.7,8.4,140.0,11.6,100.0,40
air_quality,2026-06-04T08:13:26+00:00,3128760,Barcelona,ES,2026-05-21T16:00,41.4,2.2000008,Europe/Madrid,12.7,9.0,142.0,12.3,105.0,43
air_quality,2026-06-04T08:13:26+00:00,3128760,Barcelona,ES,2026-05-21T17:00,41.4,2.2000008,Europe/Madrid,14.9,9.8,142.0,14.3,103.0,42
air_quality,2026-06-04T08:13:26+00:00,3128760,Barcelona,ES,2026-05-21T18:00,41.4,2.2000008,Europe/Madrid,17.1,10.9,144.0,20.5,101.0,41
air_quality,2026-06-04T08:13:26+00:00,3128760,Barcelona,ES,2026-05-21T19:00,41.4,2.2000008,Europe/Madrid,18.8,11.4,147.0,31.7,97.0,39
air_quality,2026-06-04T08:13:26+00:00,3128760,Barcelona,ES,2026-05-21T20:00,41.4,2.2000008,Europe/Madrid,17.1,10.9,148.0,39.4,91.0,36
air_quality,2026-06-04T08:13:26+00:00,3128760,Barcelona,ES,2026-05-21T21:00,41.4,2.2000008,Europe/Madrid,18.6,11.5,149.0,48.3,70.0,28
air_quality,2026-06-04T08:13:26+00:00,3128760,Barcelona,ES,2026-05-21T22:00,41.4,2.2000008,Europe/Madrid,20.0,12.5,149.0,46.1,68.0,27
air_quality,2026-06-04T08:13:26+00:00,3128760,Barcelona,ES,2026-05-21T23:00,41.4,2.2000008,Europe/Madrid,22.9,13.1,158.0,53.4,57.0,27
air_quality,2026-06-04T08:13:26+00:00,3128760,Barcelona,ES,2026-05-22T00:00,41.4,2.2000008,Europe/Madrid,24.5,13.5,174.0,59.7,47.0,28
air_quality,2026-06-04T08:13:26+00:00,3128760,Barcelona,ES,2026-05-22T01:00,41.4,2.2000008,Europe/Madrid,24.5,14.2,175.0,57.5,40.0,27
air_quality,2026-06-04T08:13:26+00:00,3128760,Barcelona,ES,2026-05-22T02:00,41.4,2.2000008,Europe/Madrid,21.9,13.9,150.0,61.6,36.0,29
air_quality,2026-06-04T08:13:26+00:00,3128760,Barcelona,ES,2026-05-22T03:00,41.4,2.2000008,Europe/Madrid,21.9,12.9,150.0,53.9,34.0,27
air_quality,2026-06-04T08:13:26+00:00,3128760,Barcelona,ES,2026-05-22T04:00,41.4,2.2000008,Europe/Madrid,21.9,13.5,149.0,44.5,31.0,27
air_quality,2026-06-04T08:13:26+00:00,3128760,Barcelona,ES,2026-05-22T05:00,41.4,2.2000008,Europe/Madrid,23.2,13.4,150.0,40.6,34.0,26
air_quality,2026-06-04T08:13:26+00:00,3128760,Barcelona,ES,2026-05-22T06:00,41.4,2.2000008,Europe/Madrid,21.9,14.5,155.0,46.9,32.0,26
air_quality,2026-06-04T08:13:26+00:00,3128760,Barcelona,ES,2026-05-22T07:00,41.4,2.2000008,Europe/Madrid,23.2,15.8,184.0,47.5,21.0,26
air_quality,2026-06-04T08:13:26+00:00,3128760,Barcelona,ES,2026-05-22T08:00,41.4,2.2000008,Europe/Madrid,27.2,19.1,219.0,53.0,19.0,25
air_quality,2026-06-04T08:13:26+00:00,3128760,Barcelona,ES,2026-05-22T09:00,41.4,2.2000008,Europe/Madrid,29.9,22.1,226.0,54.9,25.0,26
air_quality,2026-06-04T08:13:26+00:00,3128760,Barcelona,ES,2026-05-22T10:00,41.4,2.2000008,Europe/Madrid,29.9,18.9,227.0,57.3,35.0,27
air_quality,2026-06-04T08:13:26+00:00,3128760,Barcelona,ES,2026-05-22T11:00,41.4,2.2000008,Europe/Madrid,24.4,16.5,198.0,46.6,54.0,26
air_quality,2026-06-04T08:13:26+00:00,3128760,Barcelona,ES,2026-05-22T12:00,41.4,2.2000008,Europe/Madrid,18.9,14.6,160.0,34.4,67.0,27
air_quality,2026-06-04T08:13:26+00:00,3128760,Barcelona,ES,2026-05-22T13:00,41.4,2.2000008,Europe/Madrid,17.8,12.9,145.0,24.5,79.0,32
air_quality,2026-06-04T08:13:26+00:00,3128760,Barcelona,ES,2026-05-22T14:00,41.4,2.2000008,Europe/Madrid,16.1,11.7,137.0,23.3,87.0,35
air_quality,2026-06-04T08:13:26+00:00,3128760,Barcelona,ES,2026-05-22T15:00,41.4,2.2000008,Europe/Madrid,14.8,10.9,134.0,22.5,92.0,37
air_quality,2026-06-04T08:13:26+00:00,3128760,Barcelona,ES,2026-05-22T16:00,41.4,2.2000008,Europe/Madrid,14.6,10.5,132.0,23.0,94.0,38
air_quality,2026-06-04T08:13:26+00:00,3128760,Barcelona,ES,2026-05-22T17:00,41.4,2.2000008,Europe/Madrid,14.2,11.2,132.0,23.0,92.0,37
air_quality,2026-06-04T08:13:26+00:00,3128760,Barcelona,ES,2026-05-22T18:00,41.4,2.2000008,Europe/Madrid,14.4,12.1,136.0,29.7,89.0,36
air_quality,2026-06-04T08:13:26+00:00,3128760,Barcelona,ES,2026-05-22T19:00,41.4,2.2000008,Europe/Madrid,15.4,13.2,138.0,36.9,83.0,33
air_quality,2026-06-04T08:13:26+00:00,3128760,Barcelona,ES,2026-05-22T20:00,41.4,2.2000008,Europe/Madrid,18.8,13.7,137.0,41.9,82.0,33
air_quality,2026-06-04T08:13:26+00:00,3128760,Barcelona,ES,2026-05-22T21:00,41.4,2.2000008,Europe/Madrid,20.6,14.0,137.0,48.6,68.0,28
air_quality,2026-06-04T08:13:26+00:00,3128760,Barcelona,ES,2026-05-22T22:00,41.4,2.2000008,Europe/Madrid,20.1,13.6,135.0,58.9,64.0,28
air_quality,2026-06-04T08:13:26+00:00,3128760,Barcelona,ES,2026-05-22T23:00,41.4,2.2000008,Europe/Madrid,19.1,13.9,135.0,58.3,56.0,28
air_quality,2026-06-04T08:13:26+00:00,3128760,Barcelona,ES,2026-05-23T00:00,41.4,2.2000008,Europe/Madrid,23.1,16.6,137.0,67.0,48.0,31
air_quality,2026-06-04T08:13:26+00:00,3128760,Barcelona,ES,2026-05-23T01:00,41.4,2.2000008,Europe/Madrid,24.1,17.0,149.0,69.4,30.0,32
air_quality,2026-06-04T08:13:26+00:00,3128760,Barcelona,ES,2026-05-23T02:00,41.4,2.2000008,Europe/Madrid,27.0,19.7,154.0,75.3,23.0,34
air_quality,2026-06-04T08:13:26+00:00,3128760,Barcelona,ES,2026-05-23T03:00,41.4,2.2000008,Europe/Madrid,26.9,21.3,153.0,79.5,19.0,36
air_quality,2026-06-04T08:13:26+00:00,3128760,Barcelona,ES,2026-05-23T04:00,41.4,2.2000008,Europe/Madrid,26.8,20.7,154.0,72.4,18.0,33
air_quality,2026-06-04T08:13:26+00:00,3128760,Barcelona,ES,2026-05-23T05:00,41.4,2.2000008,Europe/Madrid,27.4,21.5,154.0,63.8,20.0,31
air_quality,2026-06-04T08:13:26+00:00,3128760,Barcelona,ES,2026-05-23T06:00,41.4,2.2000008,Europe/Madrid,27.3,21.4,153.0,53.5,25.0,31
air_quality,2026-06-04T08:13:26+00:00,3128760,Barcelona,ES,2026-05-23T07:00,41.4,2.2000008,Europe/Madrid,28.4,21.9,158.0,54.6,25.0,32
air_quality,2026-06-04T08:13:26+00:00,3128760,Barcelona,ES,2026-05-23T08:00,41.4,2.2000008,Europe/Madrid,33.4,22.9,175.0,58.7,28.0,32
air_quality,2026-06-04T08:13:26+00:00,3128760,Barcelona,ES,2026-05-23T09:00,41.4,2.2000008,Europe/Madrid,31.4,24.3,181.0,53.8,38.0,33
air_quality,2026-06-04T08:13:26+00:00,3128760,Barcelona,ES,2026-05-23T10:00,41.4,2.2000008,Europe/Madrid,26.4,19.2,156.0,32.6,56.0,33
air_quality,2026-06-04T08:13:26+00:00,3128760,Barcelona,ES,2026-05-23T11:00,41.4,2.2000008,Europe/Madrid,22.0,13.5,134.0,25.4,71.0,33
air_quality,2026-06-04T08:13:26+00:00,3128760,Barcelona,ES,2026-05-23T12:00,41.4,2.2000008,Europe/Madrid,17.7,12.0,120.0,15.6,85.0,34
air_quality,2026-06-04T08:13:26+00:00,3128760,Barcelona,ES,2026-05-23T13:00,41.4,2.2000008,Europe/Madrid,15.0,10.8,119.0,10.4,93.0,37
air_quality,2026-06-04T08:13:26+00:00,3128760,Barcelona,ES,2026-05-23T14:00,41.4,2.2000008,Europe/Madrid,13.9,9.2,116.0,9.8,98.0,39
air_quality,2026-06-04T08:13:26+00:00,3128760,Barcelona,ES,2026-05-23T15:00,41.4,2.2000008,Europe/Madrid,13.1,8.2,115.0,9.7,101.0,41
air_quality,2026-06-04T08:13:26+00:00,3128760,Barcelona,ES,2026-05-23T16:00,41.4,2.2000008,Europe/Madrid,12.7,7.7,115.0,9.3,102.0,41
air_quality,2026-06-04T08:13:26+00:00,3128760,Barcelona,ES,2026-05-23T17:00,41.4,2.2000008,Europe/Madrid,12.5,7.6,116.0,10.8,101.0,41
air_quality,2026-06-04T08:13:26+00:00,3128760,Barcelona,ES,2026-05-23T18:00,41.4,2.2000008,Europe/Madrid,12.6,7.6,120.0,13.4,96.0,38
air_quality,2026-06-04T08:13:26+00:00,3128760,Barcelona,ES,2026-05-23T19:00,41.4,2.2000008,Europe/Madrid,13.0,7.9,123.0,19.2,92.0,37
air_quality,2026-06-04T08:13:26+00:00,3128760,Barcelona,ES,2026-05-23T20:00,41.4,2.2000008,Europe/Madrid,13.5,8.2,130.0,26.5,86.0,34
air_quality,2026-06-04T08:13:26+00:00,3128760,Barcelona,ES,2026-05-23T21:00,41.4,2.2000008,Europe/Madrid,14.1,8.7,138.0,39.0,77.0,31
air_quality,2026-06-04T08:13:26+00:00,3128760,Barcelona,ES,2026-05-23T22:00,41.4,2.2000008,Europe/Madrid,15.0,10.2,149.0,58.5,61.0,30
air_quality,2026-06-04T08:13:26+00:00,3128760,Barcelona,ES,2026-05-23T23:00,41.4,2.2000008,Europe/Madrid,16.4,12.7,156.0,70.6,48.0,32
air_quality,2026-06-04T08:13:26+00:00,3128760,Barcelona,ES,2026-05-24T00:00,41.4,2.2000008,Europe/Madrid,18.9,13.7,168.0,74.0,34.0,34
air_quality,2026-06-04T08:13:26+00:00,3128760,Barcelona,ES,2026-05-24T01:00,41.4,2.2000008,Europe/Madrid,21.3,14.5,176.0,83.6,21.0,37
air_quality,2026-06-04T08:13:26+00:00,3128760,Barcelona,ES,2026-05-24T02:00,41.4,2.2000008,Europe/Madrid,22.2,15.9,176.0,87.0,10.0,39
air_quality,2026-06-04T08:13:26+00:00,3128760,Barcelona,ES,2026-05-24T03:00,41.4,2.2000008,Europe/Madrid,24.0,18.7,178.0,91.8,11.0,41
air_quality,2026-06-04T08:13:26+00:00,3128760,Barcelona,ES,2026-05-24T04:00,41.4,2.2000008,Europe/Madrid,28.0,21.2,183.0,80.1,22.0,36
air_quality,2026-06-04T08:13:26+00:00,3128760,Barcelona,ES,2026-05-24T05:00,41.4,2.2000008,Europe/Madrid,34.5,28.4,181.0,66.8,19.0,31
air_quality,2026-06-04T08:13:26+00:00,3128760,Barcelona,ES,2026-05-24T06:00,41.4,2.2000008,Europe/Madrid,34.2,29.1,172.0,54.0,22.0,29
air_quality,2026-06-04T08:13:26+00:00,3128760,Barcelona,ES,2026-05-24T07:00,41.4,2.2000008,Europe/Madrid,33.3,29.7,174.0,55.3,24.0,30
air_quality,2026-06-04T08:13:26+00:00,3128760,Barcelona,ES,2026-05-24T08:00,41.4,2.2000008,Europe/Madrid,32.3,23.2,192.0,52.6,20.0,30
air_quality,2026-06-04T08:13:26+00:00,3128760,Barcelona,ES,2026-05-24T09:00,41.4,2.2000008,Europe/Madrid,31.4,24.1,198.0,46.9,36.0,30
air_quality,2026-06-04T08:13:26+00:00,3128760,Barcelona,ES,2026-05-24T10:00,41.4,2.2000008,Europe/Madrid,31.6,23.0,193.0,44.6,45.0,30
air_quality,2026-06-04T08:13:26+00:00,3128760,Barcelona,ES,2026-05-24T11:00,41.4,2.2000008,Europe/Madrid,27.8,21.8,171.0,42.8,55.0,30
air_quality,2026-06-04T08:13:26+00:00,3128760,Barcelona,ES,2026-05-24T12:00,41.4,2.2000008,Europe/Madrid,22.0,18.3,155.0,31.1,66.0,31
air_quality,2026-06-04T08:13:26+00:00,3128760,Barcelona,ES,2026-05-24T13:00,41.4,2.2000008,Europe/Madrid,19.8,15.4,148.0,25.6,81.0,32
air_quality,2026-06-04T08:13:26+00:00,3128760,Barcelona,ES,2026-05-24T14:00,41.4,2.2000008,Europe/Madrid,18.1,13.0,136.0,19.7,88.0,35
air_quality,2026-06-04T08:13:26+00:00,3128760,Barcelona,ES,2026-05-24T15:00,41.4,2.2000008,Europe/Madrid,16.3,12.7,131.0,16.0,96.0,38
air_quality,2026-06-04T08:13:26+00:00,3128760,Barcelona,ES,2026-05-24T16:00,41.4,2.2000008,Europe/Madrid,15.7,10.8,126.0,17.2,101.0,41
air_quality,2026-06-04T08:13:26+00:00,3128760,Barcelona,ES,2026-05-24T17:00,41.4,2.2000008,Europe/Madrid,14.7,9.8,124.0,19.3,101.0,41
air_quality,2026-06-04T08:13:26+00:00,3128760,Barcelona,ES,2026-05-24T18:00,41.4,2.2000008,Europe/Madrid,14.1,10.0,126.0,21.6,96.0,38
air_quality,2026-06-04T08:13:26+00:00,3128760,Barcelona,ES,2026-05-24T19:00,41.4,2.2000008,Europe/Madrid,15.0,12.4,130.0,26.9,89.0,36
air_quality,2026-06-04T08:13:26+00:00,3128760,Barcelona,ES,2026-05-24T20:00,41.4,2.2000008,Europe/Madrid,16.5,12.8,134.0,38.8,73.0,34
air_quality,2026-06-04T08:13:26+00:00,3128760,Barcelona,ES,2026-05-24T21:00,41.4,2.2000008,Europe/Madrid,18.2,13.6,144.0,55.1,61.0,34
air_quality,2026-06-04T08:13:26+00:00,3128760,Barcelona,ES,2026-05-24T22:00,41.4,2.2000008,Europe/Madrid,20.1,15.0,154.0,67.6,45.0,35
air_quality,2026-06-04T08:13:26+00:00,3128760,Barcelona,ES,2026-05-24T23:00,41.4,2.2000008,Europe/Madrid,26.2,18.8,168.0,84.9,21.0,38
air_quality,2026-06-04T08:13:26+00:00,3128760,Barcelona,ES,2026-05-25T00:00,41.4,2.2000008,Europe/Madrid,30.9,23.2,206.0,99.7,21.0,46
air_quality,2026-06-04T08:13:26+00:00,3128760,Barcelona,ES,2026-05-25T01:00,41.4,2.2000008,Europe/Madrid,30.6,24.1,219.0,96.4,20.0,44
air_quality,2026-06-04T08:13:26+00:00,3128760,Barcelona,ES,2026-05-25T02:00,41.4,2.2000008,Europe/Madrid,27.1,21.9,201.0,92.1,13.0,41
air_quality,2026-06-04T08:13:26+00:00,3128760,Barcelona,ES,2026-05-25T03:00,41.4,2.2000008,Europe/Madrid,29.9,23.4,193.0,89.3,19.0,40
air_quality,2026-06-04T08:13:26+00:00,3128760,Barcelona,ES,2026-05-25T04:00,41.4,2.2000008,Europe/Madrid,31.0,22.8,191.0,82.6,20.0,38
air_quality,2026-06-04T08:13:26+00:00,3128760,Barcelona,ES,2026-05-25T05:00,41.4,2.2000008,Europe/Madrid,31.4,21.9,189.0,74.5,17.0,38
air_quality,2026-06-04T08:13:26+00:00,3128760,Barcelona,ES,2026-05-25T06:00,41.4,2.2000008,Europe/Madrid,29.1,21.3,185.0,68.6,14.0,38
air_quality,2026-06-04T08:13:26+00:00,3128760,Barcelona,ES,2026-05-25T07:00,41.4,2.2000008,Europe/Madrid,26.5,20.5,184.0,64.9,12.0,37
air_quality,2026-06-04T08:13:26+00:00,3128760,Barcelona,ES,2026-05-25T08:00,41.4,2.2000008,Europe/Madrid,24.4,19.9,205.0,57.9,14.0,36
air_quality,2026-06-04T08:13:26+00:00,3128760,Barcelona,ES,2026-05-25T09:00,41.4,2.2000008,Europe/Madrid,23.3,18.4,202.0,50.8,30.0,36
air_quality,2026-06-04T08:13:26+00:00,3128760,Barcelona,ES,2026-05-25T10:00,41.4,2.2000008,Europe/Madrid,18.6,15.3,179.0,41.0,66.0,35
air_quality,2026-06-04T08:13:26+00:00,3128760,Barcelona,ES,2026-05-25T11:00,41.4,2.2000008,Europe/Madrid,14.4,11.0,150.0,26.0,77.0,35
air_quality,2026-06-04T08:13:26+00:00,3128760,Barcelona,ES,2026-05-25T12:00,41.4,2.2000008,Europe/Madrid,12.6,10.1,144.0,20.5,92.0,37
air_quality,2026-06-04T08:13:26+00:00,3128760,Barcelona,ES,2026-05-25T13:00,41.4,2.2000008,Europe/Madrid,11.9,8.9,138.0,16.9,98.0,39
air_quality,2026-06-04T08:13:26+00:00,3128760,Barcelona,ES,2026-05-25T14:00,41.4,2.2000008,Europe/Madrid,11.7,8.2,136.0,15.0,103.0,42
air_quality,2026-06-04T08:13:26+00:00,3128760,Barcelona,ES,2026-05-25T15:00,41.4,2.2000008,Europe/Madrid,11.8,7.9,133.0,17.3,105.0,43
air_quality,2026-06-04T08:13:26+00:00,3128760,Barcelona,ES,2026-05-25T16:00,41.4,2.2000008,Europe/Madrid,12.0,8.4,134.0,18.1,104.0,43
air_quality,2026-06-04T08:13:26+00:00,3128760,Barcelona,ES,2026-05-25T17:00,41.4,2.2000008,Europe/Madrid,12.3,9.3,137.0,20.7,102.0,41
air_quality,2026-06-04T08:13:26+00:00,3128760,Barcelona,ES,2026-05-25T18:00,41.4,2.2000008,Europe/Madrid,13.4,10.6,144.0,27.5,97.0,39
air_quality,2026-06-04T08:13:26+00:00,3128760,Barcelona,ES,2026-05-25T19:00,41.4,2.2000008,Europe/Madrid,15.1,11.7,148.0,32.6,92.0,37
air_quality,2026-06-04T08:13:26+00:00,3128760,Barcelona,ES,2026-05-25T20:00,41.4,2.2000008,Europe/Madrid,15.9,12.5,152.0,36.4,85.0,34
air_quality,2026-06-04T08:13:26+00:00,3128760,Barcelona,ES,2026-05-25T21:00,41.4,2.2000008,Europe/Madrid,16.8,13.1,160.0,45.7,71.0,32
air_quality,2026-06-04T08:13:26+00:00,3128760,Barcelona,ES,2026-05-25T22:00,41.4,2.2000008,Europe/Madrid,20.7,13.5,165.0,58.2,55.0,32
air_quality,2026-06-04T08:13:26+00:00,3128760,Barcelona,ES,2026-05-25T23:00,41.4,2.2000008,Europe/Madrid,22.7,16.6,180.0,78.6,42.0,35
air_quality,2026-06-04T08:13:26+00:00,3128760,Barcelona,ES,2026-05-26T00:00,41.4,2.2000008,Europe/Madrid,26.4,19.0,191.0,93.1,32.0,42
air_quality,2026-06-04T08:13:26+00:00,3128760,Barcelona,ES,2026-05-26T01:00,41.4,2.2000008,Europe/Madrid,26.6,21.4,204.0,93.0,26.0,42
air_quality,2026-06-04T08:13:26+00:00,3128760,Barcelona,ES,2026-05-26T02:00,41.4,2.2000008,Europe/Madrid,27.0,22.6,221.0,100.4,11.0,47
air_quality,2026-06-04T08:13:26+00:00,3128760,Barcelona,ES,2026-05-26T03:00,41.4,2.2000008,Europe/Madrid,27.7,21.4,212.0,93.2,11.0,42
air_quality,2026-06-04T08:13:26+00:00,3128760,Barcelona,ES,2026-05-26T04:00,41.4,2.2000008,Europe/Madrid,30.3,21.7,192.0,85.3,11.0,38
air_quality,2026-06-04T08:13:26+00:00,3128760,Barcelona,ES,2026-05-26T05:00,41.4,2.2000008,Europe/Madrid,31.1,21.8,197.0,77.4,15.0,35
air_quality,2026-06-04T08:13:26+00:00,3128760,Barcelona,ES,2026-05-26T06:00,41.4,2.2000008,Europe/Madrid,26.7,21.4,212.0,70.9,23.0,32
air_quality,2026-06-04T08:13:26+00:00,3128760,Barcelona,ES,2026-05-26T07:00,41.4,2.2000008,Europe/Madrid,26.8,17.9,200.0,63.1,17.0,30
air_quality,2026-06-04T08:13:26+00:00,3128760,Barcelona,ES,2026-05-26T08:00,41.4,2.2000008,Europe/Madrid,25.5,19.6,226.0,58.8,11.0,30
air_quality,2026-06-04T08:13:26+00:00,3128760,Barcelona,ES,2026-05-26T09:00,41.4,2.2000008,Europe/Madrid,26.8,18.4,237.0,58.2,21.0,30
air_quality,2026-06-04T08:13:26+00:00,3128760,Barcelona,ES,2026-05-26T10:00,41.4,2.2000008,Europe/Madrid,23.0,16.6,237.0,55.1,38.0,30
air_quality,2026-06-04T08:13:26+00:00,3128760,Barcelona,ES,2026-05-26T11:00,41.4,2.2000008,Europe/Madrid,24.0,14.5,211.0,46.9,52.0,30
air_quality,2026-06-04T08:13:26+00:00,3128760,Barcelona,ES,2026-05-26T12:00,41.4,2.2000008,Europe/Madrid,20.4,16.3,171.0,30.1,64.0,31
air_quality,2026-06-04T08:13:26+00:00,3128760,Barcelona,ES,2026-05-26T13:00,41.4,2.2000008,Europe/Madrid,18.4,16.0,161.0,26.5,82.0,33
air_quality,2026-06-04T08:13:26+00:00,3128760,Barcelona,ES,2026-05-26T14:00,41.4,2.2000008,Europe/Madrid,17.9,14.8,154.0,22.2,99.0,40
air_quality,2026-06-04T08:13:26+00:00,3128760,Barcelona,ES,2026-05-26T15:00,41.4,2.2000008,Europe/Madrid,18.6,13.8,152.0,21.3,104.0,43
air_quality,2026-06-04T08:13:26+00:00,3128760,Barcelona,ES,2026-05-26T16:00,41.4,2.2000008,Europe/Madrid,16.8,13.0,149.0,20.4,107.0,45
air_quality,2026-06-04T08:13:26+00:00,3128760,Barcelona,ES,2026-05-26T17:00,41.4,2.2000008,Europe/Madrid,15.3,11.6,143.0,20.0,106.0,44
air_quality,2026-06-04T08:13:26+00:00,3128760,Barcelona,ES,2026-05-26T18:00,41.4,2.2000008,Europe/Madrid,15.0,10.8,145.0,26.2,104.0,43
air_quality,2026-06-04T08:13:26+00:00,3128760,Barcelona,ES,2026-05-26T19:00,41.4,2.2000008,Europe/Madrid,14.3,10.8,150.0,33.7,99.0,40
air_quality,2026-06-04T08:13:26+00:00,3128760,Barcelona,ES,2026-05-26T20:00,41.4,2.2000008,Europe/Madrid,13.9,10.0,148.0,38.0,92.0,37
air_quality,2026-06-04T08:13:26+00:00,3128760,Barcelona,ES,2026-05-26T21:00,41.4,2.2000008,Europe/Madrid,15.2,10.0,147.0,47.5,82.0,33
air_quality,2026-06-04T08:13:26+00:00,3128760,Barcelona,ES,2026-05-26T22:00,41.4,2.2000008,Europe/Madrid,15.5,12.2,149.0,45.5,77.0,33
air_quality,2026-06-04T08:13:26+00:00,3128760,Barcelona,ES,2026-05-26T23:00,41.4,2.2000008,Europe/Madrid,18.1,13.7,154.0,52.3,65.0,33
air_quality,2026-06-04T08:13:26+00:00,3128760,Barcelona,ES,2026-05-27T00:00,41.4,2.2000008,Europe/Madrid,20.1,13.8,159.0,56.9,52.0,32
air_quality,2026-06-04T08:13:26+00:00,3128760,Barcelona,ES,2026-05-27T01:00,41.4,2.2000008,Europe/Madrid,19.4,14.0,165.0,60.6,43.0,32
air_quality,2026-06-04T08:13:26+00:00,3128760,Barcelona,ES,2026-05-27T02:00,41.4,2.2000008,Europe/Madrid,16.7,12.5,157.0,53.7,35.0,31
air_quality,2026-06-04T08:13:26+00:00,3128760,Barcelona,ES,2026-05-27T03:00,41.4,2.2000008,Europe/Madrid,16.9,11.1,149.0,41.4,34.0,31
air_quality,2026-06-04T08:13:26+00:00,3128760,Barcelona,ES,2026-05-27T04:00,41.4,2.2000008,Europe/Madrid,16.9,10.8,147.0,37.2,37.0,30
air_quality,2026-06-04T08:13:26+00:00,3128760,Barcelona,ES,2026-05-27T05:00,41.4,2.2000008,Europe/Madrid,17.4,11.0,144.0,37.7,42.0,29
air_quality,2026-06-04T08:13:26+00:00,3128760,Barcelona,ES,2026-05-27T06:00,41.4,2.2000008,Europe/Madrid,15.5,11.5,146.0,40.0,39.0,28
air_quality,2026-06-04T08:13:26+00:00,3128760,Barcelona,ES,2026-05-27T07:00,41.4,2.2000008,Europe/Madrid,15.5,12.4,152.0,41.9,27.0,27
air_quality,2026-06-04T08:13:26+00:00,3128760,Barcelona,ES,2026-05-27T08:00,41.4,2.2000008,Europe/Madrid,18.0,12.9,175.0,46.8,25.0,27
air_quality,2026-06-04T08:13:26+00:00,3128760,Barcelona,ES,2026-05-27T09:00,41.4,2.2000008,Europe/Madrid,17.4,11.8,172.0,41.1,48.0,26
air_quality,2026-06-04T08:13:26+00:00,3128760,Barcelona,ES,2026-05-27T10:00,41.4,2.2000008,Europe/Madrid,13.1,9.2,160.0,31.0,62.0,25
air_quality,2026-06-04T08:13:26+00:00,3128760,Barcelona,ES,2026-05-27T11:00,41.4,2.2000008,Europe/Madrid,13.0,8.7,147.0,21.3,82.0,33
air_quality,2026-06-04T08:13:26+00:00,3128760,Barcelona,ES,2026-05-27T12:00,41.4,2.2000008,Europe/Madrid,12.8,8.7,134.0,15.7,97.0,39
air_quality,2026-06-04T08:13:26+00:00,3128760,Barcelona,ES,2026-05-27T13:00,41.4,2.2000008,Europe/Madrid,12.1,8.6,130.0,11.4,105.0,43
air_quality,2026-06-04T08:13:26+00:00,3128760,Barcelona,ES,2026-05-27T14:00,41.4,2.2000008,Europe/Madrid,11.6,8.2,128.0,9.5,105.0,43
air_quality,2026-06-04T08:13:26+00:00,3128760,Barcelona,ES,2026-05-27T15:00,41.4,2.2000008,Europe/Madrid,11.6,8.1,126.0,9.8,107.0,45
air_quality,2026-06-04T08:13:26+00:00,3128760,Barcelona,ES,2026-05-27T16:00,41.4,2.2000008,Europe/Madrid,11.8,8.1,127.0,11.0,107.0,45
air_quality,2026-06-04T08:13:26+00:00,3128760,Barcelona,ES,2026-05-27T17:00,41.4,2.2000008,Europe/Madrid,12.3,8.2,127.0,11.6,106.0,44
air_quality,2026-06-04T08:13:26+00:00,3128760,Barcelona,ES,2026-05-27T18:00,41.4,2.2000008,Europe/Madrid,12.8,8.3,130.0,14.0,100.0,40
air_quality,2026-06-04T08:13:26+00:00,3128760,Barcelona,ES,2026-05-27T19:00,41.4,2.2000008,Europe/Madrid,12.8,8.2,134.0,18.0,91.0,36
air_quality,2026-06-04T08:13:26+00:00,3128760,Barcelona,ES,2026-05-27T20:00,41.4,2.2000008,Europe/Madrid,12.9,8.0,133.0,23.0,88.0,35
air_quality,2026-06-04T08:13:26+00:00,3128760,Barcelona,ES,2026-05-27T21:00,41.4,2.2000008,Europe/Madrid,13.1,8.1,132.0,28.2,80.0,32
air_quality,2026-06-04T08:13:26+00:00,3128760,Barcelona,ES,2026-05-27T22:00,41.4,2.2000008,Europe/Madrid,13.4,8.6,136.0,29.8,79.0,32
air_quality,2026-06-04T08:13:26+00:00,3128760,Barcelona,ES,2026-05-27T23:00,41.4,2.2000008,Europe/Madrid,14.2,9.0,139.0,32.8,71.0,28
air_quality,2026-06-04T08:13:26+00:00,3128760,Barcelona,ES,2026-05-28T00:00,41.4,2.2000008,Europe/Madrid,14.7,9.7,142.0,35.5,62.0,25
air_quality,2026-06-04T08:13:26+00:00,3128760,Barcelona,ES,2026-05-28T01:00,41.4,2.2000008,Europe/Madrid,15.1,9.8,144.0,34.7,57.0,23
air_quality,2026-06-04T08:13:26+00:00,3128760,Barcelona,ES,2026-05-28T02:00,41.4,2.2000008,Europe/Madrid,15.1,9.5,145.0,34.0,56.0,22
air_quality,2026-06-04T08:13:26+00:00,3128760,Barcelona,ES,2026-05-28T03:00,41.4,2.2000008,Europe/Madrid,15.7,10.0,144.0,30.7,52.0,21
air_quality,2026-06-04T08:13:26+00:00,3128760,Barcelona,ES,2026-05-28T04:00,41.4,2.2000008,Europe/Madrid,16.0,10.3,144.0,32.4,47.0,19
air_quality,2026-06-04T08:13:26+00:00,3128760,Barcelona,ES,2026-05-28T05:00,41.4,2.2000008,Europe/Madrid,16.5,10.4,146.0,34.2,46.0,19
air_quality,2026-06-04T08:13:26+00:00,3128760,Barcelona,ES,2026-05-28T06:00,41.4,2.2000008,Europe/Madrid,17.7,10.8,153.0,40.1,42.0,20
air_quality,2026-06-04T08:13:26+00:00,3128760,Barcelona,ES,2026-05-28T07:00,41.4,2.2000008,Europe/Madrid,20.6,11.9,165.0,42.9,28.0,21
air_quality,2026-06-04T08:13:26+00:00,3128760,Barcelona,ES,2026-05-28T08:00,41.4,2.2000008,Europe/Madrid,22.7,14.1,188.0,49.3,21.0,24
air_quality,2026-06-04T08:13:26+00:00,3128760,Barcelona,ES,2026-05-28T09:00,41.4,2.2000008,Europe/Madrid,24.2,14.7,196.0,47.2,39.0,23
air_quality,2026-06-04T08:13:26+00:00,3128760,Barcelona,ES,2026-05-28T10:00,41.4,2.2000008,Europe/Madrid,21.3,14.1,188.0,43.6,58.0,23
air_quality,2026-06-04T08:13:26+00:00,3128760,Barcelona,ES,2026-05-28T11:00,41.4,2.2000008,Europe/Madrid,19.6,11.8,176.0,32.7,79.0,32
air_quality,2026-06-04T08:13:26+00:00,3128760,Barcelona,ES,2026-05-28T12:00,41.4,2.2000008,Europe/Madrid,18.0,10.6,161.0,25.9,98.0,39
air_quality,2026-06-04T08:13:26+00:00,3128760,Barcelona,ES,2026-05-28T13:00,41.4,2.2000008,Europe/Madrid,15.7,10.6,144.0,21.1,103.0,42
air_quality,2026-06-04T08:13:26+00:00,3128760,Barcelona,ES,2026-05-28T14:00,41.4,2.2000008,Europe/Madrid,15.2,9.5,141.0,16.5,105.0,43
air_quality,2026-06-04T08:13:26+00:00,3128760,Barcelona,ES,2026-05-28T15:00,41.4,2.2000008,Europe/Madrid,15.1,8.9,140.0,15.3,107.0,45
air_quality,2026-06-04T08:13:26+00:00,3128760,Barcelona,ES,2026-05-28T16:00,41.4,2.2000008,Europe/Madrid,15.0,9.0,140.0,15.4,106.0,44
air_quality,2026-06-04T08:13:26+00:00,3128760,Barcelona,ES,2026-05-28T17:00,41.4,2.2000008,Europe/Madrid,14.8,9.5,140.0,16.8,105.0,43
air_quality,2026-06-04T08:13:26+00:00,3128760,Barcelona,ES,2026-05-28T18:00,41.4,2.2000008,Europe/Madrid,14.7,9.8,143.0,20.0,100.0,40
air_quality,2026-06-04T08:13:26+00:00,3128760,Barcelona,ES,2026-05-28T19:00,41.4,2.2000008,Europe/Madrid,14.6,9.5,142.0,24.1,93.0,37
air_quality,2026-06-04T08:13:26+00:00,3128760,Barcelona,ES,2026-05-28T20:00,41.4,2.2000008,Europe/Madrid,14.4,9.0,139.0,28.7,87.0,35
air_quality,2026-06-04T08:13:26+00:00,3128760,Barcelona,ES,2026-05-28T21:00,41.4,2.2000008,Europe/Madrid,15.4,8.7,141.0,33.1,76.0,30
air_quality,2026-06-04T08:13:26+00:00,3128760,Barcelona,ES,2026-05-28T22:00,41.4,2.2000008,Europe/Madrid,17.0,9.5,146.0,38.9,67.0,27
air_quality,2026-06-04T08:13:26+00:00,3128760,Barcelona,ES,2026-05-28T23:00,41.4,2.2000008,Europe/Madrid,17.5,10.8,149.0,41.8,58.0,23
air_quality,2026-06-04T08:13:26+00:00,3128760,Barcelona,ES,2026-05-29T00:00,41.4,2.2000008,Europe/Madrid,20.1,11.6,155.0,46.9,51.0,23
air_quality,2026-06-04T08:13:26+00:00,3128760,Barcelona,ES,2026-05-29T01:00,41.4,2.2000008,Europe/Madrid,19.6,11.6,163.0,51.2,46.0,24
air_quality,2026-06-04T08:13:26+00:00,3128760,Barcelona,ES,2026-05-29T02:00,41.4,2.2000008,Europe/Madrid,18.8,12.0,171.0,51.2,38.0,24
air_quality,2026-06-04T08:13:26+00:00,3128760,Barcelona,ES,2026-05-29T03:00,41.4,2.2000008,Europe/Madrid,20.6,12.0,170.0,49.0,32.0,24
air_quality,2026-06-04T08:13:26+00:00,3128760,Barcelona,ES,2026-05-29T04:00,41.4,2.2000008,Europe/Madrid,21.9,12.6,171.0,48.0,31.0,23
air_quality,2026-06-04T08:13:26+00:00,3128760,Barcelona,ES,2026-05-29T05:00,41.4,2.2000008,Europe/Madrid,22.0,12.6,167.0,45.6,31.0,22
air_quality,2026-06-04T08:13:26+00:00,3128760,Barcelona,ES,2026-05-29T06:00,41.4,2.2000008,Europe/Madrid,23.0,13.2,168.0,44.1,27.0,22
air_quality,2026-06-04T08:13:26+00:00,3128760,Barcelona,ES,2026-05-29T07:00,41.4,2.2000008,Europe/Madrid,23.5,14.9,181.0,49.5,18.0,24
air_quality,2026-06-04T08:13:26+00:00,3128760,Barcelona,ES,2026-05-29T08:00,41.4,2.2000008,Europe/Madrid,25.8,18.2,215.0,58.4,15.0,27
air_quality,2026-06-04T08:13:26+00:00,3128760,Barcelona,ES,2026-05-29T09:00,41.4,2.2000008,Europe/Madrid,29.9,19.5,234.0,64.5,32.0,30
air_quality,2026-06-04T08:13:26+00:00,3128760,Barcelona,ES,2026-05-29T10:00,41.4,2.2000008,Europe/Madrid,28.2,17.9,223.0,59.5,41.0,28
air_quality,2026-06-04T08:13:26+00:00,3128760,Barcelona,ES,2026-05-29T11:00,41.4,2.2000008,Europe/Madrid,26.0,15.2,192.0,46.1,64.0,26
air_quality,2026-06-04T08:13:26+00:00,3128760,Barcelona,ES,2026-05-29T12:00,41.4,2.2000008,Europe/Madrid,21.3,13.4,174.0,41.1,79.0,32
air_quality,2026-06-04T08:13:26+00:00,3128760,Barcelona,ES,2026-05-29T13:00,41.4,2.2000008,Europe/Madrid,19.1,12.0,169.0,37.6,87.0,35
air_quality,2026-06-04T08:13:26+00:00,3128760,Barcelona,ES,2026-05-29T14:00,41.4,2.2000008,Europe/Madrid,17.8,11.0,160.0,29.4,92.0,37
air_quality,2026-06-04T08:13:26+00:00,3128760,Barcelona,ES,2026-05-29T15:00,41.4,2.2000008,Europe/Madrid,17.0,10.2,148.0,26.6,99.0,40
air_quality,2026-06-04T08:13:26+00:00,3128760,Barcelona,ES,2026-05-29T16:00,41.4,2.2000008,Europe/Madrid,17.2,9.8,148.0,27.5,107.0,45
air_quality,2026-06-04T08:13:26+00:00,3128760,Barcelona,ES,2026-05-29T17:00,41.4,2.2000008,Europe/Madrid,18.9,10.1,153.0,29.1,109.0,46
air_quality,2026-06-04T08:13:26+00:00,3128760,Barcelona,ES,2026-05-29T18:00,41.4,2.2000008,Europe/Madrid,19.7,10.8,161.0,31.7,102.0,41
air_quality,2026-06-04T08:13:26+00:00,3128760,Barcelona,ES,2026-05-29T19:00,41.4,2.2000008,Europe/Madrid,21.6,11.9,167.0,36.2,94.0,38
air_quality,2026-06-04T08:13:26+00:00,3128760,Barcelona,ES,2026-05-29T20:00,41.4,2.2000008,Europe/Madrid,24.1,12.8,174.0,38.0,95.0,38
air_quality,2026-06-04T08:13:26+00:00,3128760,Barcelona,ES,2026-05-29T21:00,41.4,2.2000008,Europe/Madrid,25.2,13.3,173.0,41.8,96.0,38
air_quality,2026-06-04T08:13:26+00:00,3128760,Barcelona,ES,2026-05-29T22:00,41.4,2.2000008,Europe/Madrid,25.7,13.8,170.0,39.7,91.0,36
air_quality,2026-06-04T08:13:26+00:00,3128760,Barcelona,ES,2026-05-29T23:00,41.4,2.2000008,Europe/Madrid,26.2,14.8,171.0,44.3,81.0,32
air_quality,2026-06-04T08:13:26+00:00,3128760,Barcelona,ES,2026-05-30T00:00,41.4,2.2000008,Europe/Madrid,28.0,16.0,167.0,54.7,68.0,27
air_quality,2026-06-04T08:13:26+00:00,3128760,Barcelona,ES,2026-05-30T01:00,41.4,2.2000008,Europe/Madrid,31.1,17.4,169.0,62.0,52.0,29
air_quality,2026-06-04T08:13:26+00:00,3128760,Barcelona,ES,2026-05-30T02:00,41.4,2.2000008,Europe/Madrid,30.5,19.3,194.0,58.4,56.0,27
air_quality,2026-06-04T08:13:26+00:00,3128760,Barcelona,ES,2026-05-30T03:00,41.4,2.2000008,Europe/Madrid,36.6,23.3,194.0,73.8,39.0,34
air_quality,2026-06-04T08:13:26+00:00,3128760,Barcelona,ES,2026-05-30T04:00,41.4,2.2000008,Europe/Madrid,42.9,27.8,196.0,82.4,18.0,37
air_quality,2026-06-04T08:13:26+00:00,3128760,Barcelona,ES,2026-05-30T05:00,41.4,2.2000008,Europe/Madrid,43.3,30.9,198.0,81.8,20.0,37
air_quality,2026-06-04T08:13:26+00:00,3128760,Barcelona,ES,2026-05-30T06:00,41.4,2.2000008,Europe/Madrid,44.4,28.6,204.0,72.3,33.0,33
air_quality,2026-06-04T08:13:26+00:00,3128760,Barcelona,ES,2026-05-30T07:00,41.4,2.2000008,Europe/Madrid,42.9,31.0,213.0,79.4,28.0,36
air_quality,2026-06-04T08:13:26+00:00,3128760,Barcelona,ES,2026-05-30T08:00,41.4,2.2000008,Europe/Madrid,41.3,31.2,228.0,78.7,33.0,35
air_quality,2026-06-04T08:13:26+00:00,3128760,Barcelona,ES,2026-05-30T09:00,41.4,2.2000008,Europe/Madrid,38.8,31.3,203.0,60.9,48.0,35
air_quality,2026-06-04T08:13:26+00:00,3128760,Barcelona,ES,2026-05-30T10:00,41.4,2.2000008,Europe/Madrid,33.8,26.4,183.0,39.5,74.0,36
air_quality,2026-06-04T08:13:26+00:00,3128760,Barcelona,ES,2026-05-30T11:00,41.4,2.2000008,Europe/Madrid,25.0,18.5,163.0,27.3,96.0,38
air_quality,2026-06-04T08:13:26+00:00,3128760,Barcelona,ES,2026-05-30T12:00,41.4,2.2000008,Europe/Madrid,20.2,16.3,158.0,19.0,103.0,42
air_quality,2026-06-04T08:13:26+00:00,3128760,Barcelona,ES,2026-05-30T13:00,41.4,2.2000008,Europe/Madrid,20.0,15.3,151.0,16.9,103.0,42
air_quality,2026-06-04T08:13:26+00:00,3128760,Barcelona,ES,2026-05-30T14:00,41.4,2.2000008,Europe/Madrid,19.4,14.3,145.0,15.7,109.0,46
air_quality,2026-06-04T08:13:26+00:00,3128760,Barcelona,ES,2026-05-30T15:00,41.4,2.2000008,Europe/Madrid,18.9,13.4,140.0,16.0,113.0,49
air_quality,2026-06-04T08:13:26+00:00,3128760,Barcelona,ES,2026-05-30T16:00,41.4,2.2000008,Europe/Madrid,19.0,13.2,137.0,14.5,116.0,51
air_quality,2026-06-04T08:13:26+00:00,3128760,Barcelona,ES,2026-05-30T17:00,41.4,2.2000008,Europe/Madrid,18.9,13.3,139.0,14.3,114.0,49
air_quality,2026-06-04T08:13:26+00:00,3128760,Barcelona,ES,2026-05-30T18:00,41.4,2.2000008,Europe/Madrid,19.1,13.4,139.0,19.8,108.0,45
air_quality,2026-06-04T08:13:26+00:00,3128760,Barcelona,ES,2026-05-30T19:00,41.4,2.2000008,Europe/Madrid,19.4,13.0,143.0,25.0,94.0,39
air_quality,2026-06-04T08:13:26+00:00,3128760,Barcelona,ES,2026-05-30T20:00,41.4,2.2000008,Europe/Madrid,22.7,13.2,148.0,45.2,83.0,39
air_quality,2026-06-04T08:13:26+00:00,3128760,Barcelona,ES,2026-05-30T21:00,41.4,2.2000008,Europe/Madrid,23.5,14.2,159.0,54.0,73.0,39
air_quality,2026-06-04T08:13:26+00:00,3128760,Barcelona,ES,2026-05-30T22:00,41.4,2.2000008,Europe/Madrid,24.0,14.8,165.0,59.3,64.0,39
air_quality,2026-06-04T08:13:26+00:00,3128760,Barcelona,ES,2026-05-30T23:00,41.4,2.2000008,Europe/Madrid,24.9,14.7,168.0,60.8,57.0,39
air_quality,2026-06-04T08:13:26+00:00,3128760,Barcelona,ES,2026-05-31T00:00,41.4,2.2000008,Europe/Madrid,28.8,14.3,170.0,79.3,42.0,39
air_quality,2026-06-04T08:13:26+00:00,3128760,Barcelona,ES,2026-05-31T01:00,41.4,2.2000008,Europe/Madrid,29.9,15.4,168.0,82.0,28.0,39
air_quality,2026-06-04T08:13:26+00:00,3128760,Barcelona,ES,2026-05-31T02:00,41.4,2.2000008,Europe/Madrid,29.9,16.3,175.0,75.7,15.0,39
air_quality,2026-06-04T08:13:26+00:00,3128760,Barcelona,ES,2026-05-31T03:00,41.4,2.2000008,Europe/Madrid,30.4,17.6,176.0,72.4,18.0,39
air_quality,2026-06-04T08:13:26+00:00,3128760,Barcelona,ES,2026-05-31T04:00,41.4,2.2000008,Europe/Madrid,31.3,18.9,178.0,66.4,28.0,38
air_quality,2026-06-04T08:13:26+00:00,3128760,Barcelona,ES,2026-05-31T05:00,41.4,2.2000008,Europe/Madrid,33.0,20.4,180.0,65.0,40.0,37
air_quality,2026-06-04T08:13:26+00:00,3128760,Barcelona,ES,2026-05-31T06:00,41.4,2.2000008,Europe/Madrid,34.7,22.3,184.0,53.2,40.0,37
air_quality,2026-06-04T08:13:26+00:00,3128760,Barcelona,ES,2026-05-31T07:00,41.4,2.2000008,Europe/Madrid,36.9,23.4,193.0,56.0,28.0,36
air_quality,2026-06-04T08:13:26+00:00,3128760,Barcelona,ES,2026-05-31T08:00,41.4,2.2000008,Europe/Madrid,34.6,24.3,211.0,53.0,25.0,35
air_quality,2026-06-04T08:13:26+00:00,3128760,Barcelona,ES,2026-05-31T09:00,41.4,2.2000008,Europe/Madrid,33.0,24.8,213.0,44.7,42.0,35
air_quality,2026-06-04T08:13:26+00:00,3128760,Barcelona,ES,2026-05-31T10:00,41.4,2.2000008,Europe/Madrid,31.2,22.9,209.0,39.9,56.0,34
air_quality,2026-06-04T08:13:26+00:00,3128760,Barcelona,ES,2026-05-31T11:00,41.4,2.2000008,Europe/Madrid,28.4,19.0,185.0,34.6,68.0,34
air_quality,2026-06-04T08:13:26+00:00,3128760,Barcelona,ES,2026-05-31T12:00,41.4,2.2000008,Europe/Madrid,25.0,14.7,161.0,23.0,77.0,34
air_quality,2026-06-04T08:13:26+00:00,3128760,Barcelona,ES,2026-05-31T13:00,41.4,2.2000008,Europe/Madrid,21.9,13.1,144.0,13.6,104.0,43
air_quality,2026-06-04T08:13:26+00:00,3128760,Barcelona,ES,2026-05-31T14:00,41.4,2.2000008,Europe/Madrid,18.7,12.8,139.0,9.3,108.0,45
air_quality,2026-06-04T08:13:26+00:00,3128760,Barcelona,ES,2026-05-31T15:00,41.4,2.2000008,Europe/Madrid,17.9,12.7,136.0,9.3,112.0,48
air_quality,2026-06-04T08:13:26+00:00,3128760,Barcelona,ES,2026-05-31T16:00,41.4,2.2000008,Europe/Madrid,18.4,12.3,134.0,9.5,114.0,49
air_quality,2026-06-04T08:13:26+00:00,3128760,Barcelona,ES,2026-05-31T17:00,41.4,2.2000008,Europe/Madrid,18.6,12.0,136.0,10.2,111.0,47
air_quality,2026-06-04T08:13:26+00:00,3128760,Barcelona,ES,2026-05-31T18:00,41.4,2.2000008,Europe/Madrid,18.7,11.8,140.0,13.1,103.0,42
air_quality,2026-06-04T08:13:26+00:00,3128760,Barcelona,ES,2026-05-31T19:00,41.4,2.2000008,Europe/Madrid,19.7,11.9,139.0,21.6,98.0,39
air_quality,2026-06-04T08:13:26+00:00,3128760,Barcelona,ES,2026-05-31T20:00,41.4,2.2000008,Europe/Madrid,20.0,12.0,144.0,26.3,92.0,37
air_quality,2026-06-04T08:13:26+00:00,3128760,Barcelona,ES,2026-05-31T21:00,41.4,2.2000008,Europe/Madrid,20.4,12.0,147.0,32.5,84.0,34
air_quality,2026-06-04T08:13:26+00:00,3128760,Barcelona,ES,2026-05-31T22:00,41.4,2.2000008,Europe/Madrid,20.6,12.2,146.0,40.4,78.0,33
air_quality,2026-06-04T08:13:26+00:00,3128760,Barcelona,ES,2026-05-31T23:00,41.4,2.2000008,Europe/Madrid,22.8,12.3,149.0,44.2,68.0,33
air_quality,2026-06-04T08:13:26+00:00,3128760,Barcelona,ES,2026-06-01T00:00,41.4,2.2000008,Europe/Madrid,22.4,13.8,147.0,47.3,61.0,32
air_quality,2026-06-04T08:13:26+00:00,3128760,Barcelona,ES,2026-06-01T01:00,41.4,2.2000008,Europe/Madrid,23.6,15.2,154.0,57.0,49.0,32
air_quality,2026-06-04T08:13:26+00:00,3128760,Barcelona,ES,2026-06-01T02:00,41.4,2.2000008,Europe/Madrid,25.1,15.1,157.0,52.9,33.0,32
air_quality,2026-06-04T08:13:26+00:00,3128760,Barcelona,ES,2026-06-01T03:00,41.4,2.2000008,Europe/Madrid,27.4,17.8,160.0,57.7,23.0,32
air_quality,2026-06-04T08:13:26+00:00,3128760,Barcelona,ES,2026-06-01T04:00,41.4,2.2000008,Europe/Madrid,28.8,22.1,158.0,58.4,38.0,32
air_quality,2026-06-04T08:13:26+00:00,3128760,Barcelona,ES,2026-06-01T05:00,41.4,2.2000008,Europe/Madrid,28.9,19.5,156.0,36.9,50.0,33
air_quality,2026-06-04T08:13:26+00:00,3128760,Barcelona,ES,2026-06-01T06:00,41.4,2.2000008,Europe/Madrid,25.3,17.4,148.0,33.9,57.0,32
air_quality,2026-06-04T08:13:26+00:00,3128760,Barcelona,ES,2026-06-01T07:00,41.4,2.2000008,Europe/Madrid,23.7,16.7,150.0,30.5,45.0,32
air_quality,2026-06-04T08:13:26+00:00,3128760,Barcelona,ES,2026-06-01T08:00,41.4,2.2000008,Europe/Madrid,24.1,16.0,157.0,37.4,45.0,32
air_quality,2026-06-04T08:13:26+00:00,3128760,Barcelona,ES,2026-06-01T09:00,41.4,2.2000008,Europe/Madrid,25.4,14.3,156.0,35.8,73.0,31
air_quality,2026-06-04T08:13:26+00:00,3128760,Barcelona,ES,2026-06-01T10:00,41.4,2.2000008,Europe/Madrid,22.9,13.6,150.0,27.0,77.0,31
air_quality,2026-06-04T08:13:26+00:00,3128760,Barcelona,ES,2026-06-01T11:00,41.4,2.2000008,Europe/Madrid,19.7,12.4,146.0,18.6,84.0,34
air_quality,2026-06-04T08:13:26+00:00,3128760,Barcelona,ES,2026-06-01T12:00,41.4,2.2000008,Europe/Madrid,17.7,11.5,140.0,12.0,87.0,35
air_quality,2026-06-04T08:13:26+00:00,3128760,Barcelona,ES,2026-06-01T13:00,41.4,2.2000008,Europe/Madrid,17.5,10.9,137.0,11.2,97.0,39
air_quality,2026-06-04T08:13:26+00:00,3128760,Barcelona,ES,2026-06-01T14:00,41.4,2.2000008,Europe/Madrid,17.8,10.3,133.0,10.1,109.0,46
air_quality,2026-06-04T08:13:26+00:00,3128760,Barcelona,ES,2026-06-01T15:00,41.4,2.2000008,Europe/Madrid,18.1,10.3,129.0,9.0,110.0,47
air_quality,2026-06-04T08:13:26+00:00,3128760,Barcelona,ES,2026-06-01T16:00,41.4,2.2000008,Europe/Madrid,18.4,10.6,129.0,9.3,108.0,45
air_quality,2026-06-04T08:13:26+00:00,3128760,Barcelona,ES,2026-06-01T17:00,41.4,2.2000008,Europe/Madrid,18.4,10.5,131.0,9.3,107.0,45
air_quality,2026-06-04T08:13:26+00:00,3128760,Barcelona,ES,2026-06-01T18:00,41.4,2.2000008,Europe/Madrid,18.2,10.8,133.0,11.4,102.0,41
air_quality,2026-06-04T08:13:26+00:00,3128760,Barcelona,ES,2026-06-01T19:00,41.4,2.2000008,Europe/Madrid,18.1,11.1,136.0,15.3,91.0,36
air_quality,2026-06-04T08:13:26+00:00,3128760,Barcelona,ES,2026-06-01T20:00,41.4,2.2000008,Europe/Madrid,18.3,11.3,136.0,17.7,84.0,34
air_quality,2026-06-04T08:13:26+00:00,3128760,Barcelona,ES,2026-06-01T21:00,41.4,2.2000008,Europe/Madrid,18.8,11.3,136.0,23.6,78.0,31
air_quality,2026-06-04T08:13:26+00:00,3128760,Barcelona,ES,2026-06-01T22:00,41.4,2.2000008,Europe/Madrid,19.8,11.2,136.0,27.8,74.0,30
air_quality,2026-06-04T08:13:26+00:00,3128760,Barcelona,ES,2026-06-01T23:00,41.4,2.2000008,Europe/Madrid,20.7,11.2,140.0,32.8,64.0,27
air_quality,2026-06-04T08:13:26+00:00,3128760,Barcelona,ES,2026-06-02T00:00,41.4,2.2000008,Europe/Madrid,20.9,11.9,144.0,36.7,52.0,27
air_quality,2026-06-04T08:13:26+00:00,3128760,Barcelona,ES,2026-06-02T01:00,41.4,2.2000008,Europe/Madrid,21.8,13.1,147.0,39.2,46.0,27
air_quality,2026-06-04T08:13:26+00:00,3128760,Barcelona,ES,2026-06-02T02:00,41.4,2.2000008,Europe/Madrid,21.8,14.8,149.0,40.0,46.0,27
air_quality,2026-06-04T08:13:26+00:00,3128760,Barcelona,ES,2026-06-02T03:00,41.4,2.2000008,Europe/Madrid,22.9,14.7,149.0,36.6,46.0,27
air_quality,2026-06-04T08:13:26+00:00,3128760,Barcelona,ES,2026-06-02T04:00,41.4,2.2000008,Europe/Madrid,23.5,15.3,145.0,34.3,47.0,26
air_quality,2026-06-04T08:13:26+00:00,3128760,Barcelona,ES,2026-06-02T05:00,41.4,2.2000008,Europe/Madrid,24.4,16.1,144.0,34.3,49.0,26
air_quality,2026-06-04T08:13:26+00:00,3128760,Barcelona,ES,2026-06-02T06:00,41.4,2.2000008,Europe/Madrid,25.4,16.5,145.0,43.8,45.0,26
air_quality,2026-06-04T08:13:26+00:00,3128760,Barcelona,ES,2026-06-02T07:00,41.4,2.2000008,Europe/Madrid,24.6,16.8,154.0,48.5,33.0,26
air_quality,2026-06-04T08:13:26+00:00,3128760,Barcelona,ES,2026-06-02T08:00,41.4,2.2000008,Europe/Madrid,27.2,17.6,175.0,51.3,34.0,26
air_quality,2026-06-04T08:13:26+00:00,3128760,Barcelona,ES,2026-06-02T09:00,41.4,2.2000008,Europe/Madrid,27.2,16.6,187.0,47.9,46.0,26
air_quality,2026-06-04T08:13:26+00:00,3128760,Barcelona,ES,2026-06-02T10:00,41.4,2.2000008,Europe/Madrid,25.3,14.8,171.0,39.6,61.0,26
air_quality,2026-06-04T08:13:26+00:00,3128760,Barcelona,ES,2026-06-02T11:00,41.4,2.2000008,Europe/Madrid,22.8,12.4,159.0,36.3,68.0,27
air_quality,2026-06-04T08:13:26+00:00,3128760,Barcelona,ES,2026-06-02T12:00,41.4,2.2000008,Europe/Madrid,21.0,11.2,143.0,26.9,75.0,30
air_quality,2026-06-04T08:13:26+00:00,3128760,Barcelona,ES,2026-06-02T13:00,41.4,2.2000008,Europe/Madrid,19.6,11.1,135.0,20.5,85.0,34
air_quality,2026-06-04T08:13:26+00:00,3128760,Barcelona,ES,2026-06-02T14:00,41.4,2.2000008,Europe/Madrid,18.2,10.9,130.0,16.5,90.0,36
air_quality,2026-06-04T08:13:26+00:00,3128760,Barcelona,ES,2026-06-02T15:00,41.4,2.2000008,Europe/Madrid,16.5,10.8,126.0,13.2,93.0,37
air_quality,2026-06-04T08:13:26+00:00,3128760,Barcelona,ES,2026-06-02T16:00,41.4,2.2000008,Europe/Madrid,16.1,10.7,125.0,11.5,98.0,39
air_quality,2026-06-04T08:13:26+00:00,3128760,Barcelona,ES,2026-06-02T17:00,41.4,2.2000008,Europe/Madrid,15.8,10.3,124.0,9.7,101.0,41
air_quality,2026-06-04T08:13:26+00:00,3128760,Barcelona,ES,2026-06-02T18:00,41.4,2.2000008,Europe/Madrid,14.4,9.9,126.0,9.0,97.0,39
air_quality,2026-06-04T08:13:26+00:00,3128760,Barcelona,ES,2026-06-02T19:00,41.4,2.2000008,Europe/Madrid,14.3,9.0,127.0,9.2,88.0,35
air_quality,2026-06-04T08:13:26+00:00,3128760,Barcelona,ES,2026-06-02T20:00,41.4,2.2000008,Europe/Madrid,12.8,6.3,123.0,11.3,75.0,30
air_quality,2026-06-04T08:13:26+00:00,3128760,Barcelona,ES,2026-06-02T21:00,41.4,2.2000008,Europe/Madrid,8.6,5.3,120.0,14.4,64.0,26
air_quality,2026-06-04T08:13:26+00:00,3128760,Barcelona,ES,2026-06-02T22:00,41.4,2.2000008,Europe/Madrid,8.6,4.3,117.0,15.1,59.0,25
air_quality,2026-06-04T08:13:26+00:00,3128760,Barcelona,ES,2026-06-02T23:00,41.4,2.2000008,Europe/Madrid,8.8,3.9,114.0,19.3,47.0,24
air_quality,2026-06-04T08:13:26+00:00,3128760,Barcelona,ES,2026-06-03T00:00,41.4,2.2000008,Europe/Madrid,8.5,3.9,114.0,19.3,44.0,24
air_quality,2026-06-04T08:13:26+00:00,3128760,Barcelona,ES,2026-06-03T01:00,41.4,2.2000008,Europe/Madrid,8.9,4.2,118.0,24.7,39.0,23
air_quality,2026-06-04T08:13:26+00:00,3128760,Barcelona,ES,2026-06-03T02:00,41.4,2.2000008,Europe/Madrid,10.7,5.3,119.0,26.8,32.0,22
air_quality,2026-06-04T08:13:26+00:00,3128760,Barcelona,ES,2026-06-03T03:00,41.4,2.2000008,Europe/Madrid,11.4,4.9,119.0,25.1,34.0,21
air_quality,2026-06-04T08:13:26+00:00,3128760,Barcelona,ES,2026-06-03T04:00,41.4,2.2000008,Europe/Madrid,12.0,5.4,119.0,16.6,40.0,21
air_quality,2026-06-04T08:13:26+00:00,3128760,Barcelona,ES,2026-06-03T05:00,41.4,2.2000008,Europe/Madrid,11.3,5.4,112.0,11.3,49.0,20
air_quality,2026-06-04T08:13:26+00:00,3128760,Barcelona,ES,2026-06-03T06:00,41.4,2.2000008,Europe/Madrid,11.0,4.3,114.0,10.5,53.0,21
air_quality,2026-06-04T08:13:26+00:00,3128760,Barcelona,ES,2026-06-03T07:00,41.4,2.2000008,Europe/Madrid,10.5,5.7,124.0,21.1,55.0,22
air_quality,2026-06-04T08:13:26+00:00,3128760,Barcelona,ES,2026-06-03T08:00,41.4,2.2000008,Europe/Madrid,11.9,6.8,134.0,23.5,42.0,17
air_quality,2026-06-04T08:13:26+00:00,3128760,Barcelona,ES,2026-06-03T09:00,41.4,2.2000008,Europe/Madrid,11.4,6.3,138.0,24.5,45.0,18
air_quality,2026-06-04T08:13:26+00:00,3128760,Barcelona,ES,2026-06-03T10:00,41.4,2.2000008,Europe/Madrid,11.5,6.4,147.0,23.0,55.0,22
air_quality,2026-06-04T08:13:26+00:00,3128760,Barcelona,ES,2026-06-03T11:00,41.4,2.2000008,Europe/Madrid,10.9,6.4,140.0,20.0,60.0,24
air_quality,2026-06-04T08:13:26+00:00,3128760,Barcelona,ES,2026-06-03T12:00,41.4,2.2000008,Europe/Madrid,10.3,6.0,131.0,15.2,66.0,26
air_quality,2026-06-04T08:13:26+00:00,3128760,Barcelona,ES,2026-06-03T13:00,41.4,2.2000008,Europe/Madrid,9.8,6.0,125.0,10.6,75.0,30
air_quality,2026-06-04T08:13:26+00:00,3128760,Barcelona,ES,2026-06-03T14:00,41.4,2.2000008,Europe/Madrid,9.7,5.7,122.0,8.8,78.0,31
air_quality,2026-06-04T08:13:26+00:00,3128760,Barcelona,ES,2026-06-03T15:00,41.4,2.2000008,Europe/Madrid,10.1,5.5,120.0,8.7,85.0,34
air_quality,2026-06-04T08:13:26+00:00,3128760,Barcelona,ES,2026-06-03T16:00,41.4,2.2000008,Europe/Madrid,9.9,5.4,121.0,9.7,88.0,35
air_quality,2026-06-04T08:13:26+00:00,3128760,Barcelona,ES,2026-06-03T17:00,41.4,2.2000008,Europe/Madrid,10.4,5.3,121.0,10.1,86.0,34
air_quality,2026-06-04T08:13:26+00:00,3128760,Barcelona,ES,2026-06-03T18:00,41.4,2.2000008,Europe/Madrid,12.1,6.2,121.0,11.4,81.0,32
air_quality,2026-06-04T08:13:26+00:00,3128760,Barcelona,ES,2026-06-03T19:00,41.4,2.2000008,Europe/Madrid,12.5,5.7,120.0,14.0,78.0,31
air_quality,2026-06-04T08:13:26+00:00,3128760,Barcelona,ES,2026-06-03T20:00,41.4,2.2000008,Europe/Madrid,13.9,5.5,117.0,13.0,79.0,32
air_quality,2026-06-04T08:13:26+00:00,3128760,Barcelona,ES,2026-06-03T21:00,41.4,2.2000008,Europe/Madrid,15.2,5.8,118.0,16.4,76.0,30
air_quality,2026-06-04T08:13:26+00:00,3128760,Barcelona,ES,2026-06-03T22:00,41.4,2.2000008,Europe/Madrid,15.3,6.0,116.0,19.7,68.0,27
air_quality,2026-06-04T08:13:26+00:00,3128760,Barcelona,ES,2026-06-03T23:00,41.4,2.2000008,Europe/Madrid,14.7,6.1,118.0,22.8,61.0,24
air_quality,2026-06-04T08:13:26+00:00,3128760,Barcelona,ES,2026-06-04T00:00,41.4,2.2000008,Europe/Madrid,16.2,6.0,120.0,21.2,59.0,24
air_quality,2026-06-04T08:13:26+00:00,3128760,Barcelona,ES,2026-06-04T01:00,41.4,2.2000008,Europe/Madrid,16.2,5.9,120.0,21.6,60.0,24
air_quality,2026-06-04T08:13:26+00:00,3128760,Barcelona,ES,2026-06-04T02:00,41.4,2.2000008,Europe/Madrid,15.6,7.9,119.0,21.7,63.0,25
air_quality,2026-06-04T08:13:26+00:00,3128760,Barcelona,ES,2026-06-04T03:00,41.4,2.2000008,Europe/Madrid,15.1,7.8,119.0,20.6,65.0,26
air_quality,2026-06-04T08:13:26+00:00,3128760,Barcelona,ES,2026-06-04T04:00,41.4,2.2000008,Europe/Madrid,15.1,6.5,118.0,21.1,63.0,25
air_quality,2026-06-04T08:13:26+00:00,3128760,Barcelona,ES,2026-06-04T05:00,41.4,2.2000008,Europe/Madrid,14.9,6.0,119.0,20.9,57.0,23
air_quality,2026-06-04T08:13:26+00:00,3128760,Barcelona,ES,2026-06-04T06:00,41.4,2.2000008,Europe/Madrid,16.8,7.2,122.0,24.9,50.0,20
air_quality,2026-06-04T08:13:26+00:00,3128760,Barcelona,ES,2026-06-04T07:00,41.4,2.2000008,Europe/Madrid,17.9,8.2,131.0,35.7,35.0,18
air_quality,2026-06-04T08:13:26+00:00,3128760,Barcelona,ES,2026-06-04T08:00,41.4,2.2000008,Europe/Madrid,18.3,7.3,129.0,32.6,45.0,18
air_quality,2026-06-04T08:13:26+00:00,3128760,Barcelona,ES,2026-06-04T09:00,41.4,2.2000008,Europe/Madrid,15.9,6.7,125.0,17.7,58.0,23
air_quality,2026-06-04T08:13:26+00:00,3128760,Barcelona,ES,2026-06-04T10:00,41.4,2.2000008,Europe/Madrid,14.7,6.4,119.0,12.7,67.0,27
air_quality,2026-06-04T08:13:26+00:00,3128760,Barcelona,ES,2026-06-04T11:00,41.4,2.2000008,Europe/Madrid,15.1,6.1,115.0,9.0,70.0,28
air_quality,2026-06-04T08:13:26+00:00,3128760,Barcelona,ES,2026-06-04T12:00,41.4,2.2000008,Europe/Madrid,15.7,6.7,114.0,7.7,73.0,29
air_quality,2026-06-04T08:13:26+00:00,3128760,Barcelona,ES,2026-06-04T13:00,41.4,2.2000008,Europe/Madrid,16.7,7.3,113.0,7.8,80.0,32
air_quality,2026-06-04T08:13:26+00:00,3128760,Barcelona,ES,2026-06-04T14:00,41.4,2.2000008,Europe/Madrid,17.3,7.6,113.0,7.7,85.0,34
air_quality,2026-06-04T08:13:26+00:00,3128760,Barcelona,ES,2026-06-04T15:00,41.4,2.2000008,Europe/Madrid,17.6,7.7,113.0,7.2,87.0,35
air_quality,2026-06-04T08:13:26+00:00,3128760,Barcelona,ES,2026-06-04T16:00,41.4,2.2000008,Europe/Madrid,18.0,8.4,113.0,7.8,86.0,34
air_quality,2026-06-04T08:13:26+00:00,3128760,Barcelona,ES,2026-06-04T17:00,41.4,2.2000008,Europe/Madrid,18.0,8.5,113.0,8.2,82.0,33
air_quality,2026-06-04T08:13:26+00:00,3128760,Barcelona,ES,2026-06-04T18:00,41.4,2.2000008,Europe/Madrid,18.0,8.4,115.0,10.8,78.0,31
air_quality,2026-06-04T08:13:26+00:00,3128760,Barcelona,ES,2026-06-04T19:00,41.4,2.2000008,Europe/Madrid,18.3,8.6,119.0,16.0,72.0,29
air_quality,2026-06-04T08:13:26+00:00,3128760,Barcelona,ES,2026-06-04T20:00,41.4,2.2000008,Europe/Madrid,15.6,7.2,121.0,22.3,68.0,27
air_quality,2026-06-04T08:13:26+00:00,3128760,Barcelona,ES,2026-06-04T21:00,41.4,2.2000008,Europe/Madrid,11.6,5.2,115.0,16.9,70.0,28
air_quality,2026-06-04T08:13:26+00:00,3128760,Barcelona,ES,2026-06-04T22:00,41.4,2.2000008,Europe/Madrid,8.3,3.7,113.0,9.7,63.0,25
air_quality,2026-06-04T08:13:26+00:00,3128760,Barcelona,ES,2026-06-04T23:00,41.4,2.2000008,Europe/Madrid,5.3,3.0,113.0,6.9,66.0,26
air_quality,2026-06-04T08:13:26+00:00,2509954,Valencia,ES,2026-05-05T00:00,39.5,-0.39999962,Europe/Madrid,10.4,6.6,128.0,13.7,68.0,27
air_quality,2026-06-04T08:13:26+00:00,2509954,Valencia,ES,2026-05-05T01:00,39.5,-0.39999962,Europe/Madrid,11.8,7.6,128.0,15.7,66.0,26
air_quality,2026-06-04T08:13:26+00:00,2509954,Valencia,ES,2026-05-05T02:00,39.5,-0.39999962,Europe/Madrid,11.9,9.1,132.0,15.4,57.0,23
air_quality,2026-06-04T08:13:26+00:00,2509954,Valencia,ES,2026-05-05T03:00,39.5,-0.39999962,Europe/Madrid,13.5,10.3,134.0,16.0,49.0,20
air_quality,2026-06-04T08:13:26+00:00,2509954,Valencia,ES,2026-05-05T04:00,39.5,-0.39999962,Europe/Madrid,14.8,11.3,131.0,16.8,44.0,18
air_quality,2026-06-04T08:13:26+00:00,2509954,Valencia,ES,2026-05-05T05:00,39.5,-0.39999962,Europe/Madrid,9.3,7.6,127.0,21.1,33.0,17
air_quality,2026-06-04T08:13:26+00:00,2509954,Valencia,ES,2026-05-05T06:00,39.5,-0.39999962,Europe/Madrid,7.5,5.8,130.0,19.8,28.0,16
air_quality,2026-06-04T08:13:26+00:00,2509954,Valencia,ES,2026-05-05T07:00,39.5,-0.39999962,Europe/Madrid,8.0,5.5,133.0,16.5,23.0,16
air_quality,2026-06-04T08:13:26+00:00,2509954,Valencia,ES,2026-05-05T08:00,39.5,-0.39999962,Europe/Madrid,8.5,7.0,144.0,21.3,27.0,15
air_quality,2026-06-04T08:13:26+00:00,2509954,Valencia,ES,2026-05-05T09:00,39.5,-0.39999962,Europe/Madrid,8.9,6.7,139.0,18.7,38.0,15
air_quality,2026-06-04T08:13:26+00:00,2509954,Valencia,ES,2026-05-05T10:00,39.5,-0.39999962,Europe/Madrid,8.5,5.5,137.0,17.0,45.0,18
air_quality,2026-06-04T08:13:26+00:00,2509954,Valencia,ES,2026-05-05T11:00,39.5,-0.39999962,Europe/Madrid,8.5,5.6,134.0,15.0,56.0,22
air_quality,2026-06-04T08:13:26+00:00,2509954,Valencia,ES,2026-05-05T12:00,39.5,-0.39999962,Europe/Madrid,8.9,4.7,129.0,9.5,72.0,29
air_quality,2026-06-04T08:13:26+00:00,2509954,Valencia,ES,2026-05-05T13:00,39.5,-0.39999962,Europe/Madrid,9.3,4.9,127.0,7.0,82.0,33
air_quality,2026-06-04T08:13:26+00:00,2509954,Valencia,ES,2026-05-05T14:00,39.5,-0.39999962,Europe/Madrid,9.3,5.0,124.0,6.1,89.0,36
air_quality,2026-06-04T08:13:26+00:00,2509954,Valencia,ES,2026-05-05T15:00,39.5,-0.39999962,Europe/Madrid,9.0,4.7,122.0,5.8,95.0,38
air_quality,2026-06-04T08:13:26+00:00,2509954,Valencia,ES,2026-05-05T16:00,39.5,-0.39999962,Europe/Madrid,9.0,4.4,122.0,4.9,98.0,39
air_quality,2026-06-04T08:13:26+00:00,2509954,Valencia,ES,2026-05-05T17:00,39.5,-0.39999962,Europe/Madrid,8.6,4.4,121.0,5.6,98.0,39
air_quality,2026-06-04T08:13:26+00:00,2509954,Valencia,ES,2026-05-05T18:00,39.5,-0.39999962,Europe/Madrid,9.2,4.4,123.0,7.0,100.0,40
air_quality,2026-06-04T08:13:26+00:00,2509954,Valencia,ES,2026-05-05T19:00,39.5,-0.39999962,Europe/Madrid,10.5,5.1,123.0,7.5,96.0,38
air_quality,2026-06-04T08:13:26+00:00,2509954,Valencia,ES,2026-05-05T20:00,39.5,-0.39999962,Europe/Madrid,10.2,5.1,119.0,8.0,94.0,38
air_quality,2026-06-04T08:13:26+00:00,2509954,Valencia,ES,2026-05-05T21:00,39.5,-0.39999962,Europe/Madrid,9.8,4.9,119.0,7.9,92.0,37
air_quality,2026-06-04T08:13:26+00:00,2509954,Valencia,ES,2026-05-05T22:00,39.5,-0.39999962,Europe/Madrid,9.1,4.8,121.0,8.0,93.0,37
air_quality,2026-06-04T08:13:26+00:00,2509954,Valencia,ES,2026-05-05T23:00,39.5,-0.39999962,Europe/Madrid,8.1,4.5,123.0,8.8,90.0,36
air_quality,2026-06-04T08:13:26+00:00,2509954,Valencia,ES,2026-05-06T00:00,39.5,-0.39999962,Europe/Madrid,7.2,4.3,124.0,9.3,85.0,34
air_quality,2026-06-04T08:13:26+00:00,2509954,Valencia,ES,2026-05-06T01:00,39.5,-0.39999962,Europe/Madrid,7.2,4.4,131.0,13.6,71.0,28
air_quality,2026-06-04T08:13:26+00:00,2509954,Valencia,ES,2026-05-06T02:00,39.5,-0.39999962,Europe/Madrid,9.4,6.2,131.0,18.0,61.0,24
air_quality,2026-06-04T08:13:26+00:00,2509954,Valencia,ES,2026-05-06T03:00,39.5,-0.39999962,Europe/Madrid,10.4,8.2,135.0,16.4,53.0,21
air_quality,2026-06-04T08:13:26+00:00,2509954,Valencia,ES,2026-05-06T04:00,39.5,-0.39999962,Europe/Madrid,10.3,8.0,135.0,15.4,51.0,20
air_quality,2026-06-04T08:13:26+00:00,2509954,Valencia,ES,2026-05-06T05:00,39.5,-0.39999962,Europe/Madrid,10.6,8.1,134.0,14.7,46.0,18
air_quality,2026-06-04T08:13:26+00:00,2509954,Valencia,ES,2026-05-06T06:00,39.5,-0.39999962,Europe/Madrid,10.8,8.4,133.0,15.8,44.0,18
air_quality,2026-06-04T08:13:26+00:00,2509954,Valencia,ES,2026-05-06T07:00,39.5,-0.39999962,Europe/Madrid,11.2,8.6,138.0,19.9,39.0,16
air_quality,2026-06-04T08:13:26+00:00,2509954,Valencia,ES,2026-05-06T08:00,39.5,-0.39999962,Europe/Madrid,11.7,8.9,150.0,26.6,29.0,13
air_quality,2026-06-04T08:13:26+00:00,2509954,Valencia,ES,2026-05-06T09:00,39.5,-0.39999962,Europe/Madrid,12.0,8.6,144.0,24.5,48.0,19
air_quality,2026-06-04T08:13:26+00:00,2509954,Valencia,ES,2026-05-06T10:00,39.5,-0.39999962,Europe/Madrid,10.0,7.2,142.0,20.7,61.0,24
air_quality,2026-06-04T08:13:26+00:00,2509954,Valencia,ES,2026-05-06T11:00,39.5,-0.39999962,Europe/Madrid,9.0,5.8,133.0,13.3,69.0,28
air_quality,2026-06-04T08:13:26+00:00,2509954,Valencia,ES,2026-05-06T12:00,39.5,-0.39999962,Europe/Madrid,8.4,5.3,129.0,7.1,78.0,31
air_quality,2026-06-04T08:13:26+00:00,2509954,Valencia,ES,2026-05-06T13:00,39.5,-0.39999962,Europe/Madrid,5.8,4.2,127.0,4.0,89.0,36
air_quality,2026-06-04T08:13:26+00:00,2509954,Valencia,ES,2026-05-06T14:00,39.5,-0.39999962,Europe/Madrid,4.7,3.3,126.0,3.5,94.0,38
air_quality,2026-06-04T08:13:26+00:00,2509954,Valencia,ES,2026-05-06T15:00,39.5,-0.39999962,Europe/Madrid,6.0,3.8,123.0,3.9,95.0,38
air_quality,2026-06-04T08:13:26+00:00,2509954,Valencia,ES,2026-05-06T16:00,39.5,-0.39999962,Europe/Madrid,5.8,4.0,125.0,3.9,99.0,40
air_quality,2026-06-04T08:13:26+00:00,2509954,Valencia,ES,2026-05-06T17:00,39.5,-0.39999962,Europe/Madrid,6.7,3.7,128.0,3.6,99.0,40
air_quality,2026-06-04T08:13:26+00:00,2509954,Valencia,ES,2026-05-06T18:00,39.5,-0.39999962,Europe/Madrid,6.5,3.7,130.0,4.0,99.0,40
air_quality,2026-06-04T08:13:26+00:00,2509954,Valencia,ES,2026-05-06T19:00,39.5,-0.39999962,Europe/Madrid,6.5,3.7,130.0,5.5,98.0,39
air_quality,2026-06-04T08:13:26+00:00,2509954,Valencia,ES,2026-05-06T20:00,39.5,-0.39999962,Europe/Madrid,6.1,3.6,130.0,6.5,97.0,39
air_quality,2026-06-04T08:13:26+00:00,2509954,Valencia,ES,2026-05-06T21:00,39.5,-0.39999962,Europe/Madrid,6.1,3.6,133.0,13.0,89.0,36
air_quality,2026-06-04T08:13:26+00:00,2509954,Valencia,ES,2026-05-06T22:00,39.5,-0.39999962,Europe/Madrid,6.7,3.7,135.0,17.2,80.0,32
air_quality,2026-06-04T08:13:26+00:00,2509954,Valencia,ES,2026-05-06T23:00,39.5,-0.39999962,Europe/Madrid,7.3,3.9,135.0,20.2,77.0,31
air_quality,2026-06-04T08:13:26+00:00,2509954,Valencia,ES,2026-05-07T00:00,39.5,-0.39999962,Europe/Madrid,7.2,4.4,136.0,22.1,72.0,29
air_quality,2026-06-04T08:13:26+00:00,2509954,Valencia,ES,2026-05-07T01:00,39.5,-0.39999962,Europe/Madrid,7.7,5.0,139.0,24.5,67.0,27
air_quality,2026-06-04T08:13:26+00:00,2509954,Valencia,ES,2026-05-07T02:00,39.5,-0.39999962,Europe/Madrid,9.4,6.0,140.0,22.8,54.0,22
air_quality,2026-06-04T08:13:26+00:00,2509954,Valencia,ES,2026-05-07T03:00,39.5,-0.39999962,Europe/Madrid,11.1,6.8,141.0,18.4,53.0,21
air_quality,2026-06-04T08:13:26+00:00,2509954,Valencia,ES,2026-05-07T04:00,39.5,-0.39999962,Europe/Madrid,10.4,7.1,137.0,14.3,54.0,22
air_quality,2026-06-04T08:13:26+00:00,2509954,Valencia,ES,2026-05-07T05:00,39.5,-0.39999962,Europe/Madrid,9.2,7.1,134.0,13.5,51.0,20
air_quality,2026-06-04T08:13:26+00:00,2509954,Valencia,ES,2026-05-07T06:00,39.5,-0.39999962,Europe/Madrid,9.3,6.8,135.0,14.6,50.0,20
air_quality,2026-06-04T08:13:26+00:00,2509954,Valencia,ES,2026-05-07T07:00,39.5,-0.39999962,Europe/Madrid,9.4,6.8,139.0,17.8,46.0,18
air_quality,2026-06-04T08:13:26+00:00,2509954,Valencia,ES,2026-05-07T08:00,39.5,-0.39999962,Europe/Madrid,10.3,7.2,146.0,25.9,41.0,16
air_quality,2026-06-04T08:13:26+00:00,2509954,Valencia,ES,2026-05-07T09:00,39.5,-0.39999962,Europe/Madrid,11.8,6.9,146.0,24.6,45.0,18
air_quality,2026-06-04T08:13:26+00:00,2509954,Valencia,ES,2026-05-07T10:00,39.5,-0.39999962,Europe/Madrid,10.9,5.9,137.0,16.0,66.0,26
air_quality,2026-06-04T08:13:26+00:00,2509954,Valencia,ES,2026-05-07T11:00,39.5,-0.39999962,Europe/Madrid,8.7,5.4,130.0,9.8,73.0,29
air_quality,2026-06-04T08:13:26+00:00,2509954,Valencia,ES,2026-05-07T12:00,39.5,-0.39999962,Europe/Madrid,6.7,4.3,127.0,4.5,84.0,34
air_quality,2026-06-04T08:13:26+00:00,2509954,Valencia,ES,2026-05-07T13:00,39.5,-0.39999962,Europe/Madrid,5.7,3.6,126.0,3.6,92.0,37
air_quality,2026-06-04T08:13:26+00:00,2509954,Valencia,ES,2026-05-07T14:00,39.5,-0.39999962,Europe/Madrid,5.4,3.2,125.0,3.0,95.0,38
air_quality,2026-06-04T08:13:26+00:00,2509954,Valencia,ES,2026-05-07T15:00,39.5,-0.39999962,Europe/Madrid,6.5,3.7,122.0,2.8,99.0,40
air_quality,2026-06-04T08:13:26+00:00,2509954,Valencia,ES,2026-05-07T16:00,39.5,-0.39999962,Europe/Madrid,7.5,4.1,116.0,3.2,99.0,40
air_quality,2026-06-04T08:13:26+00:00,2509954,Valencia,ES,2026-05-07T17:00,39.5,-0.39999962,Europe/Madrid,8.1,4.3,115.0,3.7,98.0,39
air_quality,2026-06-04T08:13:26+00:00,2509954,Valencia,ES,2026-05-07T18:00,39.5,-0.39999962,Europe/Madrid,7.9,4.1,115.0,4.9,96.0,38
air_quality,2026-06-04T08:13:26+00:00,2509954,Valencia,ES,2026-05-07T19:00,39.5,-0.39999962,Europe/Madrid,7.5,4.4,116.0,6.6,94.0,38
air_quality,2026-06-04T08:13:26+00:00,2509954,Valencia,ES,2026-05-07T20:00,39.5,-0.39999962,Europe/Madrid,6.8,4.0,116.0,8.1,91.0,36
air_quality,2026-06-04T08:13:26+00:00,2509954,Valencia,ES,2026-05-07T21:00,39.5,-0.39999962,Europe/Madrid,7.2,4.4,117.0,11.1,83.0,33
air_quality,2026-06-04T08:13:26+00:00,2509954,Valencia,ES,2026-05-07T22:00,39.5,-0.39999962,Europe/Madrid,7.4,4.9,119.0,13.7,79.0,32
air_quality,2026-06-04T08:13:26+00:00,2509954,Valencia,ES,2026-05-07T23:00,39.5,-0.39999962,Europe/Madrid,9.1,5.5,119.0,19.7,72.0,29
air_quality,2026-06-04T08:13:26+00:00,2509954,Valencia,ES,2026-05-08T00:00,39.5,-0.39999962,Europe/Madrid,10.1,5.7,120.0,22.0,66.0,26
air_quality,2026-06-04T08:13:26+00:00,2509954,Valencia,ES,2026-05-08T01:00,39.5,-0.39999962,Europe/Madrid,10.5,6.1,125.0,22.4,57.0,23
air_quality,2026-06-04T08:13:26+00:00,2509954,Valencia,ES,2026-05-08T02:00,39.5,-0.39999962,Europe/Madrid,11.3,6.9,135.0,19.1,52.0,21
air_quality,2026-06-04T08:13:26+00:00,2509954,Valencia,ES,2026-05-08T03:00,39.5,-0.39999962,Europe/Madrid,13.1,8.3,135.0,20.5,48.0,19
air_quality,2026-06-04T08:13:26+00:00,2509954,Valencia,ES,2026-05-08T04:00,39.5,-0.39999962,Europe/Madrid,13.0,8.9,135.0,19.2,41.0,16
air_quality,2026-06-04T08:13:26+00:00,2509954,Valencia,ES,2026-05-08T05:00,39.5,-0.39999962,Europe/Madrid,12.4,8.7,134.0,18.3,36.0,14
air_quality,2026-06-04T08:13:26+00:00,2509954,Valencia,ES,2026-05-08T06:00,39.5,-0.39999962,Europe/Madrid,12.1,8.6,134.0,18.0,32.0,13
air_quality,2026-06-04T08:13:26+00:00,2509954,Valencia,ES,2026-05-08T07:00,39.5,-0.39999962,Europe/Madrid,12.5,8.6,135.0,25.3,26.0,13
air_quality,2026-06-04T08:13:26+00:00,2509954,Valencia,ES,2026-05-08T08:00,39.5,-0.39999962,Europe/Madrid,13.0,8.8,151.0,33.9,22.0,17
air_quality,2026-06-04T08:13:26+00:00,2509954,Valencia,ES,2026-05-08T09:00,39.5,-0.39999962,Europe/Madrid,12.6,9.3,150.0,28.8,27.0,14
air_quality,2026-06-04T08:13:26+00:00,2509954,Valencia,ES,2026-05-08T10:00,39.5,-0.39999962,Europe/Madrid,13.5,9.4,149.0,27.3,30.0,14
air_quality,2026-06-04T08:13:26+00:00,2509954,Valencia,ES,2026-05-08T11:00,39.5,-0.39999962,Europe/Madrid,12.5,7.8,141.0,20.2,62.0,25
air_quality,2026-06-04T08:13:26+00:00,2509954,Valencia,ES,2026-05-08T12:00,39.5,-0.39999962,Europe/Madrid,10.5,6.0,132.0,14.5,72.0,29
air_quality,2026-06-04T08:13:26+00:00,2509954,Valencia,ES,2026-05-08T13:00,39.5,-0.39999962,Europe/Madrid,9.3,5.3,126.0,10.3,74.0,30
air_quality,2026-06-04T08:13:26+00:00,2509954,Valencia,ES,2026-05-08T14:00,39.5,-0.39999962,Europe/Madrid,7.7,5.0,121.0,6.5,85.0,34
air_quality,2026-06-04T08:13:26+00:00,2509954,Valencia,ES,2026-05-08T15:00,39.5,-0.39999962,Europe/Madrid,6.4,4.1,119.0,4.4,93.0,37
air_quality,2026-06-04T08:13:26+00:00,2509954,Valencia,ES,2026-05-08T16:00,39.5,-0.39999962,Europe/Madrid,5.4,3.4,117.0,4.0,97.0,39
air_quality,2026-06-04T08:13:26+00:00,2509954,Valencia,ES,2026-05-08T17:00,39.5,-0.39999962,Europe/Madrid,5.1,3.2,115.0,3.9,101.0,41
air_quality,2026-06-04T08:13:26+00:00,2509954,Valencia,ES,2026-05-08T18:00,39.5,-0.39999962,Europe/Madrid,5.5,3.6,116.0,4.5,104.0,43
air_quality,2026-06-04T08:13:26+00:00,2509954,Valencia,ES,2026-05-08T19:00,39.5,-0.39999962,Europe/Madrid,6.0,4.0,118.0,5.0,102.0,41
air_quality,2026-06-04T08:13:26+00:00,2509954,Valencia,ES,2026-05-08T20:00,39.5,-0.39999962,Europe/Madrid,6.8,4.4,119.0,6.5,98.0,39
air_quality,2026-06-04T08:13:26+00:00,2509954,Valencia,ES,2026-05-08T21:00,39.5,-0.39999962,Europe/Madrid,7.0,4.2,118.0,9.3,91.0,36
air_quality,2026-06-04T08:13:26+00:00,2509954,Valencia,ES,2026-05-08T22:00,39.5,-0.39999962,Europe/Madrid,6.5,3.7,120.0,10.9,84.0,34
air_quality,2026-06-04T08:13:26+00:00,2509954,Valencia,ES,2026-05-08T23:00,39.5,-0.39999962,Europe/Madrid,6.5,3.7,121.0,12.9,82.0,33
air_quality,2026-06-04T08:13:26+00:00,2509954,Valencia,ES,2026-05-09T00:00,39.5,-0.39999962,Europe/Madrid,6.5,3.6,121.0,13.4,80.0,32
air_quality,2026-06-04T08:13:26+00:00,2509954,Valencia,ES,2026-05-09T01:00,39.5,-0.39999962,Europe/Madrid,6.7,3.9,121.0,13.9,71.0,28
air_quality,2026-06-04T08:13:26+00:00,2509954,Valencia,ES,2026-05-09T02:00,39.5,-0.39999962,Europe/Madrid,8.0,4.5,124.0,13.7,69.0,28
air_quality,2026-06-04T08:13:26+00:00,2509954,Valencia,ES,2026-05-09T03:00,39.5,-0.39999962,Europe/Madrid,8.2,4.9,122.0,12.0,62.0,25
air_quality,2026-06-04T08:13:26+00:00,2509954,Valencia,ES,2026-05-09T04:00,39.5,-0.39999962,Europe/Madrid,9.5,5.3,122.0,10.3,67.0,27
air_quality,2026-06-04T08:13:26+00:00,2509954,Valencia,ES,2026-05-09T05:00,39.5,-0.39999962,Europe/Madrid,10.0,5.1,122.0,9.9,69.0,28
air_quality,2026-06-04T08:13:26+00:00,2509954,Valencia,ES,2026-05-09T06:00,39.5,-0.39999962,Europe/Madrid,10.1,5.0,121.0,9.7,71.0,28
air_quality,2026-06-04T08:13:26+00:00,2509954,Valencia,ES,2026-05-09T07:00,39.5,-0.39999962,Europe/Madrid,9.6,4.9,120.0,9.4,74.0,30
air_quality,2026-06-04T08:13:26+00:00,2509954,Valencia,ES,2026-05-09T08:00,39.5,-0.39999962,Europe/Madrid,9.3,4.6,122.0,9.1,76.0,30
air_quality,2026-06-04T08:13:26+00:00,2509954,Valencia,ES,2026-05-09T09:00,39.5,-0.39999962,Europe/Madrid,8.7,4.4,123.0,7.9,77.0,31
air_quality,2026-06-04T08:13:26+00:00,2509954,Valencia,ES,2026-05-09T10:00,39.5,-0.39999962,Europe/Madrid,8.3,4.2,122.0,7.1,79.0,32
air_quality,2026-06-04T08:13:26+00:00,2509954,Valencia,ES,2026-05-09T11:00,39.5,-0.39999962,Europe/Madrid,7.6,4.3,122.0,6.8,78.0,31
air_quality,2026-06-04T08:13:26+00:00,2509954,Valencia,ES,2026-05-09T12:00,39.5,-0.39999962,Europe/Madrid,6.9,4.3,121.0,7.1,78.0,31
air_quality,2026-06-04T08:13:26+00:00,2509954,Valencia,ES,2026-05-09T13:00,39.5,-0.39999962,Europe/Madrid,6.3,4.4,120.0,9.1,75.0,30
air_quality,2026-06-04T08:13:26+00:00,2509954,Valencia,ES,2026-05-09T14:00,39.5,-0.39999962,Europe/Madrid,5.7,4.7,120.0,10.7,73.0,29
air_quality,2026-06-04T08:13:26+00:00,2509954,Valencia,ES,2026-05-09T15:00,39.5,-0.39999962,Europe/Madrid,5.8,4.3,119.0,8.2,77.0,31
air_quality,2026-06-04T08:13:26+00:00,2509954,Valencia,ES,2026-05-09T16:00,39.5,-0.39999962,Europe/Madrid,5.5,4.1,116.0,5.5,77.0,31
air_quality,2026-06-04T08:13:26+00:00,2509954,Valencia,ES,2026-05-09T17:00,39.5,-0.39999962,Europe/Madrid,4.3,3.9,116.0,4.6,90.0,36
air_quality,2026-06-04T08:13:26+00:00,2509954,Valencia,ES,2026-05-09T18:00,39.5,-0.39999962,Europe/Madrid,4.7,4.2,118.0,6.1,87.0,35
air_quality,2026-06-04T08:13:26+00:00,2509954,Valencia,ES,2026-05-09T19:00,39.5,-0.39999962,Europe/Madrid,5.3,4.2,121.0,9.0,84.0,34
air_quality,2026-06-04T08:13:26+00:00,2509954,Valencia,ES,2026-05-09T20:00,39.5,-0.39999962,Europe/Madrid,5.8,4.3,119.0,12.4,82.0,33
air_quality,2026-06-04T08:13:26+00:00,2509954,Valencia,ES,2026-05-09T21:00,39.5,-0.39999962,Europe/Madrid,6.6,4.6,122.0,18.5,79.0,32
air_quality,2026-06-04T08:13:26+00:00,2509954,Valencia,ES,2026-05-09T22:00,39.5,-0.39999962,Europe/Madrid,6.5,5.0,129.0,25.7,69.0,28
air_quality,2026-06-04T08:13:26+00:00,2509954,Valencia,ES,2026-05-09T23:00,39.5,-0.39999962,Europe/Madrid,7.6,5.6,128.0,28.6,61.0,24
air_quality,2026-06-04T08:13:26+00:00,2509954,Valencia,ES,2026-05-10T00:00,39.5,-0.39999962,Europe/Madrid,8.4,6.3,129.0,37.4,55.0,22
air_quality,2026-06-04T08:13:26+00:00,2509954,Valencia,ES,2026-05-10T01:00,39.5,-0.39999962,Europe/Madrid,10.7,8.9,136.0,41.5,46.0,21
air_quality,2026-06-04T08:13:26+00:00,2509954,Valencia,ES,2026-05-10T02:00,39.5,-0.39999962,Europe/Madrid,11.3,9.1,134.0,34.6,42.0,17
air_quality,2026-06-04T08:13:26+00:00,2509954,Valencia,ES,2026-05-10T03:00,39.5,-0.39999962,Europe/Madrid,11.8,9.4,137.0,27.2,44.0,18
air_quality,2026-06-04T08:13:26+00:00,2509954,Valencia,ES,2026-05-10T04:00,39.5,-0.39999962,Europe/Madrid,11.2,7.8,135.0,25.3,41.0,16
air_quality,2026-06-04T08:13:26+00:00,2509954,Valencia,ES,2026-05-10T05:00,39.5,-0.39999962,Europe/Madrid,8.9,6.7,127.0,23.5,38.0,15
air_quality,2026-06-04T08:13:26+00:00,2509954,Valencia,ES,2026-05-10T06:00,39.5,-0.39999962,Europe/Madrid,8.1,5.7,124.0,17.0,34.0,14
air_quality,2026-06-04T08:13:26+00:00,2509954,Valencia,ES,2026-05-10T07:00,39.5,-0.39999962,Europe/Madrid,7.6,4.5,126.0,15.7,32.0,13
air_quality,2026-06-04T08:13:26+00:00,2509954,Valencia,ES,2026-05-10T08:00,39.5,-0.39999962,Europe/Madrid,7.2,4.2,130.0,13.6,34.0,14
air_quality,2026-06-04T08:13:26+00:00,2509954,Valencia,ES,2026-05-10T09:00,39.5,-0.39999962,Europe/Madrid,6.9,3.8,132.0,10.0,42.0,17
air_quality,2026-06-04T08:13:26+00:00,2509954,Valencia,ES,2026-05-10T10:00,39.5,-0.39999962,Europe/Madrid,7.3,3.5,124.0,4.9,53.0,21
air_quality,2026-06-04T08:13:26+00:00,2509954,Valencia,ES,2026-05-10T11:00,39.5,-0.39999962,Europe/Madrid,7.1,3.5,120.0,4.2,62.0,25
air_quality,2026-06-04T08:13:26+00:00,2509954,Valencia,ES,2026-05-10T12:00,39.5,-0.39999962,Europe/Madrid,6.7,3.3,119.0,3.9,69.0,28
air_quality,2026-06-04T08:13:26+00:00,2509954,Valencia,ES,2026-05-10T13:00,39.5,-0.39999962,Europe/Madrid,6.5,3.0,120.0,3.8,75.0,30
air_quality,2026-06-04T08:13:26+00:00,2509954,Valencia,ES,2026-05-10T14:00,39.5,-0.39999962,Europe/Madrid,5.8,3.0,119.0,3.3,80.0,32
air_quality,2026-06-04T08:13:26+00:00,2509954,Valencia,ES,2026-05-10T15:00,39.5,-0.39999962,Europe/Madrid,5.9,3.3,120.0,3.2,81.0,32
air_quality,2026-06-04T08:13:26+00:00,2509954,Valencia,ES,2026-05-10T16:00,39.5,-0.39999962,Europe/Madrid,7.3,5.0,118.0,2.5,86.0,34
air_quality,2026-06-04T08:13:26+00:00,2509954,Valencia,ES,2026-05-10T17:00,39.5,-0.39999962,Europe/Madrid,6.5,4.0,119.0,4.4,93.0,37
air_quality,2026-06-04T08:13:26+00:00,2509954,Valencia,ES,2026-05-10T18:00,39.5,-0.39999962,Europe/Madrid,6.8,3.9,118.0,5.4,93.0,37
air_quality,2026-06-04T08:13:26+00:00,2509954,Valencia,ES,2026-05-10T19:00,39.5,-0.39999962,Europe/Madrid,7.3,4.0,120.0,8.3,93.0,37
air_quality,2026-06-04T08:13:26+00:00,2509954,Valencia,ES,2026-05-10T20:00,39.5,-0.39999962,Europe/Madrid,7.7,5.2,127.0,13.7,75.0,30
air_quality,2026-06-04T08:13:26+00:00,2509954,Valencia,ES,2026-05-10T21:00,39.5,-0.39999962,Europe/Madrid,10.8,5.7,129.0,21.3,64.0,26
air_quality,2026-06-04T08:13:26+00:00,2509954,Valencia,ES,2026-05-10T22:00,39.5,-0.39999962,Europe/Madrid,8.2,4.5,128.0,19.3,48.0,19
air_quality,2026-06-04T08:13:26+00:00,2509954,Valencia,ES,2026-05-10T23:00,39.5,-0.39999962,Europe/Madrid,6.4,3.5,123.0,14.0,53.0,21
air_quality,2026-06-04T08:13:26+00:00,2509954,Valencia,ES,2026-05-11T00:00,39.5,-0.39999962,Europe/Madrid,5.2,3.1,119.0,14.3,54.0,22
air_quality,2026-06-04T08:13:26+00:00,2509954,Valencia,ES,2026-05-11T01:00,39.5,-0.39999962,Europe/Madrid,5.1,3.4,118.0,13.4,47.0,19
air_quality,2026-06-04T08:13:26+00:00,2509954,Valencia,ES,2026-05-11T02:00,39.5,-0.39999962,Europe/Madrid,5.3,3.5,117.0,14.3,44.0,18
air_quality,2026-06-04T08:13:26+00:00,2509954,Valencia,ES,2026-05-11T03:00,39.5,-0.39999962,Europe/Madrid,6.2,3.4,116.0,10.3,46.0,18
air_quality,2026-06-04T08:13:26+00:00,2509954,Valencia,ES,2026-05-11T04:00,39.5,-0.39999962,Europe/Madrid,5.9,3.7,113.0,7.8,54.0,22
air_quality,2026-06-04T08:13:26+00:00,2509954,Valencia,ES,2026-05-11T05:00,39.5,-0.39999962,Europe/Madrid,6.2,3.6,113.0,6.3,55.0,22
air_quality,2026-06-04T08:13:26+00:00,2509954,Valencia,ES,2026-05-11T06:00,39.5,-0.39999962,Europe/Madrid,6.5,3.7,114.0,6.3,56.0,22
air_quality,2026-06-04T08:13:26+00:00,2509954,Valencia,ES,2026-05-11T07:00,39.5,-0.39999962,Europe/Madrid,7.4,3.9,120.0,6.6,55.0,22
air_quality,2026-06-04T08:13:26+00:00,2509954,Valencia,ES,2026-05-11T08:00,39.5,-0.39999962,Europe/Madrid,7.7,4.3,125.0,8.3,59.0,24
air_quality,2026-06-04T08:13:26+00:00,2509954,Valencia,ES,2026-05-11T09:00,39.5,-0.39999962,Europe/Madrid,7.6,4.2,125.0,7.3,64.0,26
air_quality,2026-06-04T08:13:26+00:00,2509954,Valencia,ES,2026-05-11T10:00,39.5,-0.39999962,Europe/Madrid,7.8,4.1,121.0,5.6,68.0,27
air_quality,2026-06-04T08:13:26+00:00,2509954,Valencia,ES,2026-05-11T11:00,39.5,-0.39999962,Europe/Madrid,8.4,3.7,119.0,3.6,80.0,32
air_quality,2026-06-04T08:13:26+00:00,2509954,Valencia,ES,2026-05-11T12:00,39.5,-0.39999962,Europe/Madrid,8.4,3.6,118.0,2.9,88.0,35
air_quality,2026-06-04T08:13:26+00:00,2509954,Valencia,ES,2026-05-11T13:00,39.5,-0.39999962,Europe/Madrid,7.2,3.3,118.0,2.8,94.0,38
air_quality,2026-06-04T08:13:26+00:00,2509954,Valencia,ES,2026-05-11T14:00,39.5,-0.39999962,Europe/Madrid,6.9,3.2,117.0,2.8,95.0,38
air_quality,2026-06-04T08:13:26+00:00,2509954,Valencia,ES,2026-05-11T15:00,39.5,-0.39999962,Europe/Madrid,7.4,3.2,117.0,3.5,96.0,38
air_quality,2026-06-04T08:13:26+00:00,2509954,Valencia,ES,2026-05-11T16:00,39.5,-0.39999962,Europe/Madrid,6.9,3.2,116.0,3.6,99.0,40
air_quality,2026-06-04T08:13:26+00:00,2509954,Valencia,ES,2026-05-11T17:00,39.5,-0.39999962,Europe/Madrid,6.8,3.2,116.0,3.5,101.0,41
air_quality,2026-06-04T08:13:26+00:00,2509954,Valencia,ES,2026-05-11T18:00,39.5,-0.39999962,Europe/Madrid,6.3,3.2,116.0,4.5,99.0,40
air_quality,2026-06-04T08:13:26+00:00,2509954,Valencia,ES,2026-05-11T19:00,39.5,-0.39999962,Europe/Madrid,6.6,3.4,116.0,6.0,98.0,39
air_quality,2026-06-04T08:13:26+00:00,2509954,Valencia,ES,2026-05-11T20:00,39.5,-0.39999962,Europe/Madrid,7.8,3.8,117.0,11.3,96.0,38
air_quality,2026-06-04T08:13:26+00:00,2509954,Valencia,ES,2026-05-11T21:00,39.5,-0.39999962,Europe/Madrid,8.4,4.1,122.0,15.0,93.0,37
air_quality,2026-06-04T08:13:26+00:00,2509954,Valencia,ES,2026-05-11T22:00,39.5,-0.39999962,Europe/Madrid,8.4,4.0,122.0,14.6,88.0,35
air_quality,2026-06-04T08:13:26+00:00,2509954,Valencia,ES,2026-05-11T23:00,39.5,-0.39999962,Europe/Madrid,8.6,4.1,122.0,15.4,80.0,32
air_quality,2026-06-04T08:13:26+00:00,2509954,Valencia,ES,2026-05-12T00:00,39.5,-0.39999962,Europe/Madrid,8.8,4.5,122.0,16.5,70.0,28
air_quality,2026-06-04T08:13:26+00:00,2509954,Valencia,ES,2026-05-12T01:00,39.5,-0.39999962,Europe/Madrid,8.6,4.2,122.0,17.4,64.0,26
air_quality,2026-06-04T08:13:26+00:00,2509954,Valencia,ES,2026-05-12T02:00,39.5,-0.39999962,Europe/Madrid,8.0,4.0,122.0,16.9,58.0,23
air_quality,2026-06-04T08:13:26+00:00,2509954,Valencia,ES,2026-05-12T03:00,39.5,-0.39999962,Europe/Madrid,7.3,3.8,119.0,16.5,52.0,21
air_quality,2026-06-04T08:13:26+00:00,2509954,Valencia,ES,2026-05-12T04:00,39.5,-0.39999962,Europe/Madrid,6.8,3.6,118.0,17.2,46.0,18
air_quality,2026-06-04T08:13:26+00:00,2509954,Valencia,ES,2026-05-12T05:00,39.5,-0.39999962,Europe/Madrid,6.9,3.6,118.0,16.1,43.0,17
air_quality,2026-06-04T08:13:26+00:00,2509954,Valencia,ES,2026-05-12T06:00,39.5,-0.39999962,Europe/Madrid,7.0,3.8,120.0,16.5,38.0,15
air_quality,2026-06-04T08:13:26+00:00,2509954,Valencia,ES,2026-05-12T07:00,39.5,-0.39999962,Europe/Madrid,7.6,4.8,125.0,18.6,34.0,14
air_quality,2026-06-04T08:13:26+00:00,2509954,Valencia,ES,2026-05-12T08:00,39.5,-0.39999962,Europe/Madrid,8.7,5.9,137.0,24.6,28.0,12
air_quality,2026-06-04T08:13:26+00:00,2509954,Valencia,ES,2026-05-12T09:00,39.5,-0.39999962,Europe/Madrid,9.0,5.4,143.0,25.1,37.0,15
air_quality,2026-06-04T08:13:26+00:00,2509954,Valencia,ES,2026-05-12T10:00,39.5,-0.39999962,Europe/Madrid,8.6,5.1,137.0,19.6,46.0,18
air_quality,2026-06-04T08:13:26+00:00,2509954,Valencia,ES,2026-05-12T11:00,39.5,-0.39999962,Europe/Madrid,7.9,4.9,135.0,19.4,60.0,24
air_quality,2026-06-04T08:13:26+00:00,2509954,Valencia,ES,2026-05-12T12:00,39.5,-0.39999962,Europe/Madrid,7.4,4.6,122.0,11.9,84.0,34
air_quality,2026-06-04T08:13:26+00:00,2509954,Valencia,ES,2026-05-12T13:00,39.5,-0.39999962,Europe/Madrid,7.3,4.4,123.0,7.9,93.0,37
air_quality,2026-06-04T08:13:26+00:00,2509954,Valencia,ES,2026-05-12T14:00,39.5,-0.39999962,Europe/Madrid,7.0,3.9,118.0,5.1,97.0,39
air_quality,2026-06-04T08:13:26+00:00,2509954,Valencia,ES,2026-05-12T15:00,39.5,-0.39999962,Europe/Madrid,7.7,3.9,117.0,3.4,100.0,40
air_quality,2026-06-04T08:13:26+00:00,2509954,Valencia,ES,2026-05-12T16:00,39.5,-0.39999962,Europe/Madrid,7.2,3.9,117.0,3.2,96.0,38
air_quality,2026-06-04T08:13:26+00:00,2509954,Valencia,ES,2026-05-12T17:00,39.5,-0.39999962,Europe/Madrid,6.9,3.6,117.0,3.4,95.0,38
air_quality,2026-06-04T08:13:26+00:00,2509954,Valencia,ES,2026-05-12T18:00,39.5,-0.39999962,Europe/Madrid,6.1,3.2,116.0,4.0,97.0,39
air_quality,2026-06-04T08:13:26+00:00,2509954,Valencia,ES,2026-05-12T19:00,39.5,-0.39999962,Europe/Madrid,5.4,2.7,116.0,4.7,99.0,40
air_quality,2026-06-04T08:13:26+00:00,2509954,Valencia,ES,2026-05-12T20:00,39.5,-0.39999962,Europe/Madrid,5.0,2.5,117.0,5.2,93.0,37
air_quality,2026-06-04T08:13:26+00:00,2509954,Valencia,ES,2026-05-12T21:00,39.5,-0.39999962,Europe/Madrid,5.0,2.4,116.0,8.0,82.0,33
air_quality,2026-06-04T08:13:26+00:00,2509954,Valencia,ES,2026-05-12T22:00,39.5,-0.39999962,Europe/Madrid,4.7,2.5,117.0,8.0,75.0,30
air_quality,2026-06-04T08:13:26+00:00,2509954,Valencia,ES,2026-05-12T23:00,39.5,-0.39999962,Europe/Madrid,4.8,2.8,118.0,8.5,70.0,28
air_quality,2026-06-04T08:13:26+00:00,2509954,Valencia,ES,2026-05-13T00:00,39.5,-0.39999962,Europe/Madrid,4.9,2.5,116.0,8.7,68.0,27
air_quality,2026-06-04T08:13:26+00:00,2509954,Valencia,ES,2026-05-13T01:00,39.5,-0.39999962,Europe/Madrid,4.5,2.4,115.0,7.1,67.0,27
air_quality,2026-06-04T08:13:26+00:00,2509954,Valencia,ES,2026-05-13T02:00,39.5,-0.39999962,Europe/Madrid,4.5,2.2,115.0,7.0,63.0,25
air_quality,2026-06-04T08:13:26+00:00,2509954,Valencia,ES,2026-05-13T03:00,39.5,-0.39999962,Europe/Madrid,4.6,2.2,115.0,6.6,61.0,24
air_quality,2026-06-04T08:13:26+00:00,2509954,Valencia,ES,2026-05-13T04:00,39.5,-0.39999962,Europe/Madrid,4.3,2.2,115.0,6.1,60.0,24
air_quality,2026-06-04T08:13:26+00:00,2509954,Valencia,ES,2026-05-13T05:00,39.5,-0.39999962,Europe/Madrid,4.4,2.3,116.0,6.1,59.0,24
air_quality,2026-06-04T08:13:26+00:00,2509954,Valencia,ES,2026-05-13T06:00,39.5,-0.39999962,Europe/Madrid,4.7,2.4,118.0,7.0,56.0,22
air_quality,2026-06-04T08:13:26+00:00,2509954,Valencia,ES,2026-05-13T07:00,39.5,-0.39999962,Europe/Madrid,5.1,2.8,121.0,10.5,53.0,21
air_quality,2026-06-04T08:13:26+00:00,2509954,Valencia,ES,2026-05-13T08:00,39.5,-0.39999962,Europe/Madrid,5.7,3.4,126.0,14.0,51.0,20
air_quality,2026-06-04T08:13:26+00:00,2509954,Valencia,ES,2026-05-13T09:00,39.5,-0.39999962,Europe/Madrid,5.2,3.5,128.0,11.1,56.0,22
air_quality,2026-06-04T08:13:26+00:00,2509954,Valencia,ES,2026-05-13T10:00,39.5,-0.39999962,Europe/Madrid,4.8,3.0,124.0,6.7,60.0,24
air_quality,2026-06-04T08:13:26+00:00,2509954,Valencia,ES,2026-05-13T11:00,39.5,-0.39999962,Europe/Madrid,4.5,2.4,121.0,4.7,66.0,26
air_quality,2026-06-04T08:13:26+00:00,2509954,Valencia,ES,2026-05-13T12:00,39.5,-0.39999962,Europe/Madrid,4.2,2.6,121.0,4.4,77.0,31
air_quality,2026-06-04T08:13:26+00:00,2509954,Valencia,ES,2026-05-13T13:00,39.5,-0.39999962,Europe/Madrid,4.1,2.6,120.0,4.8,85.0,34
air_quality,2026-06-04T08:13:26+00:00,2509954,Valencia,ES,2026-05-13T14:00,39.5,-0.39999962,Europe/Madrid,4.4,2.6,120.0,5.2,87.0,35
air_quality,2026-06-04T08:13:26+00:00,2509954,Valencia,ES,2026-05-13T15:00,39.5,-0.39999962,Europe/Madrid,5.2,3.4,121.0,5.8,85.0,34
air_quality,2026-06-04T08:13:26+00:00,2509954,Valencia,ES,2026-05-13T16:00,39.5,-0.39999962,Europe/Madrid,6.1,4.0,122.0,6.0,90.0,36
air_quality,2026-06-04T08:13:26+00:00,2509954,Valencia,ES,2026-05-13T17:00,39.5,-0.39999962,Europe/Madrid,6.3,4.1,121.0,5.6,92.0,37
air_quality,2026-06-04T08:13:26+00:00,2509954,Valencia,ES,2026-05-13T18:00,39.5,-0.39999962,Europe/Madrid,6.6,4.2,120.0,6.9,90.0,36
air_quality,2026-06-04T08:13:26+00:00,2509954,Valencia,ES,2026-05-13T19:00,39.5,-0.39999962,Europe/Madrid,7.3,4.4,121.0,9.8,88.0,35
air_quality,2026-06-04T08:13:26+00:00,2509954,Valencia,ES,2026-05-13T20:00,39.5,-0.39999962,Europe/Madrid,7.8,4.5,120.0,14.1,85.0,34
air_quality,2026-06-04T08:13:26+00:00,2509954,Valencia,ES,2026-05-13T21:00,39.5,-0.39999962,Europe/Madrid,8.3,5.0,121.0,20.0,78.0,31
air_quality,2026-06-04T08:13:26+00:00,2509954,Valencia,ES,2026-05-13T22:00,39.5,-0.39999962,Europe/Madrid,9.1,5.9,130.0,31.5,64.0,26
air_quality,2026-06-04T08:13:26+00:00,2509954,Valencia,ES,2026-05-13T23:00,39.5,-0.39999962,Europe/Madrid,8.2,5.0,136.0,22.8,57.0,23
air_quality,2026-06-04T08:13:26+00:00,2509954,Valencia,ES,2026-05-14T00:00,39.5,-0.39999962,Europe/Madrid,5.8,4.7,123.0,14.1,54.0,22
air_quality,2026-06-04T08:13:26+00:00,2509954,Valencia,ES,2026-05-14T01:00,39.5,-0.39999962,Europe/Madrid,5.8,4.8,125.0,14.7,48.0,19
air_quality,2026-06-04T08:13:26+00:00,2509954,Valencia,ES,2026-05-14T02:00,39.5,-0.39999962,Europe/Madrid,6.2,4.6,125.0,19.1,40.0,16
air_quality,2026-06-04T08:13:26+00:00,2509954,Valencia,ES,2026-05-14T03:00,39.5,-0.39999962,Europe/Madrid,6.6,4.6,125.0,21.4,37.0,15
air_quality,2026-06-04T08:13:26+00:00,2509954,Valencia,ES,2026-05-14T04:00,39.5,-0.39999962,Europe/Madrid,7.1,4.8,126.0,20.9,38.0,15
air_quality,2026-06-04T08:13:26+00:00,2509954,Valencia,ES,2026-05-14T05:00,39.5,-0.39999962,Europe/Madrid,7.3,5.3,127.0,19.9,36.0,14
air_quality,2026-06-04T08:13:26+00:00,2509954,Valencia,ES,2026-05-14T06:00,39.5,-0.39999962,Europe/Madrid,7.3,5.5,129.0,18.9,32.0,13
air_quality,2026-06-04T08:13:26+00:00,2509954,Valencia,ES,2026-05-14T07:00,39.5,-0.39999962,Europe/Madrid,7.6,5.6,133.0,19.4,32.0,13
air_quality,2026-06-04T08:13:26+00:00,2509954,Valencia,ES,2026-05-14T08:00,39.5,-0.39999962,Europe/Madrid,7.4,6.0,137.0,19.9,36.0,14
air_quality,2026-06-04T08:13:26+00:00,2509954,Valencia,ES,2026-05-14T09:00,39.5,-0.39999962,Europe/Madrid,7.1,5.6,135.0,16.6,47.0,19
air_quality,2026-06-04T08:13:26+00:00,2509954,Valencia,ES,2026-05-14T10:00,39.5,-0.39999962,Europe/Madrid,6.6,4.9,132.0,12.3,54.0,22
air_quality,2026-06-04T08:13:26+00:00,2509954,Valencia,ES,2026-05-14T11:00,39.5,-0.39999962,Europe/Madrid,6.2,4.7,128.0,8.3,65.0,26
air_quality,2026-06-04T08:13:26+00:00,2509954,Valencia,ES,2026-05-14T12:00,39.5,-0.39999962,Europe/Madrid,6.3,5.2,128.0,5.8,78.0,31
air_quality,2026-06-04T08:13:26+00:00,2509954,Valencia,ES,2026-05-14T13:00,39.5,-0.39999962,Europe/Madrid,5.5,4.5,125.0,4.3,88.0,35
air_quality,2026-06-04T08:13:26+00:00,2509954,Valencia,ES,2026-05-14T14:00,39.5,-0.39999962,Europe/Madrid,5.0,4.0,122.0,3.7,93.0,37
air_quality,2026-06-04T08:13:26+00:00,2509954,Valencia,ES,2026-05-14T15:00,39.5,-0.39999962,Europe/Madrid,5.0,3.8,121.0,3.5,94.0,38
air_quality,2026-06-04T08:13:26+00:00,2509954,Valencia,ES,2026-05-14T16:00,39.5,-0.39999962,Europe/Madrid,4.9,3.7,120.0,3.4,94.0,38
air_quality,2026-06-04T08:13:26+00:00,2509954,Valencia,ES,2026-05-14T17:00,39.5,-0.39999962,Europe/Madrid,5.2,3.7,120.0,4.4,95.0,38
air_quality,2026-06-04T08:13:26+00:00,2509954,Valencia,ES,2026-05-14T18:00,39.5,-0.39999962,Europe/Madrid,6.2,4.0,120.0,5.3,96.0,38
air_quality,2026-06-04T08:13:26+00:00,2509954,Valencia,ES,2026-05-14T19:00,39.5,-0.39999962,Europe/Madrid,8.5,4.3,119.0,8.5,93.0,37
air_quality,2026-06-04T08:13:26+00:00,2509954,Valencia,ES,2026-05-14T20:00,39.5,-0.39999962,Europe/Madrid,9.4,4.6,118.0,8.8,90.0,36
air_quality,2026-06-04T08:13:26+00:00,2509954,Valencia,ES,2026-05-14T21:00,39.5,-0.39999962,Europe/Madrid,10.1,5.1,117.0,11.0,90.0,36
air_quality,2026-06-04T08:13:26+00:00,2509954,Valencia,ES,2026-05-14T22:00,39.5,-0.39999962,Europe/Madrid,10.1,5.3,117.0,8.5,92.0,37
air_quality,2026-06-04T08:13:26+00:00,2509954,Valencia,ES,2026-05-14T23:00,39.5,-0.39999962,Europe/Madrid,9.0,5.4,120.0,10.2,91.0,36
air_quality,2026-06-04T08:13:26+00:00,2509954,Valencia,ES,2026-05-15T00:00,39.5,-0.39999962,Europe/Madrid,8.6,5.6,125.0,11.5,82.0,33
air_quality,2026-06-04T08:13:26+00:00,2509954,Valencia,ES,2026-05-15T01:00,39.5,-0.39999962,Europe/Madrid,8.3,5.4,126.0,13.5,75.0,30
air_quality,2026-06-04T08:13:26+00:00,2509954,Valencia,ES,2026-05-15T02:00,39.5,-0.39999962,Europe/Madrid,7.7,5.1,128.0,14.9,67.0,27
air_quality,2026-06-04T08:13:26+00:00,2509954,Valencia,ES,2026-05-15T03:00,39.5,-0.39999962,Europe/Madrid,7.7,5.4,130.0,15.6,63.0,25
air_quality,2026-06-04T08:13:26+00:00,2509954,Valencia,ES,2026-05-15T04:00,39.5,-0.39999962,Europe/Madrid,10.3,6.1,136.0,20.0,52.0,21
air_quality,2026-06-04T08:13:26+00:00,2509954,Valencia,ES,2026-05-15T05:00,39.5,-0.39999962,Europe/Madrid,10.4,7.0,139.0,22.6,47.0,19
air_quality,2026-06-04T08:13:26+00:00,2509954,Valencia,ES,2026-05-15T06:00,39.5,-0.39999962,Europe/Madrid,11.4,7.7,142.0,25.6,42.0,17
air_quality,2026-06-04T08:13:26+00:00,2509954,Valencia,ES,2026-05-15T07:00,39.5,-0.39999962,Europe/Madrid,11.7,8.9,144.0,24.5,44.0,18
air_quality,2026-06-04T08:13:26+00:00,2509954,Valencia,ES,2026-05-15T08:00,39.5,-0.39999962,Europe/Madrid,12.3,7.7,146.0,24.5,44.0,18
air_quality,2026-06-04T08:13:26+00:00,2509954,Valencia,ES,2026-05-15T09:00,39.5,-0.39999962,Europe/Madrid,9.7,7.1,137.0,20.5,58.0,23
air_quality,2026-06-04T08:13:26+00:00,2509954,Valencia,ES,2026-05-15T10:00,39.5,-0.39999962,Europe/Madrid,8.0,5.1,133.0,13.9,67.0,27
air_quality,2026-06-04T08:13:26+00:00,2509954,Valencia,ES,2026-05-15T11:00,39.5,-0.39999962,Europe/Madrid,5.5,3.2,131.0,8.9,69.0,28
air_quality,2026-06-04T08:13:26+00:00,2509954,Valencia,ES,2026-05-15T12:00,39.5,-0.39999962,Europe/Madrid,5.7,3.4,129.0,8.0,73.0,29
air_quality,2026-06-04T08:13:26+00:00,2509954,Valencia,ES,2026-05-15T13:00,39.5,-0.39999962,Europe/Madrid,6.2,3.8,129.0,8.5,80.0,32
air_quality,2026-06-04T08:13:26+00:00,2509954,Valencia,ES,2026-05-15T14:00,39.5,-0.39999962,Europe/Madrid,4.9,3.4,127.0,9.6,80.0,32
air_quality,2026-06-04T08:13:26+00:00,2509954,Valencia,ES,2026-05-15T15:00,39.5,-0.39999962,Europe/Madrid,4.2,2.2,126.0,8.1,78.0,31
air_quality,2026-06-04T08:13:26+00:00,2509954,Valencia,ES,2026-05-15T16:00,39.5,-0.39999962,Europe/Madrid,3.6,2.6,124.0,6.6,75.0,30
air_quality,2026-06-04T08:13:26+00:00,2509954,Valencia,ES,2026-05-15T17:00,39.5,-0.39999962,Europe/Madrid,3.5,2.6,125.0,5.1,75.0,30
air_quality,2026-06-04T08:13:26+00:00,2509954,Valencia,ES,2026-05-15T18:00,39.5,-0.39999962,Europe/Madrid,3.4,2.5,126.0,4.9,73.0,29
air_quality,2026-06-04T08:13:26+00:00,2509954,Valencia,ES,2026-05-15T19:00,39.5,-0.39999962,Europe/Madrid,3.4,2.7,125.0,5.7,74.0,30
air_quality,2026-06-04T08:13:26+00:00,2509954,Valencia,ES,2026-05-15T20:00,39.5,-0.39999962,Europe/Madrid,3.3,2.6,125.0,9.2,72.0,29
air_quality,2026-06-04T08:13:26+00:00,2509954,Valencia,ES,2026-05-15T21:00,39.5,-0.39999962,Europe/Madrid,3.7,2.6,127.0,12.8,70.0,28
air_quality,2026-06-04T08:13:26+00:00,2509954,Valencia,ES,2026-05-15T22:00,39.5,-0.39999962,Europe/Madrid,3.7,2.2,126.0,10.0,74.0,30
air_quality,2026-06-04T08:13:26+00:00,2509954,Valencia,ES,2026-05-15T23:00,39.5,-0.39999962,Europe/Madrid,3.9,2.2,125.0,7.6,75.0,30
air_quality,2026-06-04T08:13:26+00:00,2509954,Valencia,ES,2026-05-16T00:00,39.5,-0.39999962,Europe/Madrid,3.9,2.1,124.0,7.2,75.0,30
air_quality,2026-06-04T08:13:26+00:00,2509954,Valencia,ES,2026-05-16T01:00,39.5,-0.39999962,Europe/Madrid,4.1,2.1,125.0,8.0,71.0,28
air_quality,2026-06-04T08:13:26+00:00,2509954,Valencia,ES,2026-05-16T02:00,39.5,-0.39999962,Europe/Madrid,4.4,2.8,126.0,11.0,58.0,23
air_quality,2026-06-04T08:13:26+00:00,2509954,Valencia,ES,2026-05-16T03:00,39.5,-0.39999962,Europe/Madrid,5.0,2.9,126.0,14.5,57.0,23
air_quality,2026-06-04T08:13:26+00:00,2509954,Valencia,ES,2026-05-16T04:00,39.5,-0.39999962,Europe/Madrid,5.2,3.0,125.0,15.1,57.0,23
air_quality,2026-06-04T08:13:26+00:00,2509954,Valencia,ES,2026-05-16T05:00,39.5,-0.39999962,Europe/Madrid,5.7,3.2,126.0,14.3,54.0,22
air_quality,2026-06-04T08:13:26+00:00,2509954,Valencia,ES,2026-05-16T06:00,39.5,-0.39999962,Europe/Madrid,6.2,3.5,129.0,15.1,47.0,19
air_quality,2026-06-04T08:13:26+00:00,2509954,Valencia,ES,2026-05-16T07:00,39.5,-0.39999962,Europe/Madrid,6.5,3.8,128.0,13.6,45.0,18
air_quality,2026-06-04T08:13:26+00:00,2509954,Valencia,ES,2026-05-16T08:00,39.5,-0.39999962,Europe/Madrid,6.5,4.0,132.0,10.3,57.0,23
air_quality,2026-06-04T08:13:26+00:00,2509954,Valencia,ES,2026-05-16T09:00,39.5,-0.39999962,Europe/Madrid,5.8,3.4,130.0,6.8,64.0,26
air_quality,2026-06-04T08:13:26+00:00,2509954,Valencia,ES,2026-05-16T10:00,39.5,-0.39999962,Europe/Madrid,5.4,2.9,127.0,5.7,72.0,29
air_quality,2026-06-04T08:13:26+00:00,2509954,Valencia,ES,2026-05-16T11:00,39.5,-0.39999962,Europe/Madrid,5.1,2.9,127.0,5.0,78.0,31
air_quality,2026-06-04T08:13:26+00:00,2509954,Valencia,ES,2026-05-16T12:00,39.5,-0.39999962,Europe/Madrid,5.6,2.8,127.0,5.4,87.0,35
air_quality,2026-06-04T08:13:26+00:00,2509954,Valencia,ES,2026-05-16T13:00,39.5,-0.39999962,Europe/Madrid,5.5,3.1,125.0,5.0,94.0,38
air_quality,2026-06-04T08:13:26+00:00,2509954,Valencia,ES,2026-05-16T14:00,39.5,-0.39999962,Europe/Madrid,5.2,3.4,124.0,3.8,101.0,41
air_quality,2026-06-04T08:13:26+00:00,2509954,Valencia,ES,2026-05-16T15:00,39.5,-0.39999962,Europe/Madrid,4.7,3.1,121.0,3.2,105.0,43
air_quality,2026-06-04T08:13:26+00:00,2509954,Valencia,ES,2026-05-16T16:00,39.5,-0.39999962,Europe/Madrid,4.0,2.5,119.0,2.8,105.0,43
air_quality,2026-06-04T08:13:26+00:00,2509954,Valencia,ES,2026-05-16T17:00,39.5,-0.39999962,Europe/Madrid,3.9,2.3,119.0,2.9,104.0,43
air_quality,2026-06-04T08:13:26+00:00,2509954,Valencia,ES,2026-05-16T18:00,39.5,-0.39999962,Europe/Madrid,4.2,2.2,119.0,3.0,104.0,43
air_quality,2026-06-04T08:13:26+00:00,2509954,Valencia,ES,2026-05-16T19:00,39.5,-0.39999962,Europe/Madrid,4.6,2.2,119.0,3.7,107.0,45
air_quality,2026-06-04T08:13:26+00:00,2509954,Valencia,ES,2026-05-16T20:00,39.5,-0.39999962,Europe/Madrid,5.3,2.7,119.0,5.1,101.0,41
air_quality,2026-06-04T08:13:26+00:00,2509954,Valencia,ES,2026-05-16T21:00,39.5,-0.39999962,Europe/Madrid,5.9,3.2,121.0,7.6,96.0,38
air_quality,2026-06-04T08:13:26+00:00,2509954,Valencia,ES,2026-05-16T22:00,39.5,-0.39999962,Europe/Madrid,6.1,3.2,121.0,10.9,96.0,38
air_quality,2026-06-04T08:13:26+00:00,2509954,Valencia,ES,2026-05-16T23:00,39.5,-0.39999962,Europe/Madrid,6.5,3.2,122.0,14.2,81.0,32
air_quality,2026-06-04T08:13:26+00:00,2509954,Valencia,ES,2026-05-17T00:00,39.5,-0.39999962,Europe/Madrid,6.9,3.5,125.0,17.4,73.0,29
air_quality,2026-06-04T08:13:26+00:00,2509954,Valencia,ES,2026-05-17T01:00,39.5,-0.39999962,Europe/Madrid,7.8,4.1,126.0,22.0,66.0,26
air_quality,2026-06-04T08:13:26+00:00,2509954,Valencia,ES,2026-05-17T02:00,39.5,-0.39999962,Europe/Madrid,8.4,5.1,140.0,28.2,53.0,21
air_quality,2026-06-04T08:13:26+00:00,2509954,Valencia,ES,2026-05-17T03:00,39.5,-0.39999962,Europe/Madrid,9.2,5.3,145.0,27.1,46.0,18
air_quality,2026-06-04T08:13:26+00:00,2509954,Valencia,ES,2026-05-17T04:00,39.5,-0.39999962,Europe/Madrid,9.4,5.5,141.0,28.0,43.0,17
air_quality,2026-06-04T08:13:26+00:00,2509954,Valencia,ES,2026-05-17T05:00,39.5,-0.39999962,Europe/Madrid,9.5,5.8,135.0,26.9,40.0,16
air_quality,2026-06-04T08:13:26+00:00,2509954,Valencia,ES,2026-05-17T06:00,39.5,-0.39999962,Europe/Madrid,9.5,5.9,132.0,26.6,38.0,15
air_quality,2026-06-04T08:13:26+00:00,2509954,Valencia,ES,2026-05-17T07:00,39.5,-0.39999962,Europe/Madrid,10.8,6.3,132.0,25.7,36.0,14
air_quality,2026-06-04T08:13:26+00:00,2509954,Valencia,ES,2026-05-17T08:00,39.5,-0.39999962,Europe/Madrid,10.4,6.1,134.0,22.4,33.0,13
air_quality,2026-06-04T08:13:26+00:00,2509954,Valencia,ES,2026-05-17T09:00,39.5,-0.39999962,Europe/Madrid,9.4,6.2,137.0,17.4,51.0,20
air_quality,2026-06-04T08:13:26+00:00,2509954,Valencia,ES,2026-05-17T10:00,39.5,-0.39999962,Europe/Madrid,9.2,5.7,136.0,15.6,59.0,24
air_quality,2026-06-04T08:13:26+00:00,2509954,Valencia,ES,2026-05-17T11:00,39.5,-0.39999962,Europe/Madrid,9.5,5.6,131.0,12.6,75.0,30
air_quality,2026-06-04T08:13:26+00:00,2509954,Valencia,ES,2026-05-17T12:00,39.5,-0.39999962,Europe/Madrid,8.9,4.7,129.0,10.0,77.0,31
air_quality,2026-06-04T08:13:26+00:00,2509954,Valencia,ES,2026-05-17T13:00,39.5,-0.39999962,Europe/Madrid,9.0,4.7,126.0,9.4,81.0,32
air_quality,2026-06-04T08:13:26+00:00,2509954,Valencia,ES,2026-05-17T14:00,39.5,-0.39999962,Europe/Madrid,8.1,4.1,122.0,5.9,87.0,35
air_quality,2026-06-04T08:13:26+00:00,2509954,Valencia,ES,2026-05-17T15:00,39.5,-0.39999962,Europe/Madrid,8.2,3.9,119.0,5.1,99.0,40
air_quality,2026-06-04T08:13:26+00:00,2509954,Valencia,ES,2026-05-17T16:00,39.5,-0.39999962,Europe/Madrid,8.7,4.3,119.0,4.7,101.0,41
air_quality,2026-06-04T08:13:26+00:00,2509954,Valencia,ES,2026-05-17T17:00,39.5,-0.39999962,Europe/Madrid,8.0,3.9,117.0,4.6,103.0,42
air_quality,2026-06-04T08:13:26+00:00,2509954,Valencia,ES,2026-05-17T18:00,39.5,-0.39999962,Europe/Madrid,7.3,4.4,117.0,5.8,104.0,43
air_quality,2026-06-04T08:13:26+00:00,2509954,Valencia,ES,2026-05-17T19:00,39.5,-0.39999962,Europe/Madrid,7.1,4.8,120.0,7.6,99.0,40
air_quality,2026-06-04T08:13:26+00:00,2509954,Valencia,ES,2026-05-17T20:00,39.5,-0.39999962,Europe/Madrid,7.0,4.9,123.0,10.1,90.0,36
air_quality,2026-06-04T08:13:26+00:00,2509954,Valencia,ES,2026-05-17T21:00,39.5,-0.39999962,Europe/Madrid,7.2,4.4,125.0,15.1,82.0,33
air_quality,2026-06-04T08:13:26+00:00,2509954,Valencia,ES,2026-05-17T22:00,39.5,-0.39999962,Europe/Madrid,8.0,4.3,127.0,20.9,77.0,31
air_quality,2026-06-04T08:13:26+00:00,2509954,Valencia,ES,2026-05-17T23:00,39.5,-0.39999962,Europe/Madrid,8.1,4.7,131.0,29.5,72.0,29
air_quality,2026-06-04T08:13:26+00:00,2509954,Valencia,ES,2026-05-18T00:00,39.5,-0.39999962,Europe/Madrid,8.6,5.7,141.0,33.6,56.0,22
air_quality,2026-06-04T08:13:26+00:00,2509954,Valencia,ES,2026-05-18T01:00,39.5,-0.39999962,Europe/Madrid,9.0,6.1,144.0,36.8,53.0,21
air_quality,2026-06-04T08:13:26+00:00,2509954,Valencia,ES,2026-05-18T02:00,39.5,-0.39999962,Europe/Madrid,9.0,6.0,147.0,33.2,43.0,17
air_quality,2026-06-04T08:13:26+00:00,2509954,Valencia,ES,2026-05-18T03:00,39.5,-0.39999962,Europe/Madrid,9.2,6.5,148.0,34.9,34.0,17
air_quality,2026-06-04T08:13:26+00:00,2509954,Valencia,ES,2026-05-18T04:00,39.5,-0.39999962,Europe/Madrid,9.2,6.7,145.0,27.1,33.0,14
air_quality,2026-06-04T08:13:26+00:00,2509954,Valencia,ES,2026-05-18T05:00,39.5,-0.39999962,Europe/Madrid,8.7,5.8,138.0,23.1,34.0,14
air_quality,2026-06-04T08:13:26+00:00,2509954,Valencia,ES,2026-05-18T06:00,39.5,-0.39999962,Europe/Madrid,8.0,6.0,135.0,21.7,31.0,12
air_quality,2026-06-04T08:13:26+00:00,2509954,Valencia,ES,2026-05-18T07:00,39.5,-0.39999962,Europe/Madrid,8.3,6.3,140.0,25.9,28.0,13
air_quality,2026-06-04T08:13:26+00:00,2509954,Valencia,ES,2026-05-18T08:00,39.5,-0.39999962,Europe/Madrid,8.9,7.2,151.0,28.2,26.0,14
air_quality,2026-06-04T08:13:26+00:00,2509954,Valencia,ES,2026-05-18T09:00,39.5,-0.39999962,Europe/Madrid,9.4,7.0,144.0,22.1,37.0,15
air_quality,2026-06-04T08:13:26+00:00,2509954,Valencia,ES,2026-05-18T10:00,39.5,-0.39999962,Europe/Madrid,8.9,6.1,144.0,19.9,48.0,19
air_quality,2026-06-04T08:13:26+00:00,2509954,Valencia,ES,2026-05-18T11:00,39.5,-0.39999962,Europe/Madrid,8.5,6.0,139.0,15.4,56.0,22
air_quality,2026-06-04T08:13:26+00:00,2509954,Valencia,ES,2026-05-18T12:00,39.5,-0.39999962,Europe/Madrid,8.5,6.2,131.0,10.0,66.0,26
air_quality,2026-06-04T08:13:26+00:00,2509954,Valencia,ES,2026-05-18T13:00,39.5,-0.39999962,Europe/Madrid,8.5,5.8,128.0,9.1,77.0,31
air_quality,2026-06-04T08:13:26+00:00,2509954,Valencia,ES,2026-05-18T14:00,39.5,-0.39999962,Europe/Madrid,9.5,6.0,126.0,8.3,89.0,36
air_quality,2026-06-04T08:13:26+00:00,2509954,Valencia,ES,2026-05-18T15:00,39.5,-0.39999962,Europe/Madrid,8.5,5.9,123.0,7.0,94.0,38
air_quality,2026-06-04T08:13:26+00:00,2509954,Valencia,ES,2026-05-18T16:00,39.5,-0.39999962,Europe/Madrid,8.1,5.8,122.0,6.1,98.0,39
air_quality,2026-06-04T08:13:26+00:00,2509954,Valencia,ES,2026-05-18T17:00,39.5,-0.39999962,Europe/Madrid,8.8,5.9,123.0,5.4,100.0,40
air_quality,2026-06-04T08:13:26+00:00,2509954,Valencia,ES,2026-05-18T18:00,39.5,-0.39999962,Europe/Madrid,10.4,6.2,123.0,5.8,103.0,42
air_quality,2026-06-04T08:13:26+00:00,2509954,Valencia,ES,2026-05-18T19:00,39.5,-0.39999962,Europe/Madrid,9.6,5.7,122.0,7.2,102.0,41
air_quality,2026-06-04T08:13:26+00:00,2509954,Valencia,ES,2026-05-18T20:00,39.5,-0.39999962,Europe/Madrid,9.2,5.8,123.0,10.6,99.0,40
air_quality,2026-06-04T08:13:26+00:00,2509954,Valencia,ES,2026-05-18T21:00,39.5,-0.39999962,Europe/Madrid,9.9,6.0,125.0,15.1,94.0,38
air_quality,2026-06-04T08:13:26+00:00,2509954,Valencia,ES,2026-05-18T22:00,39.5,-0.39999962,Europe/Madrid,10.8,6.3,124.0,16.6,87.0,35
air_quality,2026-06-04T08:13:26+00:00,2509954,Valencia,ES,2026-05-18T23:00,39.5,-0.39999962,Europe/Madrid,11.9,6.9,123.0,15.6,88.0,35
air_quality,2026-06-04T08:13:26+00:00,2509954,Valencia,ES,2026-05-19T00:00,39.5,-0.39999962,Europe/Madrid,11.9,7.0,123.0,15.5,83.0,33
air_quality,2026-06-04T08:13:26+00:00,2509954,Valencia,ES,2026-05-19T01:00,39.5,-0.39999962,Europe/Madrid,12.7,7.3,129.0,18.6,72.0,29
air_quality,2026-06-04T08:13:26+00:00,2509954,Valencia,ES,2026-05-19T02:00,39.5,-0.39999962,Europe/Madrid,12.1,7.2,139.0,26.1,61.0,24
air_quality,2026-06-04T08:13:26+00:00,2509954,Valencia,ES,2026-05-19T03:00,39.5,-0.39999962,Europe/Madrid,14.2,8.6,144.0,27.6,54.0,22
air_quality,2026-06-04T08:13:26+00:00,2509954,Valencia,ES,2026-05-19T04:00,39.5,-0.39999962,Europe/Madrid,15.4,9.7,146.0,29.1,49.0,20
air_quality,2026-06-04T08:13:26+00:00,2509954,Valencia,ES,2026-05-19T05:00,39.5,-0.39999962,Europe/Madrid,13.9,8.9,142.0,29.5,42.0,17
air_quality,2026-06-04T08:13:26+00:00,2509954,Valencia,ES,2026-05-19T06:00,39.5,-0.39999962,Europe/Madrid,13.0,8.9,135.0,25.7,35.0,14
air_quality,2026-06-04T08:13:26+00:00,2509954,Valencia,ES,2026-05-19T07:00,39.5,-0.39999962,Europe/Madrid,12.0,8.4,135.0,21.6,29.0,14
air_quality,2026-06-04T08:13:26+00:00,2509954,Valencia,ES,2026-05-19T08:00,39.5,-0.39999962,Europe/Madrid,10.7,7.6,142.0,21.4,26.0,14
air_quality,2026-06-04T08:13:26+00:00,2509954,Valencia,ES,2026-05-19T09:00,39.5,-0.39999962,Europe/Madrid,9.9,7.2,142.0,18.4,32.0,14
air_quality,2026-06-04T08:13:26+00:00,2509954,Valencia,ES,2026-05-19T10:00,39.5,-0.39999962,Europe/Madrid,9.8,6.7,142.0,19.1,43.0,17
air_quality,2026-06-04T08:13:26+00:00,2509954,Valencia,ES,2026-05-19T11:00,39.5,-0.39999962,Europe/Madrid,10.4,6.7,142.0,17.2,53.0,21
air_quality,2026-06-04T08:13:26+00:00,2509954,Valencia,ES,2026-05-19T12:00,39.5,-0.39999962,Europe/Madrid,10.8,7.3,138.0,15.5,63.0,25
air_quality,2026-06-04T08:13:26+00:00,2509954,Valencia,ES,2026-05-19T13:00,39.5,-0.39999962,Europe/Madrid,11.8,8.0,137.0,14.4,75.0,30
air_quality,2026-06-04T08:13:26+00:00,2509954,Valencia,ES,2026-05-19T14:00,39.5,-0.39999962,Europe/Madrid,11.4,7.7,134.0,11.0,83.0,33
air_quality,2026-06-04T08:13:26+00:00,2509954,Valencia,ES,2026-05-19T15:00,39.5,-0.39999962,Europe/Madrid,10.5,7.9,131.0,9.1,95.0,38
air_quality,2026-06-04T08:13:26+00:00,2509954,Valencia,ES,2026-05-19T16:00,39.5,-0.39999962,Europe/Madrid,11.5,6.6,129.0,6.3,94.0,38
air_quality,2026-06-04T08:13:26+00:00,2509954,Valencia,ES,2026-05-19T17:00,39.5,-0.39999962,Europe/Madrid,11.4,6.0,122.0,5.6,95.0,38
air_quality,2026-06-04T08:13:26+00:00,2509954,Valencia,ES,2026-05-19T18:00,39.5,-0.39999962,Europe/Madrid,10.6,6.5,119.0,6.4,104.0,43
air_quality,2026-06-04T08:13:26+00:00,2509954,Valencia,ES,2026-05-19T19:00,39.5,-0.39999962,Europe/Madrid,11.7,7.5,119.0,7.2,101.0,41
air_quality,2026-06-04T08:13:26+00:00,2509954,Valencia,ES,2026-05-19T20:00,39.5,-0.39999962,Europe/Madrid,14.4,7.6,121.0,10.7,96.0,38
air_quality,2026-06-04T08:13:26+00:00,2509954,Valencia,ES,2026-05-19T21:00,39.5,-0.39999962,Europe/Madrid,15.1,7.6,126.0,12.4,95.0,38
air_quality,2026-06-04T08:13:26+00:00,2509954,Valencia,ES,2026-05-19T22:00,39.5,-0.39999962,Europe/Madrid,15.7,8.1,126.0,12.3,91.0,36
air_quality,2026-06-04T08:13:26+00:00,2509954,Valencia,ES,2026-05-19T23:00,39.5,-0.39999962,Europe/Madrid,15.9,8.8,126.0,14.1,88.0,35
air_quality,2026-06-04T08:13:26+00:00,2509954,Valencia,ES,2026-05-20T00:00,39.5,-0.39999962,Europe/Madrid,15.4,9.0,123.0,16.6,82.0,33
air_quality,2026-06-04T08:13:26+00:00,2509954,Valencia,ES,2026-05-20T01:00,39.5,-0.39999962,Europe/Madrid,17.3,9.2,126.0,22.5,71.0,28
air_quality,2026-06-04T08:13:26+00:00,2509954,Valencia,ES,2026-05-20T02:00,39.5,-0.39999962,Europe/Madrid,19.2,10.3,136.0,25.9,62.0,25
air_quality,2026-06-04T08:13:26+00:00,2509954,Valencia,ES,2026-05-20T03:00,39.5,-0.39999962,Europe/Madrid,19.4,12.3,141.0,29.2,52.0,21
air_quality,2026-06-04T08:13:26+00:00,2509954,Valencia,ES,2026-05-20T04:00,39.5,-0.39999962,Europe/Madrid,20.3,13.2,144.0,30.2,40.0,16
air_quality,2026-06-04T08:13:26+00:00,2509954,Valencia,ES,2026-05-20T05:00,39.5,-0.39999962,Europe/Madrid,20.5,13.6,147.0,32.1,31.0,16
air_quality,2026-06-04T08:13:26+00:00,2509954,Valencia,ES,2026-05-20T06:00,39.5,-0.39999962,Europe/Madrid,19.6,12.9,153.0,33.3,28.0,17
air_quality,2026-06-04T08:13:26+00:00,2509954,Valencia,ES,2026-05-20T07:00,39.5,-0.39999962,Europe/Madrid,18.1,13.1,158.0,38.0,22.0,19
air_quality,2026-06-04T08:13:26+00:00,2509954,Valencia,ES,2026-05-20T08:00,39.5,-0.39999962,Europe/Madrid,18.3,12.9,168.0,38.5,22.0,19
air_quality,2026-06-04T08:13:26+00:00,2509954,Valencia,ES,2026-05-20T09:00,39.5,-0.39999962,Europe/Madrid,19.2,12.3,168.0,30.6,37.0,18
air_quality,2026-06-04T08:13:26+00:00,2509954,Valencia,ES,2026-05-20T10:00,39.5,-0.39999962,Europe/Madrid,16.8,10.5,149.0,20.1,55.0,22
air_quality,2026-06-04T08:13:26+00:00,2509954,Valencia,ES,2026-05-20T11:00,39.5,-0.39999962,Europe/Madrid,17.5,9.8,131.0,13.0,74.0,30
air_quality,2026-06-04T08:13:26+00:00,2509954,Valencia,ES,2026-05-20T12:00,39.5,-0.39999962,Europe/Madrid,18.8,9.8,120.0,7.0,89.0,36
air_quality,2026-06-04T08:13:26+00:00,2509954,Valencia,ES,2026-05-20T13:00,39.5,-0.39999962,Europe/Madrid,17.6,8.8,115.0,4.1,100.0,40
air_quality,2026-06-04T08:13:26+00:00,2509954,Valencia,ES,2026-05-20T14:00,39.5,-0.39999962,Europe/Madrid,15.5,7.5,112.0,3.8,106.0,44
air_quality,2026-06-04T08:13:26+00:00,2509954,Valencia,ES,2026-05-20T15:00,39.5,-0.39999962,Europe/Madrid,14.3,7.1,112.0,4.0,107.0,45
air_quality,2026-06-04T08:13:26+00:00,2509954,Valencia,ES,2026-05-20T16:00,39.5,-0.39999962,Europe/Madrid,13.8,7.0,111.0,4.3,107.0,45
air_quality,2026-06-04T08:13:26+00:00,2509954,Valencia,ES,2026-05-20T17:00,39.5,-0.39999962,Europe/Madrid,14.2,7.6,112.0,5.1,107.0,45
air_quality,2026-06-04T08:13:26+00:00,2509954,Valencia,ES,2026-05-20T18:00,39.5,-0.39999962,Europe/Madrid,14.4,8.2,112.0,6.2,105.0,43
air_quality,2026-06-04T08:13:26+00:00,2509954,Valencia,ES,2026-05-20T19:00,39.5,-0.39999962,Europe/Madrid,15.0,8.9,113.0,7.8,102.0,41
air_quality,2026-06-04T08:13:26+00:00,2509954,Valencia,ES,2026-05-20T20:00,39.5,-0.39999962,Europe/Madrid,15.7,10.1,114.0,10.8,98.0,39
air_quality,2026-06-04T08:13:26+00:00,2509954,Valencia,ES,2026-05-20T21:00,39.5,-0.39999962,Europe/Madrid,15.9,10.9,114.0,14.8,93.0,37
air_quality,2026-06-04T08:13:26+00:00,2509954,Valencia,ES,2026-05-20T22:00,39.5,-0.39999962,Europe/Madrid,15.8,10.9,115.0,14.5,90.0,36
air_quality,2026-06-04T08:13:26+00:00,2509954,Valencia,ES,2026-05-20T23:00,39.5,-0.39999962,Europe/Madrid,17.2,10.8,115.0,15.4,86.0,34
air_quality,2026-06-04T08:13:26+00:00,2509954,Valencia,ES,2026-05-21T00:00,39.5,-0.39999962,Europe/Madrid,17.5,10.5,115.0,15.1,83.0,33
air_quality,2026-06-04T08:13:26+00:00,2509954,Valencia,ES,2026-05-21T01:00,39.5,-0.39999962,Europe/Madrid,18.0,10.8,118.0,18.0,75.0,30
air_quality,2026-06-04T08:13:26+00:00,2509954,Valencia,ES,2026-05-21T02:00,39.5,-0.39999962,Europe/Madrid,18.6,11.5,124.0,23.6,65.0,26
air_quality,2026-06-04T08:13:26+00:00,2509954,Valencia,ES,2026-05-21T03:00,39.5,-0.39999962,Europe/Madrid,22.9,13.4,131.0,30.2,55.0,22
air_quality,2026-06-04T08:13:26+00:00,2509954,Valencia,ES,2026-05-21T04:00,39.5,-0.39999962,Europe/Madrid,25.2,15.7,134.0,30.5,43.0,21
air_quality,2026-06-04T08:13:26+00:00,2509954,Valencia,ES,2026-05-21T05:00,39.5,-0.39999962,Europe/Madrid,27.4,17.3,137.0,34.2,43.0,21
air_quality,2026-06-04T08:13:26+00:00,2509954,Valencia,ES,2026-05-21T06:00,39.5,-0.39999962,Europe/Madrid,26.1,18.3,140.0,40.9,42.0,22
air_quality,2026-06-04T08:13:26+00:00,2509954,Valencia,ES,2026-05-21T07:00,39.5,-0.39999962,Europe/Madrid,26.5,18.1,145.0,41.1,38.0,22
air_quality,2026-06-04T08:13:26+00:00,2509954,Valencia,ES,2026-05-21T08:00,39.5,-0.39999962,Europe/Madrid,25.9,18.2,161.0,41.1,35.0,22
air_quality,2026-06-04T08:13:26+00:00,2509954,Valencia,ES,2026-05-21T09:00,39.5,-0.39999962,Europe/Madrid,24.4,16.7,156.0,35.1,38.0,23
air_quality,2026-06-04T08:13:26+00:00,2509954,Valencia,ES,2026-05-21T10:00,39.5,-0.39999962,Europe/Madrid,24.3,13.2,153.0,34.4,53.0,23
air_quality,2026-06-04T08:13:26+00:00,2509954,Valencia,ES,2026-05-21T11:00,39.5,-0.39999962,Europe/Madrid,24.0,11.5,144.0,25.9,65.0,26
air_quality,2026-06-04T08:13:26+00:00,2509954,Valencia,ES,2026-05-21T12:00,39.5,-0.39999962,Europe/Madrid,22.9,11.7,134.0,17.2,75.0,30
air_quality,2026-06-04T08:13:26+00:00,2509954,Valencia,ES,2026-05-21T13:00,39.5,-0.39999962,Europe/Madrid,19.0,12.5,132.0,16.5,85.0,34
air_quality,2026-06-04T08:13:26+00:00,2509954,Valencia,ES,2026-05-21T14:00,39.5,-0.39999962,Europe/Madrid,15.2,9.4,122.0,11.6,101.0,41
air_quality,2026-06-04T08:13:26+00:00,2509954,Valencia,ES,2026-05-21T15:00,39.5,-0.39999962,Europe/Madrid,14.0,8.2,119.0,8.8,106.0,44
air_quality,2026-06-04T08:13:26+00:00,2509954,Valencia,ES,2026-05-21T16:00,39.5,-0.39999962,Europe/Madrid,14.1,8.2,114.0,6.6,108.0,45
air_quality,2026-06-04T08:13:26+00:00,2509954,Valencia,ES,2026-05-21T17:00,39.5,-0.39999962,Europe/Madrid,13.0,7.8,112.0,7.2,110.0,47
air_quality,2026-06-04T08:13:26+00:00,2509954,Valencia,ES,2026-05-21T18:00,39.5,-0.39999962,Europe/Madrid,12.4,7.0,111.0,9.6,108.0,45
air_quality,2026-06-04T08:13:26+00:00,2509954,Valencia,ES,2026-05-21T19:00,39.5,-0.39999962,Europe/Madrid,12.1,6.9,110.0,10.8,105.0,43
air_quality,2026-06-04T08:13:26+00:00,2509954,Valencia,ES,2026-05-21T20:00,39.5,-0.39999962,Europe/Madrid,12.7,7.1,110.0,12.4,102.0,41
air_quality,2026-06-04T08:13:26+00:00,2509954,Valencia,ES,2026-05-21T21:00,39.5,-0.39999962,Europe/Madrid,13.3,7.5,120.0,21.7,87.0,35
air_quality,2026-06-04T08:13:26+00:00,2509954,Valencia,ES,2026-05-21T22:00,39.5,-0.39999962,Europe/Madrid,13.9,8.0,119.0,21.7,85.0,34
air_quality,2026-06-04T08:13:26+00:00,2509954,Valencia,ES,2026-05-21T23:00,39.5,-0.39999962,Europe/Madrid,14.7,8.6,121.0,27.2,75.0,30
air_quality,2026-06-04T08:13:26+00:00,2509954,Valencia,ES,2026-05-22T00:00,39.5,-0.39999962,Europe/Madrid,15.7,9.3,127.0,28.1,63.0,25
air_quality,2026-06-04T08:13:26+00:00,2509954,Valencia,ES,2026-05-22T01:00,39.5,-0.39999962,Europe/Madrid,17.7,10.4,129.0,30.9,58.0,23
air_quality,2026-06-04T08:13:26+00:00,2509954,Valencia,ES,2026-05-22T02:00,39.5,-0.39999962,Europe/Madrid,16.3,8.6,130.0,40.2,54.0,23
air_quality,2026-06-04T08:13:26+00:00,2509954,Valencia,ES,2026-05-22T03:00,39.5,-0.39999962,Europe/Madrid,17.8,9.2,134.0,40.4,43.0,23
air_quality,2026-06-04T08:13:26+00:00,2509954,Valencia,ES,2026-05-22T04:00,39.5,-0.39999962,Europe/Madrid,19.5,10.4,133.0,39.4,42.0,22
air_quality,2026-06-04T08:13:26+00:00,2509954,Valencia,ES,2026-05-22T05:00,39.5,-0.39999962,Europe/Madrid,19.1,10.4,135.0,39.7,39.0,22
air_quality,2026-06-04T08:13:26+00:00,2509954,Valencia,ES,2026-05-22T06:00,39.5,-0.39999962,Europe/Madrid,18.7,10.7,139.0,40.8,33.0,21
air_quality,2026-06-04T08:13:26+00:00,2509954,Valencia,ES,2026-05-22T07:00,39.5,-0.39999962,Europe/Madrid,19.0,11.3,144.0,39.5,28.0,21
air_quality,2026-06-04T08:13:26+00:00,2509954,Valencia,ES,2026-05-22T08:00,39.5,-0.39999962,Europe/Madrid,20.1,12.9,161.0,39.6,22.0,20
air_quality,2026-06-04T08:13:26+00:00,2509954,Valencia,ES,2026-05-22T09:00,39.5,-0.39999962,Europe/Madrid,20.7,12.4,164.0,35.3,35.0,20
air_quality,2026-06-04T08:13:26+00:00,2509954,Valencia,ES,2026-05-22T10:00,39.5,-0.39999962,Europe/Madrid,20.0,11.8,164.0,36.2,47.0,19
air_quality,2026-06-04T08:13:26+00:00,2509954,Valencia,ES,2026-05-22T11:00,39.5,-0.39999962,Europe/Madrid,17.5,10.7,155.0,29.7,58.0,23
air_quality,2026-06-04T08:13:26+00:00,2509954,Valencia,ES,2026-05-22T12:00,39.5,-0.39999962,Europe/Madrid,16.1,10.6,143.0,19.4,73.0,29
air_quality,2026-06-04T08:13:26+00:00,2509954,Valencia,ES,2026-05-22T13:00,39.5,-0.39999962,Europe/Madrid,15.6,8.9,133.0,13.5,85.0,34
air_quality,2026-06-04T08:13:26+00:00,2509954,Valencia,ES,2026-05-22T14:00,39.5,-0.39999962,Europe/Madrid,13.8,9.0,122.0,7.4,100.0,40
air_quality,2026-06-04T08:13:26+00:00,2509954,Valencia,ES,2026-05-22T15:00,39.5,-0.39999962,Europe/Madrid,12.3,7.3,114.0,6.3,104.0,43
air_quality,2026-06-04T08:13:26+00:00,2509954,Valencia,ES,2026-05-22T16:00,39.5,-0.39999962,Europe/Madrid,10.4,6.5,112.0,5.8,102.0,41
air_quality,2026-06-04T08:13:26+00:00,2509954,Valencia,ES,2026-05-22T17:00,39.5,-0.39999962,Europe/Madrid,9.8,6.3,112.0,6.1,99.0,40
air_quality,2026-06-04T08:13:26+00:00,2509954,Valencia,ES,2026-05-22T18:00,39.5,-0.39999962,Europe/Madrid,9.7,5.8,113.0,7.1,96.0,38
air_quality,2026-06-04T08:13:26+00:00,2509954,Valencia,ES,2026-05-22T19:00,39.5,-0.39999962,Europe/Madrid,9.4,5.6,115.0,9.3,89.0,36
air_quality,2026-06-04T08:13:26+00:00,2509954,Valencia,ES,2026-05-22T20:00,39.5,-0.39999962,Europe/Madrid,9.2,5.6,114.0,11.1,86.0,34
air_quality,2026-06-04T08:13:26+00:00,2509954,Valencia,ES,2026-05-22T21:00,39.5,-0.39999962,Europe/Madrid,11.3,6.3,117.0,20.0,78.0,31
air_quality,2026-06-04T08:13:26+00:00,2509954,Valencia,ES,2026-05-22T22:00,39.5,-0.39999962,Europe/Madrid,10.2,6.4,118.0,23.2,78.0,31
air_quality,2026-06-04T08:13:26+00:00,2509954,Valencia,ES,2026-05-22T23:00,39.5,-0.39999962,Europe/Madrid,11.6,6.8,121.0,26.5,72.0,29
air_quality,2026-06-04T08:13:26+00:00,2509954,Valencia,ES,2026-05-23T00:00,39.5,-0.39999962,Europe/Madrid,13.0,7.3,122.0,29.1,61.0,24
air_quality,2026-06-04T08:13:26+00:00,2509954,Valencia,ES,2026-05-23T01:00,39.5,-0.39999962,Europe/Madrid,13.1,8.1,125.0,34.2,52.0,21
air_quality,2026-06-04T08:13:26+00:00,2509954,Valencia,ES,2026-05-23T02:00,39.5,-0.39999962,Europe/Madrid,12.2,7.2,132.0,38.8,45.0,19
air_quality,2026-06-04T08:13:26+00:00,2509954,Valencia,ES,2026-05-23T03:00,39.5,-0.39999962,Europe/Madrid,12.4,7.4,130.0,41.5,38.0,21
air_quality,2026-06-04T08:13:26+00:00,2509954,Valencia,ES,2026-05-23T04:00,39.5,-0.39999962,Europe/Madrid,12.6,8.1,131.0,35.2,38.0,18
air_quality,2026-06-04T08:13:26+00:00,2509954,Valencia,ES,2026-05-23T05:00,39.5,-0.39999962,Europe/Madrid,13.0,8.6,127.0,35.7,37.0,18
air_quality,2026-06-04T08:13:26+00:00,2509954,Valencia,ES,2026-05-23T06:00,39.5,-0.39999962,Europe/Madrid,13.5,8.7,129.0,33.4,34.0,17
air_quality,2026-06-04T08:13:26+00:00,2509954,Valencia,ES,2026-05-23T07:00,39.5,-0.39999962,Europe/Madrid,14.3,8.8,131.0,31.5,34.0,17
air_quality,2026-06-04T08:13:26+00:00,2509954,Valencia,ES,2026-05-23T08:00,39.5,-0.39999962,Europe/Madrid,15.2,9.4,138.0,29.6,32.0,16
air_quality,2026-06-04T08:13:26+00:00,2509954,Valencia,ES,2026-05-23T09:00,39.5,-0.39999962,Europe/Madrid,14.5,9.2,139.0,22.7,42.0,17
air_quality,2026-06-04T08:13:26+00:00,2509954,Valencia,ES,2026-05-23T10:00,39.5,-0.39999962,Europe/Madrid,14.4,8.2,136.0,20.6,54.0,22
air_quality,2026-06-04T08:13:26+00:00,2509954,Valencia,ES,2026-05-23T11:00,39.5,-0.39999962,Europe/Madrid,13.4,7.4,133.0,18.4,62.0,25
air_quality,2026-06-04T08:13:26+00:00,2509954,Valencia,ES,2026-05-23T12:00,39.5,-0.39999962,Europe/Madrid,12.3,7.5,130.0,14.2,74.0,30
air_quality,2026-06-04T08:13:26+00:00,2509954,Valencia,ES,2026-05-23T13:00,39.5,-0.39999962,Europe/Madrid,11.6,7.8,123.0,11.8,84.0,34
air_quality,2026-06-04T08:13:26+00:00,2509954,Valencia,ES,2026-05-23T14:00,39.5,-0.39999962,Europe/Madrid,11.1,7.5,119.0,8.0,95.0,38
air_quality,2026-06-04T08:13:26+00:00,2509954,Valencia,ES,2026-05-23T15:00,39.5,-0.39999962,Europe/Madrid,10.9,7.4,113.0,5.9,101.0,41
air_quality,2026-06-04T08:13:26+00:00,2509954,Valencia,ES,2026-05-23T16:00,39.5,-0.39999962,Europe/Madrid,11.0,7.4,110.0,5.5,103.0,42
air_quality,2026-06-04T08:13:26+00:00,2509954,Valencia,ES,2026-05-23T17:00,39.5,-0.39999962,Europe/Madrid,10.7,7.3,109.0,5.3,106.0,44
air_quality,2026-06-04T08:13:26+00:00,2509954,Valencia,ES,2026-05-23T18:00,39.5,-0.39999962,Europe/Madrid,11.0,7.3,108.0,7.0,106.0,44
air_quality,2026-06-04T08:13:26+00:00,2509954,Valencia,ES,2026-05-23T19:00,39.5,-0.39999962,Europe/Madrid,11.6,7.4,108.0,8.6,103.0,42
air_quality,2026-06-04T08:13:26+00:00,2509954,Valencia,ES,2026-05-23T20:00,39.5,-0.39999962,Europe/Madrid,11.8,7.6,110.0,10.9,95.0,38
air_quality,2026-06-04T08:13:26+00:00,2509954,Valencia,ES,2026-05-23T21:00,39.5,-0.39999962,Europe/Madrid,12.6,7.8,114.0,19.8,84.0,34
air_quality,2026-06-04T08:13:26+00:00,2509954,Valencia,ES,2026-05-23T22:00,39.5,-0.39999962,Europe/Madrid,13.2,8.1,121.0,33.4,72.0,29
air_quality,2026-06-04T08:13:26+00:00,2509954,Valencia,ES,2026-05-23T23:00,39.5,-0.39999962,Europe/Madrid,15.1,8.3,125.0,46.2,51.0,22
air_quality,2026-06-04T08:13:26+00:00,2509954,Valencia,ES,2026-05-24T00:00,39.5,-0.39999962,Europe/Madrid,16.2,8.7,129.0,49.5,44.0,24
air_quality,2026-06-04T08:13:26+00:00,2509954,Valencia,ES,2026-05-24T01:00,39.5,-0.39999962,Europe/Madrid,17.0,10.1,133.0,50.4,36.0,24
air_quality,2026-06-04T08:13:26+00:00,2509954,Valencia,ES,2026-05-24T02:00,39.5,-0.39999962,Europe/Madrid,18.1,11.5,137.0,55.6,33.0,26
air_quality,2026-06-04T08:13:26+00:00,2509954,Valencia,ES,2026-05-24T03:00,39.5,-0.39999962,Europe/Madrid,19.9,12.1,143.0,63.2,17.0,29
air_quality,2026-06-04T08:13:26+00:00,2509954,Valencia,ES,2026-05-24T04:00,39.5,-0.39999962,Europe/Madrid,21.8,14.4,150.0,66.8,25.0,31
air_quality,2026-06-04T08:13:26+00:00,2509954,Valencia,ES,2026-05-24T05:00,39.5,-0.39999962,Europe/Madrid,22.2,15.1,144.0,70.4,26.0,32
air_quality,2026-06-04T08:13:26+00:00,2509954,Valencia,ES,2026-05-24T06:00,39.5,-0.39999962,Europe/Madrid,21.6,14.2,138.0,54.3,22.0,26
air_quality,2026-06-04T08:13:26+00:00,2509954,Valencia,ES,2026-05-24T07:00,39.5,-0.39999962,Europe/Madrid,20.4,14.7,140.0,49.7,19.0,24
air_quality,2026-06-04T08:13:26+00:00,2509954,Valencia,ES,2026-05-24T08:00,39.5,-0.39999962,Europe/Madrid,19.7,13.6,147.0,41.3,31.0,21
air_quality,2026-06-04T08:13:26+00:00,2509954,Valencia,ES,2026-05-24T09:00,39.5,-0.39999962,Europe/Madrid,18.6,12.3,145.0,28.2,47.0,19
air_quality,2026-06-04T08:13:26+00:00,2509954,Valencia,ES,2026-05-24T10:00,39.5,-0.39999962,Europe/Madrid,17.5,10.9,144.0,20.5,61.0,24
air_quality,2026-06-04T08:13:26+00:00,2509954,Valencia,ES,2026-05-24T11:00,39.5,-0.39999962,Europe/Madrid,15.9,9.7,136.0,16.5,71.0,28
air_quality,2026-06-04T08:13:26+00:00,2509954,Valencia,ES,2026-05-24T12:00,39.5,-0.39999962,Europe/Madrid,12.3,7.8,128.0,12.4,85.0,34
air_quality,2026-06-04T08:13:26+00:00,2509954,Valencia,ES,2026-05-24T13:00,39.5,-0.39999962,Europe/Madrid,11.2,7.4,124.0,8.4,96.0,38
air_quality,2026-06-04T08:13:26+00:00,2509954,Valencia,ES,2026-05-24T14:00,39.5,-0.39999962,Europe/Madrid,9.9,7.1,118.0,6.1,103.0,42
air_quality,2026-06-04T08:13:26+00:00,2509954,Valencia,ES,2026-05-24T15:00,39.5,-0.39999962,Europe/Madrid,9.1,7.1,115.0,4.8,108.0,45
air_quality,2026-06-04T08:13:26+00:00,2509954,Valencia,ES,2026-05-24T16:00,39.5,-0.39999962,Europe/Madrid,9.2,7.2,113.0,4.7,111.0,47
air_quality,2026-06-04T08:13:26+00:00,2509954,Valencia,ES,2026-05-24T17:00,39.5,-0.39999962,Europe/Madrid,9.4,7.4,112.0,4.9,115.0,50
air_quality,2026-06-04T08:13:26+00:00,2509954,Valencia,ES,2026-05-24T18:00,39.5,-0.39999962,Europe/Madrid,10.0,7.4,113.0,6.1,109.0,46
air_quality,2026-06-04T08:13:26+00:00,2509954,Valencia,ES,2026-05-24T19:00,39.5,-0.39999962,Europe/Madrid,10.7,7.9,112.0,7.1,106.0,44
air_quality,2026-06-04T08:13:26+00:00,2509954,Valencia,ES,2026-05-24T20:00,39.5,-0.39999962,Europe/Madrid,11.3,8.0,110.0,10.7,101.0,41
air_quality,2026-06-04T08:13:26+00:00,2509954,Valencia,ES,2026-05-24T21:00,39.5,-0.39999962,Europe/Madrid,11.3,8.1,113.0,16.3,93.0,37
air_quality,2026-06-04T08:13:26+00:00,2509954,Valencia,ES,2026-05-24T22:00,39.5,-0.39999962,Europe/Madrid,12.0,8.8,121.0,21.8,80.0,32
air_quality,2026-06-04T08:13:26+00:00,2509954,Valencia,ES,2026-05-24T23:00,39.5,-0.39999962,Europe/Madrid,13.1,9.1,127.0,34.6,62.0,25
air_quality,2026-06-04T08:13:26+00:00,2509954,Valencia,ES,2026-05-25T00:00,39.5,-0.39999962,Europe/Madrid,14.6,9.2,128.0,42.0,57.0,23
air_quality,2026-06-04T08:13:26+00:00,2509954,Valencia,ES,2026-05-25T01:00,39.5,-0.39999962,Europe/Madrid,16.6,10.4,131.0,38.4,53.0,21
air_quality,2026-06-04T08:13:26+00:00,2509954,Valencia,ES,2026-05-25T02:00,39.5,-0.39999962,Europe/Madrid,18.6,10.7,135.0,34.9,46.0,20
air_quality,2026-06-04T08:13:26+00:00,2509954,Valencia,ES,2026-05-25T03:00,39.5,-0.39999962,Europe/Madrid,19.5,10.9,144.0,42.5,38.0,21
air_quality,2026-06-04T08:13:26+00:00,2509954,Valencia,ES,2026-05-25T04:00,39.5,-0.39999962,Europe/Madrid,20.4,11.2,142.0,41.6,37.0,21
air_quality,2026-06-04T08:13:26+00:00,2509954,Valencia,ES,2026-05-25T05:00,39.5,-0.39999962,Europe/Madrid,18.3,11.6,141.0,38.3,35.0,20
air_quality,2026-06-04T08:13:26+00:00,2509954,Valencia,ES,2026-05-25T06:00,39.5,-0.39999962,Europe/Madrid,15.4,12.0,143.0,36.9,37.0,19
air_quality,2026-06-04T08:13:26+00:00,2509954,Valencia,ES,2026-05-25T07:00,39.5,-0.39999962,Europe/Madrid,15.4,11.0,146.0,33.4,34.0,19
air_quality,2026-06-04T08:13:26+00:00,2509954,Valencia,ES,2026-05-25T08:00,39.5,-0.39999962,Europe/Madrid,14.6,10.4,152.0,33.6,27.0,19
air_quality,2026-06-04T08:13:26+00:00,2509954,Valencia,ES,2026-05-25T09:00,39.5,-0.39999962,Europe/Madrid,13.1,9.7,150.0,28.0,40.0,19
air_quality,2026-06-04T08:13:26+00:00,2509954,Valencia,ES,2026-05-25T10:00,39.5,-0.39999962,Europe/Madrid,12.7,9.0,141.0,20.6,57.0,23
air_quality,2026-06-04T08:13:26+00:00,2509954,Valencia,ES,2026-05-25T11:00,39.5,-0.39999962,Europe/Madrid,12.1,8.3,133.0,15.5,67.0,27
air_quality,2026-06-04T08:13:26+00:00,2509954,Valencia,ES,2026-05-25T12:00,39.5,-0.39999962,Europe/Madrid,11.4,8.0,124.0,10.5,83.0,33
air_quality,2026-06-04T08:13:26+00:00,2509954,Valencia,ES,2026-05-25T13:00,39.5,-0.39999962,Europe/Madrid,9.9,7.4,116.0,6.1,92.0,37
air_quality,2026-06-04T08:13:26+00:00,2509954,Valencia,ES,2026-05-25T14:00,39.5,-0.39999962,Europe/Madrid,8.7,5.8,114.0,5.5,107.0,45
air_quality,2026-06-04T08:13:26+00:00,2509954,Valencia,ES,2026-05-25T15:00,39.5,-0.39999962,Europe/Madrid,8.3,5.2,114.0,5.4,109.0,46
air_quality,2026-06-04T08:13:26+00:00,2509954,Valencia,ES,2026-05-25T16:00,39.5,-0.39999962,Europe/Madrid,8.7,5.5,112.0,5.4,108.0,45
air_quality,2026-06-04T08:13:26+00:00,2509954,Valencia,ES,2026-05-25T17:00,39.5,-0.39999962,Europe/Madrid,9.2,5.8,110.0,5.7,111.0,47
air_quality,2026-06-04T08:13:26+00:00,2509954,Valencia,ES,2026-05-25T18:00,39.5,-0.39999962,Europe/Madrid,9.8,6.3,110.0,6.3,109.0,46
air_quality,2026-06-04T08:13:26+00:00,2509954,Valencia,ES,2026-05-25T19:00,39.5,-0.39999962,Europe/Madrid,10.4,6.5,112.0,8.3,105.0,43
air_quality,2026-06-04T08:13:26+00:00,2509954,Valencia,ES,2026-05-25T20:00,39.5,-0.39999962,Europe/Madrid,10.5,7.0,113.0,11.5,99.0,40
air_quality,2026-06-04T08:13:26+00:00,2509954,Valencia,ES,2026-05-25T21:00,39.5,-0.39999962,Europe/Madrid,10.9,7.4,113.0,17.0,93.0,37
air_quality,2026-06-04T08:13:26+00:00,2509954,Valencia,ES,2026-05-25T22:00,39.5,-0.39999962,Europe/Madrid,11.4,7.6,115.0,20.5,87.0,35
air_quality,2026-06-04T08:13:26+00:00,2509954,Valencia,ES,2026-05-25T23:00,39.5,-0.39999962,Europe/Madrid,12.9,7.7,114.0,21.8,81.0,32
air_quality,2026-06-04T08:13:26+00:00,2509954,Valencia,ES,2026-05-26T00:00,39.5,-0.39999962,Europe/Madrid,14.1,8.6,114.0,22.7,73.0,29
air_quality,2026-06-04T08:13:26+00:00,2509954,Valencia,ES,2026-05-26T01:00,39.5,-0.39999962,Europe/Madrid,15.0,9.7,117.0,24.1,68.0,27
air_quality,2026-06-04T08:13:26+00:00,2509954,Valencia,ES,2026-05-26T02:00,39.5,-0.39999962,Europe/Madrid,16.7,10.1,128.0,24.9,58.0,23
air_quality,2026-06-04T08:13:26+00:00,2509954,Valencia,ES,2026-05-26T03:00,39.5,-0.39999962,Europe/Madrid,18.4,10.9,130.0,29.5,50.0,20
air_quality,2026-06-04T08:13:26+00:00,2509954,Valencia,ES,2026-05-26T04:00,39.5,-0.39999962,Europe/Madrid,20.5,12.6,134.0,29.2,43.0,17
air_quality,2026-06-04T08:13:26+00:00,2509954,Valencia,ES,2026-05-26T05:00,39.5,-0.39999962,Europe/Madrid,19.4,14.3,137.0,21.7,39.0,17
air_quality,2026-06-04T08:13:26+00:00,2509954,Valencia,ES,2026-05-26T06:00,39.5,-0.39999962,Europe/Madrid,20.0,16.4,137.0,23.3,34.0,17
air_quality,2026-06-04T08:13:26+00:00,2509954,Valencia,ES,2026-05-26T07:00,39.5,-0.39999962,Europe/Madrid,19.7,16.0,141.0,29.9,32.0,18
air_quality,2026-06-04T08:13:26+00:00,2509954,Valencia,ES,2026-05-26T08:00,39.5,-0.39999962,Europe/Madrid,18.9,14.2,151.0,33.4,37.0,18
air_quality,2026-06-04T08:13:26+00:00,2509954,Valencia,ES,2026-05-26T09:00,39.5,-0.39999962,Europe/Madrid,16.6,11.6,146.0,31.3,48.0,19
air_quality,2026-06-04T08:13:26+00:00,2509954,Valencia,ES,2026-05-26T10:00,39.5,-0.39999962,Europe/Madrid,15.3,10.5,148.0,24.7,56.0,22
air_quality,2026-06-04T08:13:26+00:00,2509954,Valencia,ES,2026-05-26T11:00,39.5,-0.39999962,Europe/Madrid,14.1,9.6,135.0,17.1,75.0,30
air_quality,2026-06-04T08:13:26+00:00,2509954,Valencia,ES,2026-05-26T12:00,39.5,-0.39999962,Europe/Madrid,14.5,9.5,133.0,12.0,92.0,37
air_quality,2026-06-04T08:13:26+00:00,2509954,Valencia,ES,2026-05-26T13:00,39.5,-0.39999962,Europe/Madrid,14.1,8.9,131.0,10.0,97.0,39
air_quality,2026-06-04T08:13:26+00:00,2509954,Valencia,ES,2026-05-26T14:00,39.5,-0.39999962,Europe/Madrid,13.2,9.0,127.0,8.6,109.0,46
air_quality,2026-06-04T08:13:26+00:00,2509954,Valencia,ES,2026-05-26T15:00,39.5,-0.39999962,Europe/Madrid,12.1,7.9,123.0,7.4,111.0,47
air_quality,2026-06-04T08:13:26+00:00,2509954,Valencia,ES,2026-05-26T16:00,39.5,-0.39999962,Europe/Madrid,11.5,7.3,123.0,7.2,110.0,47
air_quality,2026-06-04T08:13:26+00:00,2509954,Valencia,ES,2026-05-26T17:00,39.5,-0.39999962,Europe/Madrid,11.8,8.1,124.0,7.9,110.0,47
air_quality,2026-06-04T08:13:26+00:00,2509954,Valencia,ES,2026-05-26T18:00,39.5,-0.39999962,Europe/Madrid,12.2,9.1,124.0,7.6,111.0,47
air_quality,2026-06-04T08:13:26+00:00,2509954,Valencia,ES,2026-05-26T19:00,39.5,-0.39999962,Europe/Madrid,11.6,8.6,122.0,9.5,106.0,44
air_quality,2026-06-04T08:13:26+00:00,2509954,Valencia,ES,2026-05-26T20:00,39.5,-0.39999962,Europe/Madrid,12.4,8.7,122.0,12.4,101.0,41
air_quality,2026-06-04T08:13:26+00:00,2509954,Valencia,ES,2026-05-26T21:00,39.5,-0.39999962,Europe/Madrid,12.7,8.9,122.0,16.1,95.0,38
air_quality,2026-06-04T08:13:26+00:00,2509954,Valencia,ES,2026-05-26T22:00,39.5,-0.39999962,Europe/Madrid,12.6,9.2,125.0,24.8,86.0,34
air_quality,2026-06-04T08:13:26+00:00,2509954,Valencia,ES,2026-05-26T23:00,39.5,-0.39999962,Europe/Madrid,13.5,9.6,132.0,33.6,75.0,30
air_quality,2026-06-04T08:13:26+00:00,2509954,Valencia,ES,2026-05-27T00:00,39.5,-0.39999962,Europe/Madrid,15.4,9.9,137.0,40.1,65.0,26
air_quality,2026-06-04T08:13:26+00:00,2509954,Valencia,ES,2026-05-27T01:00,39.5,-0.39999962,Europe/Madrid,17.2,10.7,141.0,44.8,56.0,22
air_quality,2026-06-04T08:13:26+00:00,2509954,Valencia,ES,2026-05-27T02:00,39.5,-0.39999962,Europe/Madrid,18.1,11.1,147.0,41.4,51.0,21
air_quality,2026-06-04T08:13:26+00:00,2509954,Valencia,ES,2026-05-27T03:00,39.5,-0.39999962,Europe/Madrid,19.1,12.2,150.0,53.1,42.0,25
air_quality,2026-06-04T08:13:26+00:00,2509954,Valencia,ES,2026-05-27T04:00,39.5,-0.39999962,Europe/Madrid,20.0,12.7,142.0,48.0,43.0,23
air_quality,2026-06-04T08:13:26+00:00,2509954,Valencia,ES,2026-05-27T05:00,39.5,-0.39999962,Europe/Madrid,19.6,12.5,145.0,38.6,41.0,21
air_quality,2026-06-04T08:13:26+00:00,2509954,Valencia,ES,2026-05-27T06:00,39.5,-0.39999962,Europe/Madrid,17.6,11.6,147.0,35.7,35.0,21
air_quality,2026-06-04T08:13:26+00:00,2509954,Valencia,ES,2026-05-27T07:00,39.5,-0.39999962,Europe/Madrid,17.0,11.8,145.0,36.3,25.0,21
air_quality,2026-06-04T08:13:26+00:00,2509954,Valencia,ES,2026-05-27T08:00,39.5,-0.39999962,Europe/Madrid,16.1,11.7,156.0,34.7,26.0,20
air_quality,2026-06-04T08:13:26+00:00,2509954,Valencia,ES,2026-05-27T09:00,39.5,-0.39999962,Europe/Madrid,16.3,10.6,153.0,30.8,40.0,20
air_quality,2026-06-04T08:13:26+00:00,2509954,Valencia,ES,2026-05-27T10:00,39.5,-0.39999962,Europe/Madrid,15.5,9.9,155.0,28.5,52.0,21
air_quality,2026-06-04T08:13:26+00:00,2509954,Valencia,ES,2026-05-27T11:00,39.5,-0.39999962,Europe/Madrid,14.2,9.0,147.0,19.7,63.0,25
air_quality,2026-06-04T08:13:26+00:00,2509954,Valencia,ES,2026-05-27T12:00,39.5,-0.39999962,Europe/Madrid,13.8,9.0,135.0,12.8,84.0,34
air_quality,2026-06-04T08:13:26+00:00,2509954,Valencia,ES,2026-05-27T13:00,39.5,-0.39999962,Europe/Madrid,12.7,8.7,132.0,10.2,89.0,36
air_quality,2026-06-04T08:13:26+00:00,2509954,Valencia,ES,2026-05-27T14:00,39.5,-0.39999962,Europe/Madrid,12.5,8.2,127.0,7.6,100.0,40
air_quality,2026-06-04T08:13:26+00:00,2509954,Valencia,ES,2026-05-27T15:00,39.5,-0.39999962,Europe/Madrid,11.8,7.4,122.0,6.2,103.0,42
air_quality,2026-06-04T08:13:26+00:00,2509954,Valencia,ES,2026-05-27T16:00,39.5,-0.39999962,Europe/Madrid,12.5,7.2,122.0,6.0,106.0,44
air_quality,2026-06-04T08:13:26+00:00,2509954,Valencia,ES,2026-05-27T17:00,39.5,-0.39999962,Europe/Madrid,12.9,7.3,122.0,5.3,107.0,45
air_quality,2026-06-04T08:13:26+00:00,2509954,Valencia,ES,2026-05-27T18:00,39.5,-0.39999962,Europe/Madrid,13.0,7.3,123.0,6.3,106.0,44
air_quality,2026-06-04T08:13:26+00:00,2509954,Valencia,ES,2026-05-27T19:00,39.5,-0.39999962,Europe/Madrid,13.1,7.3,124.0,8.8,105.0,43
air_quality,2026-06-04T08:13:26+00:00,2509954,Valencia,ES,2026-05-27T20:00,39.5,-0.39999962,Europe/Madrid,12.8,7.3,124.0,10.2,99.0,40
air_quality,2026-06-04T08:13:26+00:00,2509954,Valencia,ES,2026-05-27T21:00,39.5,-0.39999962,Europe/Madrid,13.3,7.6,125.0,18.6,90.0,36
air_quality,2026-06-04T08:13:26+00:00,2509954,Valencia,ES,2026-05-27T22:00,39.5,-0.39999962,Europe/Madrid,13.6,8.0,126.0,19.4,88.0,35
air_quality,2026-06-04T08:13:26+00:00,2509954,Valencia,ES,2026-05-27T23:00,39.5,-0.39999962,Europe/Madrid,13.9,8.5,127.0,21.8,78.0,31
air_quality,2026-06-04T08:13:26+00:00,2509954,Valencia,ES,2026-05-28T00:00,39.5,-0.39999962,Europe/Madrid,14.1,8.7,129.0,26.9,70.0,28
air_quality,2026-06-04T08:13:26+00:00,2509954,Valencia,ES,2026-05-28T01:00,39.5,-0.39999962,Europe/Madrid,14.4,9.0,133.0,29.5,64.0,26
air_quality,2026-06-04T08:13:26+00:00,2509954,Valencia,ES,2026-05-28T02:00,39.5,-0.39999962,Europe/Madrid,15.8,9.0,136.0,29.6,57.0,23
air_quality,2026-06-04T08:13:26+00:00,2509954,Valencia,ES,2026-05-28T03:00,39.5,-0.39999962,Europe/Madrid,15.2,9.0,136.0,31.3,50.0,20
air_quality,2026-06-04T08:13:26+00:00,2509954,Valencia,ES,2026-05-28T04:00,39.5,-0.39999962,Europe/Madrid,14.9,8.9,135.0,28.0,43.0,18
air_quality,2026-06-04T08:13:26+00:00,2509954,Valencia,ES,2026-05-28T05:00,39.5,-0.39999962,Europe/Madrid,15.1,9.0,134.0,26.1,36.0,18
air_quality,2026-06-04T08:13:26+00:00,2509954,Valencia,ES,2026-05-28T06:00,39.5,-0.39999962,Europe/Madrid,14.9,9.5,135.0,28.3,34.0,18
air_quality,2026-06-04T08:13:26+00:00,2509954,Valencia,ES,2026-05-28T07:00,39.5,-0.39999962,Europe/Madrid,15.4,9.7,140.0,28.0,31.0,17
air_quality,2026-06-04T08:13:26+00:00,2509954,Valencia,ES,2026-05-28T08:00,39.5,-0.39999962,Europe/Madrid,16.2,10.4,153.0,35.0,26.0,18
air_quality,2026-06-04T08:13:26+00:00,2509954,Valencia,ES,2026-05-28T09:00,39.5,-0.39999962,Europe/Madrid,17.0,10.8,157.0,30.5,42.0,17
air_quality,2026-06-04T08:13:26+00:00,2509954,Valencia,ES,2026-05-28T10:00,39.5,-0.39999962,Europe/Madrid,16.9,10.4,159.0,34.3,56.0,22
air_quality,2026-06-04T08:13:26+00:00,2509954,Valencia,ES,2026-05-28T11:00,39.5,-0.39999962,Europe/Madrid,16.1,9.6,151.0,28.6,65.0,26
air_quality,2026-06-04T08:13:26+00:00,2509954,Valencia,ES,2026-05-28T12:00,39.5,-0.39999962,Europe/Madrid,15.5,9.6,142.0,19.3,80.0,32
air_quality,2026-06-04T08:13:26+00:00,2509954,Valencia,ES,2026-05-28T13:00,39.5,-0.39999962,Europe/Madrid,15.6,9.3,135.0,14.6,91.0,36
air_quality,2026-06-04T08:13:26+00:00,2509954,Valencia,ES,2026-05-28T14:00,39.5,-0.39999962,Europe/Madrid,14.8,9.0,128.0,10.8,105.0,43
air_quality,2026-06-04T08:13:26+00:00,2509954,Valencia,ES,2026-05-28T15:00,39.5,-0.39999962,Europe/Madrid,14.7,8.8,126.0,6.7,112.0,48
air_quality,2026-06-04T08:13:26+00:00,2509954,Valencia,ES,2026-05-28T16:00,39.5,-0.39999962,Europe/Madrid,13.8,8.5,120.0,5.7,113.0,49
air_quality,2026-06-04T08:13:26+00:00,2509954,Valencia,ES,2026-05-28T17:00,39.5,-0.39999962,Europe/Madrid,12.2,7.9,116.0,5.8,107.0,45
air_quality,2026-06-04T08:13:26+00:00,2509954,Valencia,ES,2026-05-28T18:00,39.5,-0.39999962,Europe/Madrid,11.8,7.7,116.0,7.2,103.0,42
air_quality,2026-06-04T08:13:26+00:00,2509954,Valencia,ES,2026-05-28T19:00,39.5,-0.39999962,Europe/Madrid,11.6,6.7,118.0,9.9,96.0,38
air_quality,2026-06-04T08:13:26+00:00,2509954,Valencia,ES,2026-05-28T20:00,39.5,-0.39999962,Europe/Madrid,12.0,6.6,118.0,14.3,87.0,35
air_quality,2026-06-04T08:13:26+00:00,2509954,Valencia,ES,2026-05-28T21:00,39.5,-0.39999962,Europe/Madrid,12.6,7.3,126.0,22.3,76.0,30
air_quality,2026-06-04T08:13:26+00:00,2509954,Valencia,ES,2026-05-28T22:00,39.5,-0.39999962,Europe/Madrid,13.3,7.8,132.0,31.2,65.0,26
air_quality,2026-06-04T08:13:26+00:00,2509954,Valencia,ES,2026-05-28T23:00,39.5,-0.39999962,Europe/Madrid,13.9,8.5,137.0,46.5,52.0,23
air_quality,2026-06-04T08:13:26+00:00,2509954,Valencia,ES,2026-05-29T00:00,39.5,-0.39999962,Europe/Madrid,15.0,9.0,140.0,53.7,45.0,25
air_quality,2026-06-04T08:13:26+00:00,2509954,Valencia,ES,2026-05-29T01:00,39.5,-0.39999962,Europe/Madrid,16.8,10.2,145.0,57.4,36.0,27
air_quality,2026-06-04T08:13:26+00:00,2509954,Valencia,ES,2026-05-29T02:00,39.5,-0.39999962,Europe/Madrid,16.6,10.6,151.0,46.7,40.0,23
air_quality,2026-06-04T08:13:26+00:00,2509954,Valencia,ES,2026-05-29T03:00,39.5,-0.39999962,Europe/Madrid,16.9,10.1,142.0,38.6,43.0,19
air_quality,2026-06-04T08:13:26+00:00,2509954,Valencia,ES,2026-05-29T04:00,39.5,-0.39999962,Europe/Madrid,15.3,9.6,139.0,28.8,31.0,18
air_quality,2026-06-04T08:13:26+00:00,2509954,Valencia,ES,2026-05-29T05:00,39.5,-0.39999962,Europe/Madrid,13.4,9.1,136.0,27.4,29.0,18
air_quality,2026-06-04T08:13:26+00:00,2509954,Valencia,ES,2026-05-29T06:00,39.5,-0.39999962,Europe/Madrid,13.5,8.9,137.0,28.7,26.0,18
air_quality,2026-06-04T08:13:26+00:00,2509954,Valencia,ES,2026-05-29T07:00,39.5,-0.39999962,Europe/Madrid,15.4,9.6,141.0,25.5,23.0,18
air_quality,2026-06-04T08:13:26+00:00,2509954,Valencia,ES,2026-05-29T08:00,39.5,-0.39999962,Europe/Madrid,16.4,11.7,152.0,29.7,27.0,18
air_quality,2026-06-04T08:13:26+00:00,2509954,Valencia,ES,2026-05-29T09:00,39.5,-0.39999962,Europe/Madrid,14.1,11.7,162.0,26.9,32.0,18
air_quality,2026-06-04T08:13:26+00:00,2509954,Valencia,ES,2026-05-29T10:00,39.5,-0.39999962,Europe/Madrid,16.5,10.5,161.0,25.0,44.0,18
air_quality,2026-06-04T08:13:26+00:00,2509954,Valencia,ES,2026-05-29T11:00,39.5,-0.39999962,Europe/Madrid,15.4,8.5,151.0,21.2,62.0,25
air_quality,2026-06-04T08:13:26+00:00,2509954,Valencia,ES,2026-05-29T12:00,39.5,-0.39999962,Europe/Madrid,14.4,8.1,142.0,11.6,89.0,36
air_quality,2026-06-04T08:13:26+00:00,2509954,Valencia,ES,2026-05-29T13:00,39.5,-0.39999962,Europe/Madrid,14.2,8.8,137.0,8.6,95.0,38
air_quality,2026-06-04T08:13:26+00:00,2509954,Valencia,ES,2026-05-29T14:00,39.5,-0.39999962,Europe/Madrid,12.6,8.9,129.0,6.4,111.0,47
air_quality,2026-06-04T08:13:26+00:00,2509954,Valencia,ES,2026-05-29T15:00,39.5,-0.39999962,Europe/Madrid,12.0,8.5,126.0,5.7,118.0,52
air_quality,2026-06-04T08:13:26+00:00,2509954,Valencia,ES,2026-05-29T16:00,39.5,-0.39999962,Europe/Madrid,12.6,8.3,126.0,5.5,119.0,53
air_quality,2026-06-04T08:13:26+00:00,2509954,Valencia,ES,2026-05-29T17:00,39.5,-0.39999962,Europe/Madrid,13.3,8.3,123.0,5.2,117.0,51
air_quality,2026-06-04T08:13:26+00:00,2509954,Valencia,ES,2026-05-29T18:00,39.5,-0.39999962,Europe/Madrid,13.9,8.6,124.0,4.9,113.0,49
air_quality,2026-06-04T08:13:26+00:00,2509954,Valencia,ES,2026-05-29T19:00,39.5,-0.39999962,Europe/Madrid,15.5,9.1,126.0,6.3,108.0,45
air_quality,2026-06-04T08:13:26+00:00,2509954,Valencia,ES,2026-05-29T20:00,39.5,-0.39999962,Europe/Madrid,16.6,9.0,127.0,9.2,102.0,41
air_quality,2026-06-04T08:13:26+00:00,2509954,Valencia,ES,2026-05-29T21:00,39.5,-0.39999962,Europe/Madrid,17.4,9.2,127.0,14.6,93.0,37
air_quality,2026-06-04T08:13:26+00:00,2509954,Valencia,ES,2026-05-29T22:00,39.5,-0.39999962,Europe/Madrid,18.4,9.4,126.0,19.5,83.0,33
air_quality,2026-06-04T08:13:26+00:00,2509954,Valencia,ES,2026-05-29T23:00,39.5,-0.39999962,Europe/Madrid,19.0,9.9,129.0,24.7,75.0,30
air_quality,2026-06-04T08:13:26+00:00,2509954,Valencia,ES,2026-05-30T00:00,39.5,-0.39999962,Europe/Madrid,19.4,10.1,133.0,25.3,64.0,26
air_quality,2026-06-04T08:13:26+00:00,2509954,Valencia,ES,2026-05-30T01:00,39.5,-0.39999962,Europe/Madrid,20.5,10.2,131.0,25.2,57.0,23
air_quality,2026-06-04T08:13:26+00:00,2509954,Valencia,ES,2026-05-30T02:00,39.5,-0.39999962,Europe/Madrid,18.7,10.6,135.0,22.8,63.0,25
air_quality,2026-06-04T08:13:26+00:00,2509954,Valencia,ES,2026-05-30T03:00,39.5,-0.39999962,Europe/Madrid,18.5,9.7,128.0,15.7,68.0,27
air_quality,2026-06-04T08:13:26+00:00,2509954,Valencia,ES,2026-05-30T04:00,39.5,-0.39999962,Europe/Madrid,18.9,9.6,134.0,14.4,63.0,25
air_quality,2026-06-04T08:13:26+00:00,2509954,Valencia,ES,2026-05-30T05:00,39.5,-0.39999962,Europe/Madrid,18.7,9.7,129.0,14.0,63.0,25
air_quality,2026-06-04T08:13:26+00:00,2509954,Valencia,ES,2026-05-30T06:00,39.5,-0.39999962,Europe/Madrid,18.6,10.0,132.0,14.8,56.0,22
air_quality,2026-06-04T08:13:26+00:00,2509954,Valencia,ES,2026-05-30T07:00,39.5,-0.39999962,Europe/Madrid,19.1,10.2,135.0,18.7,56.0,22
air_quality,2026-06-04T08:13:26+00:00,2509954,Valencia,ES,2026-05-30T08:00,39.5,-0.39999962,Europe/Madrid,20.5,10.3,143.0,18.4,51.0,20
air_quality,2026-06-04T08:13:26+00:00,2509954,Valencia,ES,2026-05-30T09:00,39.5,-0.39999962,Europe/Madrid,18.7,10.3,144.0,16.4,61.0,24
air_quality,2026-06-04T08:13:26+00:00,2509954,Valencia,ES,2026-05-30T10:00,39.5,-0.39999962,Europe/Madrid,18.0,9.8,137.0,13.2,68.0,27
air_quality,2026-06-04T08:13:26+00:00,2509954,Valencia,ES,2026-05-30T11:00,39.5,-0.39999962,Europe/Madrid,17.7,10.2,129.0,9.7,88.0,35
air_quality,2026-06-04T08:13:26+00:00,2509954,Valencia,ES,2026-05-30T12:00,39.5,-0.39999962,Europe/Madrid,15.3,11.9,122.0,6.5,93.0,37
air_quality,2026-06-04T08:13:26+00:00,2509954,Valencia,ES,2026-05-30T13:00,39.5,-0.39999962,Europe/Madrid,15.0,10.8,121.0,5.1,101.0,41
air_quality,2026-06-04T08:13:26+00:00,2509954,Valencia,ES,2026-05-30T14:00,39.5,-0.39999962,Europe/Madrid,14.4,9.9,120.0,5.0,104.0,43
air_quality,2026-06-04T08:13:26+00:00,2509954,Valencia,ES,2026-05-30T15:00,39.5,-0.39999962,Europe/Madrid,14.3,9.3,118.0,4.2,108.0,45
air_quality,2026-06-04T08:13:26+00:00,2509954,Valencia,ES,2026-05-30T16:00,39.5,-0.39999962,Europe/Madrid,16.0,9.6,117.0,4.4,109.0,46
air_quality,2026-06-04T08:13:26+00:00,2509954,Valencia,ES,2026-05-30T17:00,39.5,-0.39999962,Europe/Madrid,16.7,9.9,115.0,4.8,113.0,49
air_quality,2026-06-04T08:13:26+00:00,2509954,Valencia,ES,2026-05-30T18:00,39.5,-0.39999962,Europe/Madrid,18.1,10.1,116.0,5.4,113.0,49
air_quality,2026-06-04T08:13:26+00:00,2509954,Valencia,ES,2026-05-30T19:00,39.5,-0.39999962,Europe/Madrid,18.7,10.5,117.0,6.6,112.0,48
air_quality,2026-06-04T08:13:26+00:00,2509954,Valencia,ES,2026-05-30T20:00,39.5,-0.39999962,Europe/Madrid,17.8,10.7,119.0,8.4,107.0,45
air_quality,2026-06-04T08:13:26+00:00,2509954,Valencia,ES,2026-05-30T21:00,39.5,-0.39999962,Europe/Madrid,21.4,10.8,121.0,9.9,101.0,41
air_quality,2026-06-04T08:13:26+00:00,2509954,Valencia,ES,2026-05-30T22:00,39.5,-0.39999962,Europe/Madrid,21.0,10.9,124.0,13.5,96.0,38
air_quality,2026-06-04T08:13:26+00:00,2509954,Valencia,ES,2026-05-30T23:00,39.5,-0.39999962,Europe/Madrid,20.8,11.0,124.0,13.1,94.0,38
air_quality,2026-06-04T08:13:26+00:00,2509954,Valencia,ES,2026-05-31T00:00,39.5,-0.39999962,Europe/Madrid,20.2,11.1,125.0,13.6,93.0,37
air_quality,2026-06-04T08:13:26+00:00,2509954,Valencia,ES,2026-05-31T01:00,39.5,-0.39999962,Europe/Madrid,20.4,11.7,126.0,17.7,82.0,33
air_quality,2026-06-04T08:13:26+00:00,2509954,Valencia,ES,2026-05-31T02:00,39.5,-0.39999962,Europe/Madrid,20.5,12.2,128.0,20.3,77.0,31
air_quality,2026-06-04T08:13:26+00:00,2509954,Valencia,ES,2026-05-31T03:00,39.5,-0.39999962,Europe/Madrid,23.0,12.2,129.0,24.7,71.0,28
air_quality,2026-06-04T08:13:26+00:00,2509954,Valencia,ES,2026-05-31T04:00,39.5,-0.39999962,Europe/Madrid,23.2,12.4,134.0,27.5,66.0,26
air_quality,2026-06-04T08:13:26+00:00,2509954,Valencia,ES,2026-05-31T05:00,39.5,-0.39999962,Europe/Madrid,24.4,13.5,138.0,33.8,55.0,22
air_quality,2026-06-04T08:13:26+00:00,2509954,Valencia,ES,2026-05-31T06:00,39.5,-0.39999962,Europe/Madrid,26.2,15.2,141.0,41.3,39.0,22
air_quality,2026-06-04T08:13:26+00:00,2509954,Valencia,ES,2026-05-31T07:00,39.5,-0.39999962,Europe/Madrid,27.3,16.6,145.0,43.1,28.0,22
air_quality,2026-06-04T08:13:26+00:00,2509954,Valencia,ES,2026-05-31T08:00,39.5,-0.39999962,Europe/Madrid,27.1,16.9,150.0,30.5,45.0,23
air_quality,2026-06-04T08:13:26+00:00,2509954,Valencia,ES,2026-05-31T09:00,39.5,-0.39999962,Europe/Madrid,26.6,16.0,147.0,22.4,64.0,26
air_quality,2026-06-04T08:13:26+00:00,2509954,Valencia,ES,2026-05-31T10:00,39.5,-0.39999962,Europe/Madrid,21.5,12.8,134.0,16.7,69.0,28
air_quality,2026-06-04T08:13:26+00:00,2509954,Valencia,ES,2026-05-31T11:00,39.5,-0.39999962,Europe/Madrid,18.3,12.7,130.0,11.0,80.0,32
air_quality,2026-06-04T08:13:26+00:00,2509954,Valencia,ES,2026-05-31T12:00,39.5,-0.39999962,Europe/Madrid,16.9,12.9,126.0,7.8,96.0,38
air_quality,2026-06-04T08:13:26+00:00,2509954,Valencia,ES,2026-05-31T13:00,39.5,-0.39999962,Europe/Madrid,16.8,12.5,122.0,6.7,110.0,47
air_quality,2026-06-04T08:13:26+00:00,2509954,Valencia,ES,2026-05-31T14:00,39.5,-0.39999962,Europe/Madrid,16.7,10.9,123.0,5.5,112.0,48
air_quality,2026-06-04T08:13:26+00:00,2509954,Valencia,ES,2026-05-31T15:00,39.5,-0.39999962,Europe/Madrid,17.4,10.2,122.0,5.7,112.0,48
air_quality,2026-06-04T08:13:26+00:00,2509954,Valencia,ES,2026-05-31T16:00,39.5,-0.39999962,Europe/Madrid,16.7,10.2,120.0,5.1,114.0,49
air_quality,2026-06-04T08:13:26+00:00,2509954,Valencia,ES,2026-05-31T17:00,39.5,-0.39999962,Europe/Madrid,16.4,10.5,119.0,6.2,114.0,49
air_quality,2026-06-04T08:13:26+00:00,2509954,Valencia,ES,2026-05-31T18:00,39.5,-0.39999962,Europe/Madrid,16.8,10.9,120.0,8.3,117.0,51
air_quality,2026-06-04T08:13:26+00:00,2509954,Valencia,ES,2026-05-31T19:00,39.5,-0.39999962,Europe/Madrid,17.0,10.7,120.0,9.2,111.0,47
air_quality,2026-06-04T08:13:26+00:00,2509954,Valencia,ES,2026-05-31T20:00,39.5,-0.39999962,Europe/Madrid,17.6,10.7,122.0,12.1,102.0,41
air_quality,2026-06-04T08:13:26+00:00,2509954,Valencia,ES,2026-05-31T21:00,39.5,-0.39999962,Europe/Madrid,18.8,10.4,124.0,15.8,92.0,37
air_quality,2026-06-04T08:13:26+00:00,2509954,Valencia,ES,2026-05-31T22:00,39.5,-0.39999962,Europe/Madrid,18.9,10.5,127.0,22.9,88.0,35
air_quality,2026-06-04T08:13:26+00:00,2509954,Valencia,ES,2026-05-31T23:00,39.5,-0.39999962,Europe/Madrid,19.3,10.8,127.0,31.6,74.0,30
air_quality,2026-06-04T08:13:26+00:00,2509954,Valencia,ES,2026-06-01T00:00,39.5,-0.39999962,Europe/Madrid,19.4,11.1,127.0,34.7,59.0,25
air_quality,2026-06-04T08:13:26+00:00,2509954,Valencia,ES,2026-06-01T01:00,39.5,-0.39999962,Europe/Madrid,19.8,11.6,130.0,33.0,59.0,25
air_quality,2026-06-04T08:13:26+00:00,2509954,Valencia,ES,2026-06-01T02:00,39.5,-0.39999962,Europe/Madrid,19.5,11.7,131.0,27.1,64.0,26
air_quality,2026-06-04T08:13:26+00:00,2509954,Valencia,ES,2026-06-01T03:00,39.5,-0.39999962,Europe/Madrid,20.5,11.8,133.0,31.2,57.0,24
air_quality,2026-06-04T08:13:26+00:00,2509954,Valencia,ES,2026-06-01T04:00,39.5,-0.39999962,Europe/Madrid,21.2,11.8,131.0,29.2,56.0,24
air_quality,2026-06-04T08:13:26+00:00,2509954,Valencia,ES,2026-06-01T05:00,39.5,-0.39999962,Europe/Madrid,21.3,11.8,129.0,25.0,60.0,24
air_quality,2026-06-04T08:13:26+00:00,2509954,Valencia,ES,2026-06-01T06:00,39.5,-0.39999962,Europe/Madrid,20.2,11.7,130.0,21.0,63.0,25
air_quality,2026-06-04T08:13:26+00:00,2509954,Valencia,ES,2026-06-01T07:00,39.5,-0.39999962,Europe/Madrid,19.0,10.6,129.0,19.8,66.0,26
air_quality,2026-06-04T08:13:26+00:00,2509954,Valencia,ES,2026-06-01T08:00,39.5,-0.39999962,Europe/Madrid,19.5,10.6,133.0,23.1,67.0,27
air_quality,2026-06-04T08:13:26+00:00,2509954,Valencia,ES,2026-06-01T09:00,39.5,-0.39999962,Europe/Madrid,17.7,10.7,131.0,16.2,73.0,29
air_quality,2026-06-04T08:13:26+00:00,2509954,Valencia,ES,2026-06-01T10:00,39.5,-0.39999962,Europe/Madrid,17.0,10.6,127.0,11.0,90.0,36
air_quality,2026-06-04T08:13:26+00:00,2509954,Valencia,ES,2026-06-01T11:00,39.5,-0.39999962,Europe/Madrid,16.2,10.7,122.0,6.8,97.0,39
air_quality,2026-06-04T08:13:26+00:00,2509954,Valencia,ES,2026-06-01T12:00,39.5,-0.39999962,Europe/Madrid,15.8,10.8,122.0,4.1,102.0,41
air_quality,2026-06-04T08:13:26+00:00,2509954,Valencia,ES,2026-06-01T13:00,39.5,-0.39999962,Europe/Madrid,16.7,10.6,121.0,4.3,107.0,45
air_quality,2026-06-04T08:13:26+00:00,2509954,Valencia,ES,2026-06-01T14:00,39.5,-0.39999962,Europe/Madrid,18.6,10.6,121.0,4.8,107.0,45
air_quality,2026-06-04T08:13:26+00:00,2509954,Valencia,ES,2026-06-01T15:00,39.5,-0.39999962,Europe/Madrid,20.2,11.3,121.0,5.3,112.0,48
air_quality,2026-06-04T08:13:26+00:00,2509954,Valencia,ES,2026-06-01T16:00,39.5,-0.39999962,Europe/Madrid,20.4,12.0,122.0,5.6,115.0,50
air_quality,2026-06-04T08:13:26+00:00,2509954,Valencia,ES,2026-06-01T17:00,39.5,-0.39999962,Europe/Madrid,20.3,12.6,123.0,6.5,115.0,50
air_quality,2026-06-04T08:13:26+00:00,2509954,Valencia,ES,2026-06-01T18:00,39.5,-0.39999962,Europe/Madrid,21.2,13.1,126.0,7.0,118.0,52
air_quality,2026-06-04T08:13:26+00:00,2509954,Valencia,ES,2026-06-01T19:00,39.5,-0.39999962,Europe/Madrid,21.6,12.1,125.0,7.3,111.0,47
air_quality,2026-06-04T08:13:26+00:00,2509954,Valencia,ES,2026-06-01T20:00,39.5,-0.39999962,Europe/Madrid,20.7,11.2,123.0,9.4,106.0,44
air_quality,2026-06-04T08:13:26+00:00,2509954,Valencia,ES,2026-06-01T21:00,39.5,-0.39999962,Europe/Madrid,19.6,10.9,123.0,10.2,101.0,41
air_quality,2026-06-04T08:13:26+00:00,2509954,Valencia,ES,2026-06-01T22:00,39.5,-0.39999962,Europe/Madrid,19.5,10.8,122.0,10.3,99.0,40
air_quality,2026-06-04T08:13:26+00:00,2509954,Valencia,ES,2026-06-01T23:00,39.5,-0.39999962,Europe/Madrid,19.9,11.0,124.0,10.3,95.0,38
air_quality,2026-06-04T08:13:26+00:00,2509954,Valencia,ES,2026-06-02T00:00,39.5,-0.39999962,Europe/Madrid,20.2,11.1,127.0,10.9,91.0,36
air_quality,2026-06-04T08:13:26+00:00,2509954,Valencia,ES,2026-06-02T01:00,39.5,-0.39999962,Europe/Madrid,20.2,11.2,131.0,16.6,78.0,31
air_quality,2026-06-04T08:13:26+00:00,2509954,Valencia,ES,2026-06-02T02:00,39.5,-0.39999962,Europe/Madrid,19.9,11.6,136.0,21.6,68.0,27
air_quality,2026-06-04T08:13:26+00:00,2509954,Valencia,ES,2026-06-02T03:00,39.5,-0.39999962,Europe/Madrid,21.5,12.2,138.0,25.4,60.0,24
air_quality,2026-06-04T08:13:26+00:00,2509954,Valencia,ES,2026-06-02T04:00,39.5,-0.39999962,Europe/Madrid,23.1,12.6,141.0,31.4,54.0,23
air_quality,2026-06-04T08:13:26+00:00,2509954,Valencia,ES,2026-06-02T05:00,39.5,-0.39999962,Europe/Madrid,25.1,14.0,146.0,40.9,46.0,23
air_quality,2026-06-04T08:13:26+00:00,2509954,Valencia,ES,2026-06-02T06:00,39.5,-0.39999962,Europe/Madrid,27.0,14.4,153.0,46.4,39.0,23
air_quality,2026-06-04T08:13:26+00:00,2509954,Valencia,ES,2026-06-02T07:00,39.5,-0.39999962,Europe/Madrid,27.5,14.9,162.0,34.0,33.0,23
air_quality,2026-06-04T08:13:26+00:00,2509954,Valencia,ES,2026-06-02T08:00,39.5,-0.39999962,Europe/Madrid,29.9,15.4,171.0,45.4,33.0,23
air_quality,2026-06-04T08:13:26+00:00,2509954,Valencia,ES,2026-06-02T09:00,39.5,-0.39999962,Europe/Madrid,28.4,15.9,178.0,45.5,48.0,24
air_quality,2026-06-04T08:13:26+00:00,2509954,Valencia,ES,2026-06-02T10:00,39.5,-0.39999962,Europe/Madrid,25.5,15.2,167.0,26.2,64.0,26
air_quality,2026-06-04T08:13:26+00:00,2509954,Valencia,ES,2026-06-02T11:00,39.5,-0.39999962,Europe/Madrid,20.5,13.3,143.0,18.4,82.0,33
air_quality,2026-06-04T08:13:26+00:00,2509954,Valencia,ES,2026-06-02T12:00,39.5,-0.39999962,Europe/Madrid,19.3,12.9,134.0,11.2,87.0,35
air_quality,2026-06-04T08:13:26+00:00,2509954,Valencia,ES,2026-06-02T13:00,39.5,-0.39999962,Europe/Madrid,19.0,12.1,126.0,6.3,102.0,41
air_quality,2026-06-04T08:13:26+00:00,2509954,Valencia,ES,2026-06-02T14:00,39.5,-0.39999962,Europe/Madrid,18.4,11.0,123.0,4.4,106.0,44
air_quality,2026-06-04T08:13:26+00:00,2509954,Valencia,ES,2026-06-02T15:00,39.5,-0.39999962,Europe/Madrid,18.6,11.2,119.0,4.4,110.0,47
air_quality,2026-06-04T08:13:26+00:00,2509954,Valencia,ES,2026-06-02T16:00,39.5,-0.39999962,Europe/Madrid,18.5,11.2,120.0,5.6,107.0,45
air_quality,2026-06-04T08:13:26+00:00,2509954,Valencia,ES,2026-06-02T17:00,39.5,-0.39999962,Europe/Madrid,19.1,11.3,121.0,6.6,104.0,43
air_quality,2026-06-04T08:13:26+00:00,2509954,Valencia,ES,2026-06-02T18:00,39.5,-0.39999962,Europe/Madrid,19.8,11.4,123.0,8.5,104.0,43
air_quality,2026-06-04T08:13:26+00:00,2509954,Valencia,ES,2026-06-02T19:00,39.5,-0.39999962,Europe/Madrid,19.2,11.5,124.0,11.7,101.0,41
air_quality,2026-06-04T08:13:26+00:00,2509954,Valencia,ES,2026-06-02T20:00,39.5,-0.39999962,Europe/Madrid,19.9,11.7,126.0,15.0,99.0,40
air_quality,2026-06-04T08:13:26+00:00,2509954,Valencia,ES,2026-06-02T21:00,39.5,-0.39999962,Europe/Madrid,21.2,12.0,129.0,16.7,94.0,38
air_quality,2026-06-04T08:13:26+00:00,2509954,Valencia,ES,2026-06-02T22:00,39.5,-0.39999962,Europe/Madrid,21.0,12.3,128.0,23.0,83.0,33
air_quality,2026-06-04T08:13:26+00:00,2509954,Valencia,ES,2026-06-02T23:00,39.5,-0.39999962,Europe/Madrid,20.4,12.2,129.0,27.8,78.0,31
air_quality,2026-06-04T08:13:26+00:00,2509954,Valencia,ES,2026-06-03T00:00,39.5,-0.39999962,Europe/Madrid,18.7,11.2,125.0,21.7,73.0,29
air_quality,2026-06-04T08:13:26+00:00,2509954,Valencia,ES,2026-06-03T01:00,39.5,-0.39999962,Europe/Madrid,16.1,9.8,120.0,15.6,81.0,32
air_quality,2026-06-04T08:13:26+00:00,2509954,Valencia,ES,2026-06-03T02:00,39.5,-0.39999962,Europe/Madrid,17.2,8.5,116.0,6.4,84.0,34
air_quality,2026-06-04T08:13:26+00:00,2509954,Valencia,ES,2026-06-03T03:00,39.5,-0.39999962,Europe/Madrid,16.0,8.2,111.0,5.3,86.0,34
air_quality,2026-06-04T08:13:26+00:00,2509954,Valencia,ES,2026-06-03T04:00,39.5,-0.39999962,Europe/Madrid,13.8,6.4,112.0,5.4,77.0,31
air_quality,2026-06-04T08:13:26+00:00,2509954,Valencia,ES,2026-06-03T05:00,39.5,-0.39999962,Europe/Madrid,12.5,5.4,111.0,5.8,69.0,28
air_quality,2026-06-04T08:13:26+00:00,2509954,Valencia,ES,2026-06-03T06:00,39.5,-0.39999962,Europe/Madrid,11.4,4.9,113.0,6.8,68.0,27
air_quality,2026-06-04T08:13:26+00:00,2509954,Valencia,ES,2026-06-03T07:00,39.5,-0.39999962,Europe/Madrid,11.2,5.0,117.0,7.9,63.0,25
air_quality,2026-06-04T08:13:26+00:00,2509954,Valencia,ES,2026-06-03T08:00,39.5,-0.39999962,Europe/Madrid,10.9,5.4,120.0,11.6,63.0,25
air_quality,2026-06-04T08:13:26+00:00,2509954,Valencia,ES,2026-06-03T09:00,39.5,-0.39999962,Europe/Madrid,10.7,5.2,121.0,10.0,66.0,26
air_quality,2026-06-04T08:13:26+00:00,2509954,Valencia,ES,2026-06-03T10:00,39.5,-0.39999962,Europe/Madrid,10.7,4.9,116.0,6.7,69.0,28
air_quality,2026-06-04T08:13:26+00:00,2509954,Valencia,ES,2026-06-03T11:00,39.5,-0.39999962,Europe/Madrid,11.3,5.1,114.0,5.4,72.0,29
air_quality,2026-06-04T08:13:26+00:00,2509954,Valencia,ES,2026-06-03T12:00,39.5,-0.39999962,Europe/Madrid,12.4,5.3,111.0,4.1,77.0,31
air_quality,2026-06-04T08:13:26+00:00,2509954,Valencia,ES,2026-06-03T13:00,39.5,-0.39999962,Europe/Madrid,14.3,5.8,111.0,3.9,83.0,33
air_quality,2026-06-04T08:13:26+00:00,2509954,Valencia,ES,2026-06-03T14:00,39.5,-0.39999962,Europe/Madrid,14.2,6.2,111.0,3.3,87.0,35
air_quality,2026-06-04T08:13:26+00:00,2509954,Valencia,ES,2026-06-03T15:00,39.5,-0.39999962,Europe/Madrid,13.7,5.3,109.0,3.2,87.0,35
air_quality,2026-06-04T08:13:26+00:00,2509954,Valencia,ES,2026-06-03T16:00,39.5,-0.39999962,Europe/Madrid,13.0,5.3,109.0,3.2,89.0,36
air_quality,2026-06-04T08:13:26+00:00,2509954,Valencia,ES,2026-06-03T17:00,39.5,-0.39999962,Europe/Madrid,13.0,6.1,109.0,3.2,93.0,37
air_quality,2026-06-04T08:13:26+00:00,2509954,Valencia,ES,2026-06-03T18:00,39.5,-0.39999962,Europe/Madrid,15.6,5.8,110.0,3.8,89.0,36
air_quality,2026-06-04T08:13:26+00:00,2509954,Valencia,ES,2026-06-03T19:00,39.5,-0.39999962,Europe/Madrid,15.8,5.6,112.0,4.3,83.0,33
air_quality,2026-06-04T08:13:26+00:00,2509954,Valencia,ES,2026-06-03T20:00,39.5,-0.39999962,Europe/Madrid,16.0,5.6,111.0,5.4,79.0,32
air_quality,2026-06-04T08:13:26+00:00,2509954,Valencia,ES,2026-06-03T21:00,39.5,-0.39999962,Europe/Madrid,16.1,5.6,112.0,7.9,75.0,30
air_quality,2026-06-04T08:13:26+00:00,2509954,Valencia,ES,2026-06-03T22:00,39.5,-0.39999962,Europe/Madrid,16.8,5.8,111.0,9.3,71.0,28
air_quality,2026-06-04T08:13:26+00:00,2509954,Valencia,ES,2026-06-03T23:00,39.5,-0.39999962,Europe/Madrid,17.9,6.1,112.0,10.8,66.0,26
air_quality,2026-06-04T08:13:26+00:00,2509954,Valencia,ES,2026-06-04T00:00,39.5,-0.39999962,Europe/Madrid,18.6,6.3,112.0,12.5,61.0,24
air_quality,2026-06-04T08:13:26+00:00,2509954,Valencia,ES,2026-06-04T01:00,39.5,-0.39999962,Europe/Madrid,19.1,8.0,115.0,15.0,57.0,23
air_quality,2026-06-04T08:13:26+00:00,2509954,Valencia,ES,2026-06-04T02:00,39.5,-0.39999962,Europe/Madrid,19.3,8.2,118.0,17.0,53.0,21
air_quality,2026-06-04T08:13:26+00:00,2509954,Valencia,ES,2026-06-04T03:00,39.5,-0.39999962,Europe/Madrid,19.4,8.1,118.0,17.5,49.0,20
air_quality,2026-06-04T08:13:26+00:00,2509954,Valencia,ES,2026-06-04T04:00,39.5,-0.39999962,Europe/Madrid,19.1,8.1,120.0,18.4,43.0,17
air_quality,2026-06-04T08:13:26+00:00,2509954,Valencia,ES,2026-06-04T05:00,39.5,-0.39999962,Europe/Madrid,18.8,7.6,122.0,19.0,39.0,16
air_quality,2026-06-04T08:13:26+00:00,2509954,Valencia,ES,2026-06-04T06:00,39.5,-0.39999962,Europe/Madrid,19.0,7.3,125.0,22.6,33.0,15
air_quality,2026-06-04T08:13:26+00:00,2509954,Valencia,ES,2026-06-04T07:00,39.5,-0.39999962,Europe/Madrid,19.0,7.8,130.0,24.0,29.0,15
air_quality,2026-06-04T08:13:26+00:00,2509954,Valencia,ES,2026-06-04T08:00,39.5,-0.39999962,Europe/Madrid,18.5,8.1,135.0,28.4,30.0,16
air_quality,2026-06-04T08:13:26+00:00,2509954,Valencia,ES,2026-06-04T09:00,39.5,-0.39999962,Europe/Madrid,19.0,7.5,140.0,23.8,35.0,16
air_quality,2026-06-04T08:13:26+00:00,2509954,Valencia,ES,2026-06-04T10:00,39.5,-0.39999962,Europe/Madrid,17.2,7.4,134.0,16.1,46.0,18
air_quality,2026-06-04T08:13:26+00:00,2509954,Valencia,ES,2026-06-04T11:00,39.5,-0.39999962,Europe/Madrid,15.0,7.7,125.0,10.4,54.0,22
air_quality,2026-06-04T08:13:26+00:00,2509954,Valencia,ES,2026-06-04T12:00,39.5,-0.39999962,Europe/Madrid,14.7,8.0,121.0,7.2,72.0,29
air_quality,2026-06-04T08:13:26+00:00,2509954,Valencia,ES,2026-06-04T13:00,39.5,-0.39999962,Europe/Madrid,15.8,8.4,120.0,5.0,83.0,33
air_quality,2026-06-04T08:13:26+00:00,2509954,Valencia,ES,2026-06-04T14:00,39.5,-0.39999962,Europe/Madrid,15.9,8.3,119.0,4.7,94.0,38
air_quality,2026-06-04T08:13:26+00:00,2509954,Valencia,ES,2026-06-04T15:00,39.5,-0.39999962,Europe/Madrid,14.6,8.9,118.0,4.6,107.0,45
air_quality,2026-06-04T08:13:26+00:00,2509954,Valencia,ES,2026-06-04T16:00,39.5,-0.39999962,Europe/Madrid,13.9,8.8,114.0,4.4,108.0,45
air_quality,2026-06-04T08:13:26+00:00,2509954,Valencia,ES,2026-06-04T17:00,39.5,-0.39999962,Europe/Madrid,14.3,8.2,114.0,4.9,109.0,46
air_quality,2026-06-04T08:13:26+00:00,2509954,Valencia,ES,2026-06-04T18:00,39.5,-0.39999962,Europe/Madrid,14.6,7.9,114.0,5.3,105.0,43
air_quality,2026-06-04T08:13:26+00:00,2509954,Valencia,ES,2026-06-04T19:00,39.5,-0.39999962,Europe/Madrid,15.1,8.5,115.0,5.2,99.0,40
air_quality,2026-06-04T08:13:26+00:00,2509954,Valencia,ES,2026-06-04T20:00,39.5,-0.39999962,Europe/Madrid,21.9,9.7,114.0,6.4,98.0,39
air_quality,2026-06-04T08:13:26+00:00,2509954,Valencia,ES,2026-06-04T21:00,39.5,-0.39999962,Europe/Madrid,20.0,9.2,112.0,5.4,99.0,40
air_quality,2026-06-04T08:13:26+00:00,2509954,Valencia,ES,2026-06-04T22:00,39.5,-0.39999962,Europe/Madrid,17.6,8.0,111.0,4.1,91.0,36
air_quality,2026-06-04T08:13:26+00:00,2509954,Valencia,ES,2026-06-04T23:00,39.5,-0.39999962,Europe/Madrid,15.0,6.7,110.0,4.5,82.0,33
air_quality,2026-06-04T08:13:26+00:00,2510911,Seville,ES,2026-05-05T00:00,37.4,-6.0,Europe/Madrid,8.1,4.0,126.0,8.9,63.0,25
air_quality,2026-06-04T08:13:26+00:00,2510911,Seville,ES,2026-05-05T01:00,37.4,-6.0,Europe/Madrid,7.8,4.0,128.0,10.5,61.0,24
air_quality,2026-06-04T08:13:26+00:00,2510911,Seville,ES,2026-05-05T02:00,37.4,-6.0,Europe/Madrid,7.7,3.6,126.0,7.4,63.0,25
air_quality,2026-06-04T08:13:26+00:00,2510911,Seville,ES,2026-05-05T03:00,37.4,-6.0,Europe/Madrid,7.5,3.7,125.0,5.6,63.0,25
air_quality,2026-06-04T08:13:26+00:00,2510911,Seville,ES,2026-05-05T04:00,37.4,-6.0,Europe/Madrid,7.0,3.4,125.0,5.3,62.0,25
air_quality,2026-06-04T08:13:26+00:00,2510911,Seville,ES,2026-05-05T05:00,37.4,-6.0,Europe/Madrid,7.1,3.3,126.0,5.7,59.0,24
air_quality,2026-06-04T08:13:26+00:00,2510911,Seville,ES,2026-05-05T06:00,37.4,-6.0,Europe/Madrid,7.0,3.5,129.0,8.2,53.0,21
air_quality,2026-06-04T08:13:26+00:00,2510911,Seville,ES,2026-05-05T07:00,37.4,-6.0,Europe/Madrid,8.0,4.9,140.0,15.8,40.0,16
air_quality,2026-06-04T08:13:26+00:00,2510911,Seville,ES,2026-05-05T08:00,37.4,-6.0,Europe/Madrid,9.4,6.6,157.0,29.4,27.0,15
air_quality,2026-06-04T08:13:26+00:00,2510911,Seville,ES,2026-05-05T09:00,37.4,-6.0,Europe/Madrid,10.9,7.9,159.0,27.1,37.0,15
air_quality,2026-06-04T08:13:26+00:00,2510911,Seville,ES,2026-05-05T10:00,37.4,-6.0,Europe/Madrid,9.2,5.9,146.0,19.5,49.0,20
air_quality,2026-06-04T08:13:26+00:00,2510911,Seville,ES,2026-05-05T11:00,37.4,-6.0,Europe/Madrid,8.2,4.6,142.0,12.6,61.0,24
air_quality,2026-06-04T08:13:26+00:00,2510911,Seville,ES,2026-05-05T12:00,37.4,-6.0,Europe/Madrid,7.8,3.6,132.0,7.4,74.0,30
air_quality,2026-06-04T08:13:26+00:00,2510911,Seville,ES,2026-05-05T13:00,37.4,-6.0,Europe/Madrid,5.8,3.4,128.0,4.4,88.0,35
air_quality,2026-06-04T08:13:26+00:00,2510911,Seville,ES,2026-05-05T14:00,37.4,-6.0,Europe/Madrid,5.1,2.9,124.0,2.8,96.0,38
air_quality,2026-06-04T08:13:26+00:00,2510911,Seville,ES,2026-05-05T15:00,37.4,-6.0,Europe/Madrid,4.8,2.7,125.0,2.4,96.0,38
air_quality,2026-06-04T08:13:26+00:00,2510911,Seville,ES,2026-05-05T16:00,37.4,-6.0,Europe/Madrid,4.7,2.6,124.0,2.6,94.0,38
air_quality,2026-06-04T08:13:26+00:00,2510911,Seville,ES,2026-05-05T17:00,37.4,-6.0,Europe/Madrid,4.6,2.6,124.0,2.7,94.0,38
air_quality,2026-06-04T08:13:26+00:00,2510911,Seville,ES,2026-05-05T18:00,37.4,-6.0,Europe/Madrid,4.7,2.5,124.0,3.5,92.0,37
air_quality,2026-06-04T08:13:26+00:00,2510911,Seville,ES,2026-05-05T19:00,37.4,-6.0,Europe/Madrid,4.7,2.6,125.0,4.2,93.0,37
air_quality,2026-06-04T08:13:26+00:00,2510911,Seville,ES,2026-05-05T20:00,37.4,-6.0,Europe/Madrid,4.7,2.8,126.0,5.4,91.0,36
air_quality,2026-06-04T08:13:26+00:00,2510911,Seville,ES,2026-05-05T21:00,37.4,-6.0,Europe/Madrid,5.4,3.2,129.0,8.1,83.0,33
air_quality,2026-06-04T08:13:26+00:00,2510911,Seville,ES,2026-05-05T22:00,37.4,-6.0,Europe/Madrid,6.4,3.2,129.0,8.7,75.0,30
air_quality,2026-06-04T08:13:26+00:00,2510911,Seville,ES,2026-05-05T23:00,37.4,-6.0,Europe/Madrid,6.3,3.3,129.0,7.8,75.0,30
air_quality,2026-06-04T08:13:26+00:00,2510911,Seville,ES,2026-05-06T00:00,37.4,-6.0,Europe/Madrid,5.8,3.3,128.0,6.7,77.0,31
air_quality,2026-06-04T08:13:26+00:00,2510911,Seville,ES,2026-05-06T01:00,37.4,-6.0,Europe/Madrid,6.0,3.6,129.0,6.5,73.0,29
air_quality,2026-06-04T08:13:26+00:00,2510911,Seville,ES,2026-05-06T02:00,37.4,-6.0,Europe/Madrid,6.2,3.8,131.0,5.8,68.0,27
air_quality,2026-06-04T08:13:26+00:00,2510911,Seville,ES,2026-05-06T03:00,37.4,-6.0,Europe/Madrid,6.9,3.7,131.0,6.0,64.0,26
air_quality,2026-06-04T08:13:26+00:00,2510911,Seville,ES,2026-05-06T04:00,37.4,-6.0,Europe/Madrid,6.7,3.6,131.0,6.2,62.0,25
air_quality,2026-06-04T08:13:26+00:00,2510911,Seville,ES,2026-05-06T05:00,37.4,-6.0,Europe/Madrid,7.0,3.5,131.0,6.8,61.0,24
air_quality,2026-06-04T08:13:26+00:00,2510911,Seville,ES,2026-05-06T06:00,37.4,-6.0,Europe/Madrid,7.3,3.7,132.0,9.6,59.0,24
air_quality,2026-06-04T08:13:26+00:00,2510911,Seville,ES,2026-05-06T07:00,37.4,-6.0,Europe/Madrid,8.6,4.7,142.0,17.2,41.0,16
air_quality,2026-06-04T08:13:26+00:00,2510911,Seville,ES,2026-05-06T08:00,37.4,-6.0,Europe/Madrid,10.3,6.1,163.0,33.7,29.0,17
air_quality,2026-06-04T08:13:26+00:00,2510911,Seville,ES,2026-05-06T09:00,37.4,-6.0,Europe/Madrid,9.4,6.5,175.0,37.2,28.0,19
air_quality,2026-06-04T08:13:26+00:00,2510911,Seville,ES,2026-05-06T10:00,37.4,-6.0,Europe/Madrid,8.8,5.7,148.0,24.9,52.0,21
air_quality,2026-06-04T08:13:26+00:00,2510911,Seville,ES,2026-05-06T11:00,37.4,-6.0,Europe/Madrid,8.5,5.7,145.0,20.1,60.0,24
air_quality,2026-06-04T08:13:26+00:00,2510911,Seville,ES,2026-05-06T12:00,37.4,-6.0,Europe/Madrid,8.6,5.7,143.0,15.3,66.0,26
air_quality,2026-06-04T08:13:26+00:00,2510911,Seville,ES,2026-05-06T13:00,37.4,-6.0,Europe/Madrid,8.4,5.1,135.0,8.5,84.0,34
air_quality,2026-06-04T08:13:26+00:00,2510911,Seville,ES,2026-05-06T14:00,37.4,-6.0,Europe/Madrid,9.1,5.2,132.0,5.8,97.0,39
air_quality,2026-06-04T08:13:26+00:00,2510911,Seville,ES,2026-05-06T15:00,37.4,-6.0,Europe/Madrid,9.4,4.8,131.0,5.1,105.0,43
air_quality,2026-06-04T08:13:26+00:00,2510911,Seville,ES,2026-05-06T16:00,37.4,-6.0,Europe/Madrid,7.2,4.6,130.0,4.7,112.0,48
air_quality,2026-06-04T08:13:26+00:00,2510911,Seville,ES,2026-05-06T17:00,37.4,-6.0,Europe/Madrid,6.6,4.4,129.0,4.0,110.0,47
air_quality,2026-06-04T08:13:26+00:00,2510911,Seville,ES,2026-05-06T18:00,37.4,-6.0,Europe/Madrid,6.3,4.0,128.0,4.5,110.0,47
air_quality,2026-06-04T08:13:26+00:00,2510911,Seville,ES,2026-05-06T19:00,37.4,-6.0,Europe/Madrid,6.0,3.4,126.0,5.4,106.0,44
air_quality,2026-06-04T08:13:26+00:00,2510911,Seville,ES,2026-05-06T20:00,37.4,-6.0,Europe/Madrid,5.3,3.2,128.0,5.8,98.0,39
air_quality,2026-06-04T08:13:26+00:00,2510911,Seville,ES,2026-05-06T21:00,37.4,-6.0,Europe/Madrid,6.7,3.7,130.0,7.1,90.0,36
air_quality,2026-06-04T08:13:26+00:00,2510911,Seville,ES,2026-05-06T22:00,37.4,-6.0,Europe/Madrid,6.5,3.7,132.0,7.8,88.0,35
air_quality,2026-06-04T08:13:26+00:00,2510911,Seville,ES,2026-05-06T23:00,37.4,-6.0,Europe/Madrid,7.1,4.0,134.0,7.9,81.0,32
air_quality,2026-06-04T08:13:26+00:00,2510911,Seville,ES,2026-05-07T00:00,37.4,-6.0,Europe/Madrid,8.3,4.5,135.0,7.5,79.0,32
air_quality,2026-06-04T08:13:26+00:00,2510911,Seville,ES,2026-05-07T01:00,37.4,-6.0,Europe/Madrid,9.2,5.2,135.0,8.1,74.0,30
air_quality,2026-06-04T08:13:26+00:00,2510911,Seville,ES,2026-05-07T02:00,37.4,-6.0,Europe/Madrid,10.5,5.3,133.0,8.8,66.0,26
air_quality,2026-06-04T08:13:26+00:00,2510911,Seville,ES,2026-05-07T03:00,37.4,-6.0,Europe/Madrid,10.8,5.6,133.0,8.1,64.0,26
air_quality,2026-06-04T08:13:26+00:00,2510911,Seville,ES,2026-05-07T04:00,37.4,-6.0,Europe/Madrid,11.4,6.1,133.0,8.1,59.0,24
air_quality,2026-06-04T08:13:26+00:00,2510911,Seville,ES,2026-05-07T05:00,37.4,-6.0,Europe/Madrid,12.1,6.4,134.0,8.5,53.0,21
air_quality,2026-06-04T08:13:26+00:00,2510911,Seville,ES,2026-05-07T06:00,37.4,-6.0,Europe/Madrid,12.7,6.7,137.0,12.1,51.0,20
air_quality,2026-06-04T08:13:26+00:00,2510911,Seville,ES,2026-05-07T07:00,37.4,-6.0,Europe/Madrid,13.7,7.0,146.0,18.8,49.0,20
air_quality,2026-06-04T08:13:26+00:00,2510911,Seville,ES,2026-05-07T08:00,37.4,-6.0,Europe/Madrid,15.3,7.8,157.0,27.5,43.0,17
air_quality,2026-06-04T08:13:26+00:00,2510911,Seville,ES,2026-05-07T09:00,37.4,-6.0,Europe/Madrid,13.0,8.0,155.0,24.6,54.0,22
air_quality,2026-06-04T08:13:26+00:00,2510911,Seville,ES,2026-05-07T10:00,37.4,-6.0,Europe/Madrid,14.2,7.2,144.0,12.7,74.0,30
air_quality,2026-06-04T08:13:26+00:00,2510911,Seville,ES,2026-05-07T11:00,37.4,-6.0,Europe/Madrid,11.7,6.3,135.0,6.7,81.0,32
air_quality,2026-06-04T08:13:26+00:00,2510911,Seville,ES,2026-05-07T12:00,37.4,-6.0,Europe/Madrid,9.3,5.5,132.0,3.8,90.0,36
air_quality,2026-06-04T08:13:26+00:00,2510911,Seville,ES,2026-05-07T13:00,37.4,-6.0,Europe/Madrid,8.2,5.4,129.0,2.7,97.0,39
air_quality,2026-06-04T08:13:26+00:00,2510911,Seville,ES,2026-05-07T14:00,37.4,-6.0,Europe/Madrid,7.9,4.6,126.0,2.2,100.0,40
air_quality,2026-06-04T08:13:26+00:00,2510911,Seville,ES,2026-05-07T15:00,37.4,-6.0,Europe/Madrid,7.7,4.4,125.0,2.3,101.0,41
air_quality,2026-06-04T08:13:26+00:00,2510911,Seville,ES,2026-05-07T16:00,37.4,-6.0,Europe/Madrid,7.5,4.3,125.0,2.2,101.0,41
air_quality,2026-06-04T08:13:26+00:00,2510911,Seville,ES,2026-05-07T17:00,37.4,-6.0,Europe/Madrid,7.4,4.2,125.0,2.2,102.0,41
air_quality,2026-06-04T08:13:26+00:00,2510911,Seville,ES,2026-05-07T18:00,37.4,-6.0,Europe/Madrid,7.7,3.8,124.0,2.7,101.0,41
air_quality,2026-06-04T08:13:26+00:00,2510911,Seville,ES,2026-05-07T19:00,37.4,-6.0,Europe/Madrid,7.4,3.5,123.0,3.3,99.0,40
air_quality,2026-06-04T08:13:26+00:00,2510911,Seville,ES,2026-05-07T20:00,37.4,-6.0,Europe/Madrid,7.4,3.3,123.0,3.6,98.0,39
air_quality,2026-06-04T08:13:26+00:00,2510911,Seville,ES,2026-05-07T21:00,37.4,-6.0,Europe/Madrid,6.9,3.1,122.0,4.9,94.0,38
air_quality,2026-06-04T08:13:26+00:00,2510911,Seville,ES,2026-05-07T22:00,37.4,-6.0,Europe/Madrid,7.5,3.1,123.0,4.6,92.0,37
air_quality,2026-06-04T08:13:26+00:00,2510911,Seville,ES,2026-05-07T23:00,37.4,-6.0,Europe/Madrid,8.9,3.2,122.0,4.2,89.0,36
air_quality,2026-06-04T08:13:26+00:00,2510911,Seville,ES,2026-05-08T00:00,37.4,-6.0,Europe/Madrid,9.9,3.4,121.0,4.2,86.0,34
air_quality,2026-06-04T08:13:26+00:00,2510911,Seville,ES,2026-05-08T01:00,37.4,-6.0,Europe/Madrid,10.0,4.0,124.0,4.8,82.0,33
air_quality,2026-06-04T08:13:26+00:00,2510911,Seville,ES,2026-05-08T02:00,37.4,-6.0,Europe/Madrid,9.2,4.0,125.0,5.6,80.0,32
air_quality,2026-06-04T08:13:26+00:00,2510911,Seville,ES,2026-05-08T03:00,37.4,-6.0,Europe/Madrid,9.1,4.1,123.0,5.4,76.0,30
air_quality,2026-06-04T08:13:26+00:00,2510911,Seville,ES,2026-05-08T04:00,37.4,-6.0,Europe/Madrid,9.2,4.4,124.0,4.7,76.0,30
air_quality,2026-06-04T08:13:26+00:00,2510911,Seville,ES,2026-05-08T05:00,37.4,-6.0,Europe/Madrid,9.5,4.4,124.0,4.7,77.0,31
air_quality,2026-06-04T08:13:26+00:00,2510911,Seville,ES,2026-05-08T06:00,37.4,-6.0,Europe/Madrid,9.6,4.5,124.0,6.3,73.0,29
air_quality,2026-06-04T08:13:26+00:00,2510911,Seville,ES,2026-05-08T07:00,37.4,-6.0,Europe/Madrid,9.5,5.2,131.0,11.2,66.0,26
air_quality,2026-06-04T08:13:26+00:00,2510911,Seville,ES,2026-05-08T08:00,37.4,-6.0,Europe/Madrid,9.8,6.1,139.0,18.9,53.0,21
air_quality,2026-06-04T08:13:26+00:00,2510911,Seville,ES,2026-05-08T09:00,37.4,-6.0,Europe/Madrid,11.6,6.8,143.0,19.6,52.0,21
air_quality,2026-06-04T08:13:26+00:00,2510911,Seville,ES,2026-05-08T10:00,37.4,-6.0,Europe/Madrid,9.7,5.2,131.0,10.5,69.0,28
air_quality,2026-06-04T08:13:26+00:00,2510911,Seville,ES,2026-05-08T11:00,37.4,-6.0,Europe/Madrid,8.0,3.9,124.0,5.3,83.0,33
air_quality,2026-06-04T08:13:26+00:00,2510911,Seville,ES,2026-05-08T12:00,37.4,-6.0,Europe/Madrid,6.6,3.3,120.0,3.1,93.0,37
air_quality,2026-06-04T08:13:26+00:00,2510911,Seville,ES,2026-05-08T13:00,37.4,-6.0,Europe/Madrid,6.0,3.0,118.0,2.6,96.0,38
air_quality,2026-06-04T08:13:26+00:00,2510911,Seville,ES,2026-05-08T14:00,37.4,-6.0,Europe/Madrid,5.7,2.8,116.0,2.8,99.0,40
air_quality,2026-06-04T08:13:26+00:00,2510911,Seville,ES,2026-05-08T15:00,37.4,-6.0,Europe/Madrid,5.3,2.8,115.0,2.7,103.0,42
air_quality,2026-06-04T08:13:26+00:00,2510911,Seville,ES,2026-05-08T16:00,37.4,-6.0,Europe/Madrid,5.0,2.6,115.0,2.7,104.0,43
air_quality,2026-06-04T08:13:26+00:00,2510911,Seville,ES,2026-05-08T17:00,37.4,-6.0,Europe/Madrid,4.9,2.6,115.0,3.0,102.0,41
air_quality,2026-06-04T08:13:26+00:00,2510911,Seville,ES,2026-05-08T18:00,37.4,-6.0,Europe/Madrid,4.9,2.8,114.0,3.3,101.0,41
air_quality,2026-06-04T08:13:26+00:00,2510911,Seville,ES,2026-05-08T19:00,37.4,-6.0,Europe/Madrid,5.1,2.9,115.0,3.7,102.0,41
air_quality,2026-06-04T08:13:26+00:00,2510911,Seville,ES,2026-05-08T20:00,37.4,-6.0,Europe/Madrid,6.0,3.3,116.0,4.8,98.0,39
air_quality,2026-06-04T08:13:26+00:00,2510911,Seville,ES,2026-05-08T21:00,37.4,-6.0,Europe/Madrid,6.7,3.5,117.0,6.0,93.0,37
air_quality,2026-06-04T08:13:26+00:00,2510911,Seville,ES,2026-05-08T22:00,37.4,-6.0,Europe/Madrid,7.5,3.7,117.0,5.3,93.0,37
air_quality,2026-06-04T08:13:26+00:00,2510911,Seville,ES,2026-05-08T23:00,37.4,-6.0,Europe/Madrid,9.0,4.1,118.0,5.3,94.0,38
air_quality,2026-06-04T08:13:26+00:00,2510911,Seville,ES,2026-05-09T00:00,37.4,-6.0,Europe/Madrid,10.1,4.9,118.0,5.3,93.0,37
air_quality,2026-06-04T08:13:26+00:00,2510911,Seville,ES,2026-05-09T01:00,37.4,-6.0,Europe/Madrid,10.5,5.2,118.0,7.0,89.0,36
air_quality,2026-06-04T08:13:26+00:00,2510911,Seville,ES,2026-05-09T02:00,37.4,-6.0,Europe/Madrid,10.7,6.1,120.0,9.3,80.0,32
air_quality,2026-06-04T08:13:26+00:00,2510911,Seville,ES,2026-05-09T03:00,37.4,-6.0,Europe/Madrid,13.2,6.0,121.0,8.0,75.0,30
air_quality,2026-06-04T08:13:26+00:00,2510911,Seville,ES,2026-05-09T04:00,37.4,-6.0,Europe/Madrid,12.1,6.9,119.0,6.9,71.0,28
air_quality,2026-06-04T08:13:26+00:00,2510911,Seville,ES,2026-05-09T05:00,37.4,-6.0,Europe/Madrid,10.6,6.8,117.0,6.3,75.0,30
air_quality,2026-06-04T08:13:26+00:00,2510911,Seville,ES,2026-05-09T06:00,37.4,-6.0,Europe/Madrid,11.2,6.6,117.0,5.1,73.0,29
air_quality,2026-06-04T08:13:26+00:00,2510911,Seville,ES,2026-05-09T07:00,37.4,-6.0,Europe/Madrid,9.5,6.7,117.0,5.8,77.0,31
air_quality,2026-06-04T08:13:26+00:00,2510911,Seville,ES,2026-05-09T08:00,37.4,-6.0,Europe/Madrid,8.9,5.7,120.0,6.1,76.0,30
air_quality,2026-06-04T08:13:26+00:00,2510911,Seville,ES,2026-05-09T09:00,37.4,-6.0,Europe/Madrid,7.5,4.4,118.0,5.8,74.0,30
air_quality,2026-06-04T08:13:26+00:00,2510911,Seville,ES,2026-05-09T10:00,37.4,-6.0,Europe/Madrid,4.4,3.7,115.0,4.2,82.0,33
air_quality,2026-06-04T08:13:26+00:00,2510911,Seville,ES,2026-05-09T11:00,37.4,-6.0,Europe/Madrid,4.9,2.8,116.0,3.2,84.0,34
air_quality,2026-06-04T08:13:26+00:00,2510911,Seville,ES,2026-05-09T12:00,37.4,-6.0,Europe/Madrid,4.6,3.2,117.0,2.9,85.0,34
air_quality,2026-06-04T08:13:26+00:00,2510911,Seville,ES,2026-05-09T13:00,37.4,-6.0,Europe/Madrid,6.9,3.3,119.0,2.4,86.0,34
air_quality,2026-06-04T08:13:26+00:00,2510911,Seville,ES,2026-05-09T14:00,37.4,-6.0,Europe/Madrid,6.9,3.5,125.0,2.1,90.0,36
air_quality,2026-06-04T08:13:26+00:00,2510911,Seville,ES,2026-05-09T15:00,37.4,-6.0,Europe/Madrid,8.3,3.5,128.0,1.5,89.0,36
air_quality,2026-06-04T08:13:26+00:00,2510911,Seville,ES,2026-05-09T16:00,37.4,-6.0,Europe/Madrid,9.7,3.4,123.0,1.0,86.0,34
air_quality,2026-06-04T08:13:26+00:00,2510911,Seville,ES,2026-05-09T17:00,37.4,-6.0,Europe/Madrid,12.1,3.7,116.0,0.9,84.0,34
air_quality,2026-06-04T08:13:26+00:00,2510911,Seville,ES,2026-05-09T18:00,37.4,-6.0,Europe/Madrid,12.4,3.8,117.0,1.2,83.0,33
air_quality,2026-06-04T08:13:26+00:00,2510911,Seville,ES,2026-05-09T19:00,37.4,-6.0,Europe/Madrid,11.9,3.8,119.0,1.7,83.0,33
air_quality,2026-06-04T08:13:26+00:00,2510911,Seville,ES,2026-05-09T20:00,37.4,-6.0,Europe/Madrid,11.1,3.8,119.0,2.4,80.0,32
air_quality,2026-06-04T08:13:26+00:00,2510911,Seville,ES,2026-05-09T21:00,37.4,-6.0,Europe/Madrid,11.5,4.0,120.0,4.1,75.0,30
air_quality,2026-06-04T08:13:26+00:00,2510911,Seville,ES,2026-05-09T22:00,37.4,-6.0,Europe/Madrid,12.8,4.3,119.0,6.0,71.0,28
air_quality,2026-06-04T08:13:26+00:00,2510911,Seville,ES,2026-05-09T23:00,37.4,-6.0,Europe/Madrid,11.8,4.7,122.0,5.8,68.0,27
air_quality,2026-06-04T08:13:26+00:00,2510911,Seville,ES,2026-05-10T00:00,37.4,-6.0,Europe/Madrid,13.8,5.0,122.0,5.9,66.0,26
air_quality,2026-06-04T08:13:26+00:00,2510911,Seville,ES,2026-05-10T01:00,37.4,-6.0,Europe/Madrid,14.0,5.1,121.0,7.0,60.0,24
air_quality,2026-06-04T08:13:26+00:00,2510911,Seville,ES,2026-05-10T02:00,37.4,-6.0,Europe/Madrid,14.7,4.6,122.0,8.3,56.0,22
air_quality,2026-06-04T08:13:26+00:00,2510911,Seville,ES,2026-05-10T03:00,37.4,-6.0,Europe/Madrid,14.1,5.1,122.0,6.3,54.0,22
air_quality,2026-06-04T08:13:26+00:00,2510911,Seville,ES,2026-05-10T04:00,37.4,-6.0,Europe/Madrid,13.0,5.1,122.0,5.5,54.0,22
air_quality,2026-06-04T08:13:26+00:00,2510911,Seville,ES,2026-05-10T05:00,37.4,-6.0,Europe/Madrid,11.2,4.9,120.0,5.3,53.0,21
air_quality,2026-06-04T08:13:26+00:00,2510911,Seville,ES,2026-05-10T06:00,37.4,-6.0,Europe/Madrid,10.1,5.0,119.0,5.0,57.0,23
air_quality,2026-06-04T08:13:26+00:00,2510911,Seville,ES,2026-05-10T07:00,37.4,-6.0,Europe/Madrid,10.6,4.9,120.0,4.8,55.0,22
air_quality,2026-06-04T08:13:26+00:00,2510911,Seville,ES,2026-05-10T08:00,37.4,-6.0,Europe/Madrid,10.5,3.7,121.0,4.8,59.0,24
air_quality,2026-06-04T08:13:26+00:00,2510911,Seville,ES,2026-05-10T09:00,37.4,-6.0,Europe/Madrid,9.0,3.9,118.0,3.7,62.0,25
air_quality,2026-06-04T08:13:26+00:00,2510911,Seville,ES,2026-05-10T10:00,37.4,-6.0,Europe/Madrid,8.7,4.1,117.0,2.1,68.0,27
air_quality,2026-06-04T08:13:26+00:00,2510911,Seville,ES,2026-05-10T11:00,37.4,-6.0,Europe/Madrid,10.4,3.9,113.0,2.1,71.0,28
air_quality,2026-06-04T08:13:26+00:00,2510911,Seville,ES,2026-05-10T12:00,37.4,-6.0,Europe/Madrid,10.1,3.9,112.0,1.7,72.0,29
air_quality,2026-06-04T08:13:26+00:00,2510911,Seville,ES,2026-05-10T13:00,37.4,-6.0,Europe/Madrid,10.0,3.6,110.0,1.9,76.0,30
air_quality,2026-06-04T08:13:26+00:00,2510911,Seville,ES,2026-05-10T14:00,37.4,-6.0,Europe/Madrid,10.4,3.2,111.0,1.7,77.0,31
air_quality,2026-06-04T08:13:26+00:00,2510911,Seville,ES,2026-05-10T15:00,37.4,-6.0,Europe/Madrid,10.2,3.1,114.0,1.3,76.0,30
air_quality,2026-06-04T08:13:26+00:00,2510911,Seville,ES,2026-05-10T16:00,37.4,-6.0,Europe/Madrid,10.1,3.3,118.0,1.1,84.0,34
air_quality,2026-06-04T08:13:26+00:00,2510911,Seville,ES,2026-05-10T17:00,37.4,-6.0,Europe/Madrid,10.2,3.7,118.0,0.9,87.0,35
air_quality,2026-06-04T08:13:26+00:00,2510911,Seville,ES,2026-05-10T18:00,37.4,-6.0,Europe/Madrid,10.9,4.0,118.0,1.2,90.0,36
air_quality,2026-06-04T08:13:26+00:00,2510911,Seville,ES,2026-05-10T19:00,37.4,-6.0,Europe/Madrid,10.5,4.0,120.0,1.7,91.0,36
air_quality,2026-06-04T08:13:26+00:00,2510911,Seville,ES,2026-05-10T20:00,37.4,-6.0,Europe/Madrid,10.7,3.8,121.0,2.9,88.0,35
air_quality,2026-06-04T08:13:26+00:00,2510911,Seville,ES,2026-05-10T21:00,37.4,-6.0,Europe/Madrid,11.0,3.7,123.0,5.3,83.0,33
air_quality,2026-06-04T08:13:26+00:00,2510911,Seville,ES,2026-05-10T22:00,37.4,-6.0,Europe/Madrid,12.5,4.8,124.0,5.3,78.0,31
air_quality,2026-06-04T08:13:26+00:00,2510911,Seville,ES,2026-05-10T23:00,37.4,-6.0,Europe/Madrid,13.7,4.7,126.0,6.1,75.0,30
air_quality,2026-06-04T08:13:26+00:00,2510911,Seville,ES,2026-05-11T00:00,37.4,-6.0,Europe/Madrid,14.9,4.7,126.0,6.2,67.0,27
air_quality,2026-06-04T08:13:26+00:00,2510911,Seville,ES,2026-05-11T01:00,37.4,-6.0,Europe/Madrid,16.0,4.7,125.0,7.1,61.0,24
air_quality,2026-06-04T08:13:26+00:00,2510911,Seville,ES,2026-05-11T02:00,37.4,-6.0,Europe/Madrid,15.9,5.1,124.0,8.5,54.0,22
air_quality,2026-06-04T08:13:26+00:00,2510911,Seville,ES,2026-05-11T03:00,37.4,-6.0,Europe/Madrid,15.8,5.3,128.0,9.0,49.0,20
air_quality,2026-06-04T08:13:26+00:00,2510911,Seville,ES,2026-05-11T04:00,37.4,-6.0,Europe/Madrid,15.1,5.3,129.0,9.6,45.0,18
air_quality,2026-06-04T08:13:26+00:00,2510911,Seville,ES,2026-05-11T05:00,37.4,-6.0,Europe/Madrid,14.4,5.9,131.0,11.8,40.0,16
air_quality,2026-06-04T08:13:26+00:00,2510911,Seville,ES,2026-05-11T06:00,37.4,-6.0,Europe/Madrid,14.5,6.7,133.0,16.5,35.0,14
air_quality,2026-06-04T08:13:26+00:00,2510911,Seville,ES,2026-05-11T07:00,37.4,-6.0,Europe/Madrid,15.4,7.9,146.0,22.6,23.0,12
air_quality,2026-06-04T08:13:26+00:00,2510911,Seville,ES,2026-05-11T08:00,37.4,-6.0,Europe/Madrid,16.7,10.0,157.0,32.1,8.0,16
air_quality,2026-06-04T08:13:26+00:00,2510911,Seville,ES,2026-05-11T09:00,37.4,-6.0,Europe/Madrid,17.9,9.5,159.0,29.5,22.0,15
air_quality,2026-06-04T08:13:26+00:00,2510911,Seville,ES,2026-05-11T10:00,37.4,-6.0,Europe/Madrid,18.5,7.0,150.0,21.7,45.0,18
air_quality,2026-06-04T08:13:26+00:00,2510911,Seville,ES,2026-05-11T11:00,37.4,-6.0,Europe/Madrid,15.3,6.5,135.0,11.4,55.0,22
air_quality,2026-06-04T08:13:26+00:00,2510911,Seville,ES,2026-05-11T12:00,37.4,-6.0,Europe/Madrid,13.0,5.5,124.0,4.8,76.0,30
air_quality,2026-06-04T08:13:26+00:00,2510911,Seville,ES,2026-05-11T13:00,37.4,-6.0,Europe/Madrid,11.1,4.6,123.0,3.0,88.0,35
air_quality,2026-06-04T08:13:26+00:00,2510911,Seville,ES,2026-05-11T14:00,37.4,-6.0,Europe/Madrid,9.7,3.9,120.0,2.5,94.0,38
air_quality,2026-06-04T08:13:26+00:00,2510911,Seville,ES,2026-05-11T15:00,37.4,-6.0,Europe/Madrid,9.0,3.7,119.0,2.4,97.0,39
air_quality,2026-06-04T08:13:26+00:00,2510911,Seville,ES,2026-05-11T16:00,37.4,-6.0,Europe/Madrid,8.4,3.5,119.0,2.2,98.0,39
air_quality,2026-06-04T08:13:26+00:00,2510911,Seville,ES,2026-05-11T17:00,37.4,-6.0,Europe/Madrid,8.0,3.3,119.0,2.6,97.0,39
air_quality,2026-06-04T08:13:26+00:00,2510911,Seville,ES,2026-05-11T18:00,37.4,-6.0,Europe/Madrid,7.7,3.3,120.0,2.9,94.0,38
air_quality,2026-06-04T08:13:26+00:00,2510911,Seville,ES,2026-05-11T19:00,37.4,-6.0,Europe/Madrid,7.7,3.5,121.0,3.8,93.0,37
air_quality,2026-06-04T08:13:26+00:00,2510911,Seville,ES,2026-05-11T20:00,37.4,-6.0,Europe/Madrid,7.9,3.7,122.0,5.3,90.0,36
air_quality,2026-06-04T08:13:26+00:00,2510911,Seville,ES,2026-05-11T21:00,37.4,-6.0,Europe/Madrid,8.5,3.9,121.0,9.1,80.0,32
air_quality,2026-06-04T08:13:26+00:00,2510911,Seville,ES,2026-05-11T22:00,37.4,-6.0,Europe/Madrid,9.1,4.5,120.0,9.1,73.0,29
air_quality,2026-06-04T08:13:26+00:00,2510911,Seville,ES,2026-05-11T23:00,37.4,-6.0,Europe/Madrid,10.3,4.7,124.0,8.6,70.0,28
air_quality,2026-06-04T08:13:26+00:00,2510911,Seville,ES,2026-05-12T00:00,37.4,-6.0,Europe/Madrid,10.6,5.0,123.0,8.7,67.0,27
air_quality,2026-06-04T08:13:26+00:00,2510911,Seville,ES,2026-05-12T01:00,37.4,-6.0,Europe/Madrid,11.3,5.1,123.0,8.8,63.0,25
air_quality,2026-06-04T08:13:26+00:00,2510911,Seville,ES,2026-05-12T02:00,37.4,-6.0,Europe/Madrid,11.9,4.9,122.0,7.4,61.0,24
air_quality,2026-06-04T08:13:26+00:00,2510911,Seville,ES,2026-05-12T03:00,37.4,-6.0,Europe/Madrid,12.0,4.9,121.0,6.9,57.0,23
air_quality,2026-06-04T08:13:26+00:00,2510911,Seville,ES,2026-05-12T04:00,37.4,-6.0,Europe/Madrid,11.8,5.1,121.0,6.7,54.0,22
air_quality,2026-06-04T08:13:26+00:00,2510911,Seville,ES,2026-05-12T05:00,37.4,-6.0,Europe/Madrid,11.9,5.3,122.0,7.3,51.0,20
air_quality,2026-06-04T08:13:26+00:00,2510911,Seville,ES,2026-05-12T06:00,37.4,-6.0,Europe/Madrid,12.3,5.3,126.0,11.9,45.0,18
air_quality,2026-06-04T08:13:26+00:00,2510911,Seville,ES,2026-05-12T07:00,37.4,-6.0,Europe/Madrid,11.7,6.2,135.0,20.4,35.0,14
air_quality,2026-06-04T08:13:26+00:00,2510911,Seville,ES,2026-05-12T08:00,37.4,-6.0,Europe/Madrid,13.0,8.2,149.0,33.3,15.0,17
air_quality,2026-06-04T08:13:26+00:00,2510911,Seville,ES,2026-05-12T09:00,37.4,-6.0,Europe/Madrid,15.0,8.9,170.0,32.6,26.0,16
air_quality,2026-06-04T08:13:26+00:00,2510911,Seville,ES,2026-05-12T10:00,37.4,-6.0,Europe/Madrid,12.8,6.4,148.0,27.9,40.0,16
air_quality,2026-06-04T08:13:26+00:00,2510911,Seville,ES,2026-05-12T11:00,37.4,-6.0,Europe/Madrid,12.6,4.7,138.0,17.4,55.0,22
air_quality,2026-06-04T08:13:26+00:00,2510911,Seville,ES,2026-05-12T12:00,37.4,-6.0,Europe/Madrid,9.9,3.9,129.0,8.7,67.0,27
air_quality,2026-06-04T08:13:26+00:00,2510911,Seville,ES,2026-05-12T13:00,37.4,-6.0,Europe/Madrid,8.4,3.6,121.0,4.8,82.0,33
air_quality,2026-06-04T08:13:26+00:00,2510911,Seville,ES,2026-05-12T14:00,37.4,-6.0,Europe/Madrid,7.2,3.0,117.0,2.6,92.0,37
air_quality,2026-06-04T08:13:26+00:00,2510911,Seville,ES,2026-05-12T15:00,37.4,-6.0,Europe/Madrid,6.7,2.7,116.0,2.4,92.0,37
air_quality,2026-06-04T08:13:26+00:00,2510911,Seville,ES,2026-05-12T16:00,37.4,-6.0,Europe/Madrid,6.7,2.6,116.0,2.2,87.0,35
air_quality,2026-06-04T08:13:26+00:00,2510911,Seville,ES,2026-05-12T17:00,37.4,-6.0,Europe/Madrid,6.7,2.5,115.0,2.4,87.0,35
air_quality,2026-06-04T08:13:26+00:00,2510911,Seville,ES,2026-05-12T18:00,37.4,-6.0,Europe/Madrid,6.9,2.7,115.0,2.8,84.0,34
air_quality,2026-06-04T08:13:26+00:00,2510911,Seville,ES,2026-05-12T19:00,37.4,-6.0,Europe/Madrid,7.3,3.1,117.0,3.9,82.0,33
air_quality,2026-06-04T08:13:26+00:00,2510911,Seville,ES,2026-05-12T20:00,37.4,-6.0,Europe/Madrid,7.2,3.2,117.0,4.8,78.0,31
air_quality,2026-06-04T08:13:26+00:00,2510911,Seville,ES,2026-05-12T21:00,37.4,-6.0,Europe/Madrid,7.4,3.3,118.0,6.4,73.0,29
air_quality,2026-06-04T08:13:26+00:00,2510911,Seville,ES,2026-05-12T22:00,37.4,-6.0,Europe/Madrid,8.1,3.5,117.0,7.6,70.0,28
air_quality,2026-06-04T08:13:26+00:00,2510911,Seville,ES,2026-05-12T23:00,37.4,-6.0,Europe/Madrid,8.6,3.9,117.0,8.8,64.0,26
air_quality,2026-06-04T08:13:26+00:00,2510911,Seville,ES,2026-05-13T00:00,37.4,-6.0,Europe/Madrid,9.1,4.1,118.0,9.4,60.0,24
air_quality,2026-06-04T08:13:26+00:00,2510911,Seville,ES,2026-05-13T01:00,37.4,-6.0,Europe/Madrid,10.0,4.4,116.0,9.7,57.0,23
air_quality,2026-06-04T08:13:26+00:00,2510911,Seville,ES,2026-05-13T02:00,37.4,-6.0,Europe/Madrid,9.4,4.4,116.0,9.0,53.0,21
air_quality,2026-06-04T08:13:26+00:00,2510911,Seville,ES,2026-05-13T03:00,37.4,-6.0,Europe/Madrid,8.9,4.4,116.0,8.2,48.0,19
air_quality,2026-06-04T08:13:26+00:00,2510911,Seville,ES,2026-05-13T04:00,37.4,-6.0,Europe/Madrid,8.7,4.7,118.0,9.0,43.0,17
air_quality,2026-06-04T08:13:26+00:00,2510911,Seville,ES,2026-05-13T05:00,37.4,-6.0,Europe/Madrid,8.1,4.5,120.0,10.7,38.0,15
air_quality,2026-06-04T08:13:26+00:00,2510911,Seville,ES,2026-05-13T06:00,37.4,-6.0,Europe/Madrid,9.7,6.8,124.0,16.0,33.0,13
air_quality,2026-06-04T08:13:26+00:00,2510911,Seville,ES,2026-05-13T07:00,37.4,-6.0,Europe/Madrid,12.7,8.0,135.0,25.3,22.0,13
air_quality,2026-06-04T08:13:26+00:00,2510911,Seville,ES,2026-05-13T08:00,37.4,-6.0,Europe/Madrid,14.7,9.8,158.0,35.4,8.0,18
air_quality,2026-06-04T08:13:26+00:00,2510911,Seville,ES,2026-05-13T09:00,37.4,-6.0,Europe/Madrid,16.4,9.3,175.0,29.9,15.0,15
air_quality,2026-06-04T08:13:26+00:00,2510911,Seville,ES,2026-05-13T10:00,37.4,-6.0,Europe/Madrid,14.2,8.7,167.0,21.8,36.0,14
air_quality,2026-06-04T08:13:26+00:00,2510911,Seville,ES,2026-05-13T11:00,37.4,-6.0,Europe/Madrid,13.7,7.9,151.0,18.4,45.0,18
air_quality,2026-06-04T08:13:26+00:00,2510911,Seville,ES,2026-05-13T12:00,37.4,-6.0,Europe/Madrid,10.4,5.0,134.0,11.3,65.0,26
air_quality,2026-06-04T08:13:26+00:00,2510911,Seville,ES,2026-05-13T13:00,37.4,-6.0,Europe/Madrid,8.0,4.3,119.0,5.1,85.0,34
air_quality,2026-06-04T08:13:26+00:00,2510911,Seville,ES,2026-05-13T14:00,37.4,-6.0,Europe/Madrid,6.5,3.5,116.0,3.4,92.0,37
air_quality,2026-06-04T08:13:26+00:00,2510911,Seville,ES,2026-05-13T15:00,37.4,-6.0,Europe/Madrid,5.3,2.9,114.0,3.1,95.0,38
air_quality,2026-06-04T08:13:26+00:00,2510911,Seville,ES,2026-05-13T16:00,37.4,-6.0,Europe/Madrid,4.3,2.6,114.0,3.1,96.0,38
air_quality,2026-06-04T08:13:26+00:00,2510911,Seville,ES,2026-05-13T17:00,37.4,-6.0,Europe/Madrid,4.3,2.6,114.0,3.4,96.0,38
air_quality,2026-06-04T08:13:26+00:00,2510911,Seville,ES,2026-05-13T18:00,37.4,-6.0,Europe/Madrid,4.4,2.9,115.0,4.1,94.0,38
air_quality,2026-06-04T08:13:26+00:00,2510911,Seville,ES,2026-05-13T19:00,37.4,-6.0,Europe/Madrid,5.7,3.4,116.0,4.8,90.0,36
air_quality,2026-06-04T08:13:26+00:00,2510911,Seville,ES,2026-05-13T20:00,37.4,-6.0,Europe/Madrid,6.9,3.7,112.0,5.5,82.0,33
air_quality,2026-06-04T08:13:26+00:00,2510911,Seville,ES,2026-05-13T21:00,37.4,-6.0,Europe/Madrid,7.7,3.7,115.0,7.5,79.0,32
air_quality,2026-06-04T08:13:26+00:00,2510911,Seville,ES,2026-05-13T22:00,37.4,-6.0,Europe/Madrid,8.1,4.0,119.0,8.8,79.0,32
air_quality,2026-06-04T08:13:26+00:00,2510911,Seville,ES,2026-05-13T23:00,37.4,-6.0,Europe/Madrid,8.6,4.7,123.0,9.3,76.0,30
air_quality,2026-06-04T08:13:26+00:00,2510911,Seville,ES,2026-05-14T00:00,37.4,-6.0,Europe/Madrid,8.8,4.7,124.0,9.5,71.0,28
air_quality,2026-06-04T08:13:26+00:00,2510911,Seville,ES,2026-05-14T01:00,37.4,-6.0,Europe/Madrid,9.0,5.0,125.0,10.0,65.0,26
air_quality,2026-06-04T08:13:26+00:00,2510911,Seville,ES,2026-05-14T02:00,37.4,-6.0,Europe/Madrid,9.0,5.2,131.0,12.6,57.0,23
air_quality,2026-06-04T08:13:26+00:00,2510911,Seville,ES,2026-05-14T03:00,37.4,-6.0,Europe/Madrid,10.6,6.3,131.0,12.0,53.0,21
air_quality,2026-06-04T08:13:26+00:00,2510911,Seville,ES,2026-05-14T04:00,37.4,-6.0,Europe/Madrid,11.5,8.1,131.0,12.6,46.0,18
air_quality,2026-06-04T08:13:26+00:00,2510911,Seville,ES,2026-05-14T05:00,37.4,-6.0,Europe/Madrid,12.6,8.7,134.0,14.5,40.0,16
air_quality,2026-06-04T08:13:26+00:00,2510911,Seville,ES,2026-05-14T06:00,37.4,-6.0,Europe/Madrid,13.2,9.9,138.0,20.7,37.0,15
air_quality,2026-06-04T08:13:26+00:00,2510911,Seville,ES,2026-05-14T07:00,37.4,-6.0,Europe/Madrid,15.0,11.3,148.0,30.3,28.0,15
air_quality,2026-06-04T08:13:26+00:00,2510911,Seville,ES,2026-05-14T08:00,37.4,-6.0,Europe/Madrid,16.0,12.8,171.0,37.0,14.0,18
air_quality,2026-06-04T08:13:26+00:00,2510911,Seville,ES,2026-05-14T09:00,37.4,-6.0,Europe/Madrid,15.8,12.0,178.0,39.0,16.0,20
air_quality,2026-06-04T08:13:26+00:00,2510911,Seville,ES,2026-05-14T10:00,37.4,-6.0,Europe/Madrid,16.8,11.8,176.0,29.5,24.0,15
air_quality,2026-06-04T08:13:26+00:00,2510911,Seville,ES,2026-05-14T11:00,37.4,-6.0,Europe/Madrid,16.2,11.2,162.0,26.1,41.0,16
air_quality,2026-06-04T08:13:26+00:00,2510911,Seville,ES,2026-05-14T12:00,37.4,-6.0,Europe/Madrid,14.1,9.1,146.0,21.1,58.0,23
air_quality,2026-06-04T08:13:26+00:00,2510911,Seville,ES,2026-05-14T13:00,37.4,-6.0,Europe/Madrid,11.3,7.6,136.0,10.3,82.0,33
air_quality,2026-06-04T08:13:26+00:00,2510911,Seville,ES,2026-05-14T14:00,37.4,-6.0,Europe/Madrid,9.6,6.9,127.0,4.4,102.0,41
air_quality,2026-06-04T08:13:26+00:00,2510911,Seville,ES,2026-05-14T15:00,37.4,-6.0,Europe/Madrid,7.3,5.3,126.0,3.3,110.0,47
air_quality,2026-06-04T08:13:26+00:00,2510911,Seville,ES,2026-05-14T16:00,37.4,-6.0,Europe/Madrid,6.3,4.1,124.0,3.3,108.0,45
air_quality,2026-06-04T08:13:26+00:00,2510911,Seville,ES,2026-05-14T17:00,37.4,-6.0,Europe/Madrid,5.8,3.6,124.0,3.2,105.0,43
air_quality,2026-06-04T08:13:26+00:00,2510911,Seville,ES,2026-05-14T18:00,37.4,-6.0,Europe/Madrid,5.0,3.5,121.0,3.3,99.0,40
air_quality,2026-06-04T08:13:26+00:00,2510911,Seville,ES,2026-05-14T19:00,37.4,-6.0,Europe/Madrid,4.7,3.7,118.0,3.4,94.0,38
air_quality,2026-06-04T08:13:26+00:00,2510911,Seville,ES,2026-05-14T20:00,37.4,-6.0,Europe/Madrid,5.5,3.7,118.0,4.7,87.0,35
air_quality,2026-06-04T08:13:26+00:00,2510911,Seville,ES,2026-05-14T21:00,37.4,-6.0,Europe/Madrid,6.0,4.2,118.0,6.5,82.0,33
air_quality,2026-06-04T08:13:26+00:00,2510911,Seville,ES,2026-05-14T22:00,37.4,-6.0,Europe/Madrid,6.3,4.2,122.0,8.1,81.0,32
air_quality,2026-06-04T08:13:26+00:00,2510911,Seville,ES,2026-05-14T23:00,37.4,-6.0,Europe/Madrid,6.7,4.5,122.0,7.9,77.0,31
air_quality,2026-06-04T08:13:26+00:00,2510911,Seville,ES,2026-05-15T00:00,37.4,-6.0,Europe/Madrid,8.0,4.8,122.0,7.8,70.0,28
air_quality,2026-06-04T08:13:26+00:00,2510911,Seville,ES,2026-05-15T01:00,37.4,-6.0,Europe/Madrid,8.6,5.2,123.0,8.1,59.0,24
air_quality,2026-06-04T08:13:26+00:00,2510911,Seville,ES,2026-05-15T02:00,37.4,-6.0,Europe/Madrid,9.3,5.4,126.0,8.9,57.0,23
air_quality,2026-06-04T08:13:26+00:00,2510911,Seville,ES,2026-05-15T03:00,37.4,-6.0,Europe/Madrid,9.2,5.4,130.0,11.0,48.0,19
air_quality,2026-06-04T08:13:26+00:00,2510911,Seville,ES,2026-05-15T04:00,37.4,-6.0,Europe/Madrid,8.8,5.1,132.0,9.8,45.0,18
air_quality,2026-06-04T08:13:26+00:00,2510911,Seville,ES,2026-05-15T05:00,37.4,-6.0,Europe/Madrid,8.7,5.4,131.0,10.0,46.0,18
air_quality,2026-06-04T08:13:26+00:00,2510911,Seville,ES,2026-05-15T06:00,37.4,-6.0,Europe/Madrid,9.3,6.2,136.0,13.2,45.0,18
air_quality,2026-06-04T08:13:26+00:00,2510911,Seville,ES,2026-05-15T07:00,37.4,-6.0,Europe/Madrid,10.5,6.3,148.0,21.6,35.0,14
air_quality,2026-06-04T08:13:26+00:00,2510911,Seville,ES,2026-05-15T08:00,37.4,-6.0,Europe/Madrid,11.0,7.3,164.0,32.0,19.0,16
air_quality,2026-06-04T08:13:26+00:00,2510911,Seville,ES,2026-05-15T09:00,37.4,-6.0,Europe/Madrid,11.6,7.6,159.0,28.7,24.0,14
air_quality,2026-06-04T08:13:26+00:00,2510911,Seville,ES,2026-05-15T10:00,37.4,-6.0,Europe/Madrid,11.0,7.3,145.0,13.1,46.0,18
air_quality,2026-06-04T08:13:26+00:00,2510911,Seville,ES,2026-05-15T11:00,37.4,-6.0,Europe/Madrid,10.6,6.7,136.0,7.0,55.0,22
air_quality,2026-06-04T08:13:26+00:00,2510911,Seville,ES,2026-05-15T12:00,37.4,-6.0,Europe/Madrid,10.0,6.0,132.0,4.8,71.0,28
air_quality,2026-06-04T08:13:26+00:00,2510911,Seville,ES,2026-05-15T13:00,37.4,-6.0,Europe/Madrid,9.1,5.3,130.0,3.4,84.0,34
air_quality,2026-06-04T08:13:26+00:00,2510911,Seville,ES,2026-05-15T14:00,37.4,-6.0,Europe/Madrid,7.7,4.7,126.0,2.6,91.0,36
air_quality,2026-06-04T08:13:26+00:00,2510911,Seville,ES,2026-05-15T15:00,37.4,-6.0,Europe/Madrid,7.3,4.5,125.0,2.5,91.0,36
air_quality,2026-06-04T08:13:26+00:00,2510911,Seville,ES,2026-05-15T16:00,37.4,-6.0,Europe/Madrid,7.3,4.3,124.0,2.6,90.0,36
air_quality,2026-06-04T08:13:26+00:00,2510911,Seville,ES,2026-05-15T17:00,37.4,-6.0,Europe/Madrid,7.3,4.2,122.0,2.9,88.0,35
air_quality,2026-06-04T08:13:26+00:00,2510911,Seville,ES,2026-05-15T18:00,37.4,-6.0,Europe/Madrid,7.1,4.0,120.0,3.8,82.0,33
air_quality,2026-06-04T08:13:26+00:00,2510911,Seville,ES,2026-05-15T19:00,37.4,-6.0,Europe/Madrid,6.4,4.2,119.0,5.0,76.0,30
air_quality,2026-06-04T08:13:26+00:00,2510911,Seville,ES,2026-05-15T20:00,37.4,-6.0,Europe/Madrid,6.4,4.0,121.0,6.2,77.0,31
air_quality,2026-06-04T08:13:26+00:00,2510911,Seville,ES,2026-05-15T21:00,37.4,-6.0,Europe/Madrid,5.3,3.5,121.0,8.7,69.0,28
air_quality,2026-06-04T08:13:26+00:00,2510911,Seville,ES,2026-05-15T22:00,37.4,-6.0,Europe/Madrid,5.1,3.5,123.0,9.9,67.0,27
air_quality,2026-06-04T08:13:26+00:00,2510911,Seville,ES,2026-05-15T23:00,37.4,-6.0,Europe/Madrid,6.0,3.9,124.0,8.5,68.0,27
air_quality,2026-06-04T08:13:26+00:00,2510911,Seville,ES,2026-05-16T00:00,37.4,-6.0,Europe/Madrid,6.9,4.1,125.0,10.3,57.0,23
air_quality,2026-06-04T08:13:26+00:00,2510911,Seville,ES,2026-05-16T01:00,37.4,-6.0,Europe/Madrid,7.4,4.5,130.0,14.1,55.0,22
air_quality,2026-06-04T08:13:26+00:00,2510911,Seville,ES,2026-05-16T02:00,37.4,-6.0,Europe/Madrid,8.7,3.9,125.0,16.5,48.0,19
air_quality,2026-06-04T08:13:26+00:00,2510911,Seville,ES,2026-05-16T03:00,37.4,-6.0,Europe/Madrid,9.5,5.7,127.0,19.0,39.0,16
air_quality,2026-06-04T08:13:26+00:00,2510911,Seville,ES,2026-05-16T04:00,37.4,-6.0,Europe/Madrid,8.7,5.7,129.0,17.9,39.0,16
air_quality,2026-06-04T08:13:26+00:00,2510911,Seville,ES,2026-05-16T05:00,37.4,-6.0,Europe/Madrid,6.8,4.4,122.0,14.4,41.0,16
air_quality,2026-06-04T08:13:26+00:00,2510911,Seville,ES,2026-05-16T06:00,37.4,-6.0,Europe/Madrid,5.6,3.3,122.0,12.7,41.0,16
air_quality,2026-06-04T08:13:26+00:00,2510911,Seville,ES,2026-05-16T07:00,37.4,-6.0,Europe/Madrid,5.0,3.0,128.0,11.6,41.0,16
air_quality,2026-06-04T08:13:26+00:00,2510911,Seville,ES,2026-05-16T08:00,37.4,-6.0,Europe/Madrid,4.7,2.8,131.0,9.7,42.0,17
air_quality,2026-06-04T08:13:26+00:00,2510911,Seville,ES,2026-05-16T09:00,37.4,-6.0,Europe/Madrid,4.3,2.6,129.0,6.7,45.0,18
air_quality,2026-06-04T08:13:26+00:00,2510911,Seville,ES,2026-05-16T10:00,37.4,-6.0,Europe/Madrid,4.1,2.5,126.0,4.8,52.0,21
air_quality,2026-06-04T08:13:26+00:00,2510911,Seville,ES,2026-05-16T11:00,37.4,-6.0,Europe/Madrid,4.7,2.8,125.0,4.3,55.0,22
air_quality,2026-06-04T08:13:26+00:00,2510911,Seville,ES,2026-05-16T12:00,37.4,-6.0,Europe/Madrid,5.7,3.3,126.0,4.8,66.0,26
air_quality,2026-06-04T08:13:26+00:00,2510911,Seville,ES,2026-05-16T13:00,37.4,-6.0,Europe/Madrid,6.0,3.7,124.0,3.3,82.0,33
air_quality,2026-06-04T08:13:26+00:00,2510911,Seville,ES,2026-05-16T14:00,37.4,-6.0,Europe/Madrid,5.8,3.7,121.0,3.1,90.0,36
air_quality,2026-06-04T08:13:26+00:00,2510911,Seville,ES,2026-05-16T15:00,37.4,-6.0,Europe/Madrid,5.2,3.4,119.0,3.0,100.0,40
air_quality,2026-06-04T08:13:26+00:00,2510911,Seville,ES,2026-05-16T16:00,37.4,-6.0,Europe/Madrid,4.6,3.2,117.0,2.3,102.0,41
air_quality,2026-06-04T08:13:26+00:00,2510911,Seville,ES,2026-05-16T17:00,37.4,-6.0,Europe/Madrid,4.2,3.0,116.0,2.1,100.0,40
air_quality,2026-06-04T08:13:26+00:00,2510911,Seville,ES,2026-05-16T18:00,37.4,-6.0,Europe/Madrid,4.5,3.1,116.0,2.0,95.0,38
air_quality,2026-06-04T08:13:26+00:00,2510911,Seville,ES,2026-05-16T19:00,37.4,-6.0,Europe/Madrid,6.0,3.5,116.0,2.4,90.0,36
air_quality,2026-06-04T08:13:26+00:00,2510911,Seville,ES,2026-05-16T20:00,37.4,-6.0,Europe/Madrid,6.9,4.3,116.0,3.1,88.0,35
air_quality,2026-06-04T08:13:26+00:00,2510911,Seville,ES,2026-05-16T21:00,37.4,-6.0,Europe/Madrid,6.7,4.3,118.0,5.0,87.0,35
air_quality,2026-06-04T08:13:26+00:00,2510911,Seville,ES,2026-05-16T22:00,37.4,-6.0,Europe/Madrid,6.5,3.6,118.0,6.1,84.0,34
air_quality,2026-06-04T08:13:26+00:00,2510911,Seville,ES,2026-05-16T23:00,37.4,-6.0,Europe/Madrid,7.0,4.1,118.0,7.1,77.0,31
air_quality,2026-06-04T08:13:26+00:00,2510911,Seville,ES,2026-05-17T00:00,37.4,-6.0,Europe/Madrid,7.6,4.5,120.0,7.5,72.0,29
air_quality,2026-06-04T08:13:26+00:00,2510911,Seville,ES,2026-05-17T01:00,37.4,-6.0,Europe/Madrid,8.4,4.9,122.0,8.3,68.0,27
air_quality,2026-06-04T08:13:26+00:00,2510911,Seville,ES,2026-05-17T02:00,37.4,-6.0,Europe/Madrid,9.2,4.9,123.0,10.3,60.0,24
air_quality,2026-06-04T08:13:26+00:00,2510911,Seville,ES,2026-05-17T03:00,37.4,-6.0,Europe/Madrid,9.7,5.3,125.0,9.9,53.0,21
air_quality,2026-06-04T08:13:26+00:00,2510911,Seville,ES,2026-05-17T04:00,37.4,-6.0,Europe/Madrid,10.5,5.7,127.0,10.3,48.0,19
air_quality,2026-06-04T08:13:26+00:00,2510911,Seville,ES,2026-05-17T05:00,37.4,-6.0,Europe/Madrid,11.8,6.2,127.0,10.7,45.0,18
air_quality,2026-06-04T08:13:26+00:00,2510911,Seville,ES,2026-05-17T06:00,37.4,-6.0,Europe/Madrid,12.9,6.8,129.0,10.8,43.0,17
air_quality,2026-06-04T08:13:26+00:00,2510911,Seville,ES,2026-05-17T07:00,37.4,-6.0,Europe/Madrid,12.5,7.4,132.0,11.8,40.0,16
air_quality,2026-06-04T08:13:26+00:00,2510911,Seville,ES,2026-05-17T08:00,37.4,-6.0,Europe/Madrid,10.7,7.0,140.0,13.7,37.0,15
air_quality,2026-06-04T08:13:26+00:00,2510911,Seville,ES,2026-05-17T09:00,37.4,-6.0,Europe/Madrid,9.4,6.2,139.0,7.8,47.0,19
air_quality,2026-06-04T08:13:26+00:00,2510911,Seville,ES,2026-05-17T10:00,37.4,-6.0,Europe/Madrid,8.7,5.4,134.0,5.3,56.0,22
air_quality,2026-06-04T08:13:26+00:00,2510911,Seville,ES,2026-05-17T11:00,37.4,-6.0,Europe/Madrid,8.5,5.5,131.0,5.0,66.0,26
air_quality,2026-06-04T08:13:26+00:00,2510911,Seville,ES,2026-05-17T12:00,37.4,-6.0,Europe/Madrid,8.6,5.2,127.0,2.9,78.0,31
air_quality,2026-06-04T08:13:26+00:00,2510911,Seville,ES,2026-05-17T13:00,37.4,-6.0,Europe/Madrid,7.1,3.8,124.0,2.0,87.0,35
air_quality,2026-06-04T08:13:26+00:00,2510911,Seville,ES,2026-05-17T14:00,37.4,-6.0,Europe/Madrid,5.5,3.3,117.0,1.8,89.0,36
air_quality,2026-06-04T08:13:26+00:00,2510911,Seville,ES,2026-05-17T15:00,37.4,-6.0,Europe/Madrid,4.7,3.0,114.0,1.6,89.0,36
air_quality,2026-06-04T08:13:26+00:00,2510911,Seville,ES,2026-05-17T16:00,37.4,-6.0,Europe/Madrid,4.2,2.8,112.0,1.2,90.0,36
air_quality,2026-06-04T08:13:26+00:00,2510911,Seville,ES,2026-05-17T17:00,37.4,-6.0,Europe/Madrid,4.1,2.8,112.0,1.1,94.0,38
air_quality,2026-06-04T08:13:26+00:00,2510911,Seville,ES,2026-05-17T18:00,37.4,-6.0,Europe/Madrid,4.2,2.8,110.0,1.2,92.0,37
air_quality,2026-06-04T08:13:26+00:00,2510911,Seville,ES,2026-05-17T19:00,37.4,-6.0,Europe/Madrid,4.9,3.1,111.0,1.8,86.0,34
air_quality,2026-06-04T08:13:26+00:00,2510911,Seville,ES,2026-05-17T20:00,37.4,-6.0,Europe/Madrid,5.4,3.4,112.0,2.8,80.0,32
air_quality,2026-06-04T08:13:26+00:00,2510911,Seville,ES,2026-05-17T21:00,37.4,-6.0,Europe/Madrid,5.5,3.8,115.0,4.0,74.0,30
air_quality,2026-06-04T08:13:26+00:00,2510911,Seville,ES,2026-05-17T22:00,37.4,-6.0,Europe/Madrid,5.9,4.0,116.0,5.7,70.0,28
air_quality,2026-06-04T08:13:26+00:00,2510911,Seville,ES,2026-05-17T23:00,37.4,-6.0,Europe/Madrid,6.8,4.6,119.0,6.1,65.0,26
air_quality,2026-06-04T08:13:26+00:00,2510911,Seville,ES,2026-05-18T00:00,37.4,-6.0,Europe/Madrid,7.5,4.3,119.0,6.8,60.0,24
air_quality,2026-06-04T08:13:26+00:00,2510911,Seville,ES,2026-05-18T01:00,37.4,-6.0,Europe/Madrid,8.7,4.3,122.0,7.9,54.0,22
air_quality,2026-06-04T08:13:26+00:00,2510911,Seville,ES,2026-05-18T02:00,37.4,-6.0,Europe/Madrid,8.5,5.0,123.0,8.3,52.0,21
air_quality,2026-06-04T08:13:26+00:00,2510911,Seville,ES,2026-05-18T03:00,37.4,-6.0,Europe/Madrid,9.2,5.3,124.0,8.5,48.0,19
air_quality,2026-06-04T08:13:26+00:00,2510911,Seville,ES,2026-05-18T04:00,37.4,-6.0,Europe/Madrid,9.2,5.5,128.0,10.1,41.0,16
air_quality,2026-06-04T08:13:26+00:00,2510911,Seville,ES,2026-05-18T05:00,37.4,-6.0,Europe/Madrid,9.1,5.8,134.0,12.0,38.0,15
air_quality,2026-06-04T08:13:26+00:00,2510911,Seville,ES,2026-05-18T06:00,37.4,-6.0,Europe/Madrid,9.3,6.3,140.0,18.1,33.0,13
air_quality,2026-06-04T08:13:26+00:00,2510911,Seville,ES,2026-05-18T07:00,37.4,-6.0,Europe/Madrid,10.3,7.3,146.0,26.5,25.0,13
air_quality,2026-06-04T08:13:26+00:00,2510911,Seville,ES,2026-05-18T08:00,37.4,-6.0,Europe/Madrid,12.3,8.8,171.0,35.2,13.0,18
air_quality,2026-06-04T08:13:26+00:00,2510911,Seville,ES,2026-05-18T09:00,37.4,-6.0,Europe/Madrid,13.6,9.5,168.0,26.2,25.0,13
air_quality,2026-06-04T08:13:26+00:00,2510911,Seville,ES,2026-05-18T10:00,37.4,-6.0,Europe/Madrid,13.3,8.8,163.0,20.7,39.0,16
air_quality,2026-06-04T08:13:26+00:00,2510911,Seville,ES,2026-05-18T11:00,37.4,-6.0,Europe/Madrid,12.0,8.7,149.0,14.5,43.0,17
air_quality,2026-06-04T08:13:26+00:00,2510911,Seville,ES,2026-05-18T12:00,37.4,-6.0,Europe/Madrid,10.7,6.6,142.0,12.5,53.0,21
air_quality,2026-06-04T08:13:26+00:00,2510911,Seville,ES,2026-05-18T13:00,37.4,-6.0,Europe/Madrid,9.3,5.5,134.0,7.3,73.0,29
air_quality,2026-06-04T08:13:26+00:00,2510911,Seville,ES,2026-05-18T14:00,37.4,-6.0,Europe/Madrid,7.2,4.7,127.0,3.3,89.0,36
air_quality,2026-06-04T08:13:26+00:00,2510911,Seville,ES,2026-05-18T15:00,37.4,-6.0,Europe/Madrid,6.4,3.8,122.0,2.7,92.0,37
air_quality,2026-06-04T08:13:26+00:00,2510911,Seville,ES,2026-05-18T16:00,37.4,-6.0,Europe/Madrid,6.1,3.6,119.0,2.6,92.0,37
air_quality,2026-06-04T08:13:26+00:00,2510911,Seville,ES,2026-05-18T17:00,37.4,-6.0,Europe/Madrid,6.0,3.7,117.0,2.6,93.0,37
air_quality,2026-06-04T08:13:26+00:00,2510911,Seville,ES,2026-05-18T18:00,37.4,-6.0,Europe/Madrid,6.6,4.2,118.0,3.0,92.0,37
air_quality,2026-06-04T08:13:26+00:00,2510911,Seville,ES,2026-05-18T19:00,37.4,-6.0,Europe/Madrid,6.8,4.2,118.0,3.7,90.0,36
air_quality,2026-06-04T08:13:26+00:00,2510911,Seville,ES,2026-05-18T20:00,37.4,-6.0,Europe/Madrid,6.6,3.8,117.0,4.4,84.0,34
air_quality,2026-06-04T08:13:26+00:00,2510911,Seville,ES,2026-05-18T21:00,37.4,-6.0,Europe/Madrid,6.8,4.0,117.0,6.2,81.0,32
air_quality,2026-06-04T08:13:26+00:00,2510911,Seville,ES,2026-05-18T22:00,37.4,-6.0,Europe/Madrid,7.4,4.4,117.0,6.8,76.0,30
air_quality,2026-06-04T08:13:26+00:00,2510911,Seville,ES,2026-05-18T23:00,37.4,-6.0,Europe/Madrid,8.1,4.8,118.0,6.9,73.0,29
air_quality,2026-06-04T08:13:26+00:00,2510911,Seville,ES,2026-05-19T00:00,37.4,-6.0,Europe/Madrid,8.6,5.2,121.0,7.1,70.0,28
air_quality,2026-06-04T08:13:26+00:00,2510911,Seville,ES,2026-05-19T01:00,37.4,-6.0,Europe/Madrid,9.2,5.6,123.0,7.6,68.0,27
air_quality,2026-06-04T08:13:26+00:00,2510911,Seville,ES,2026-05-19T02:00,37.4,-6.0,Europe/Madrid,10.0,5.4,124.0,8.2,64.0,26
air_quality,2026-06-04T08:13:26+00:00,2510911,Seville,ES,2026-05-19T03:00,37.4,-6.0,Europe/Madrid,10.5,5.5,123.0,8.4,58.0,23
air_quality,2026-06-04T08:13:26+00:00,2510911,Seville,ES,2026-05-19T04:00,37.4,-6.0,Europe/Madrid,10.7,5.6,125.0,9.3,52.0,21
air_quality,2026-06-04T08:13:26+00:00,2510911,Seville,ES,2026-05-19T05:00,37.4,-6.0,Europe/Madrid,11.0,6.0,129.0,11.2,47.0,19
air_quality,2026-06-04T08:13:26+00:00,2510911,Seville,ES,2026-05-19T06:00,37.4,-6.0,Europe/Madrid,11.3,7.1,137.0,17.7,40.0,16
air_quality,2026-06-04T08:13:26+00:00,2510911,Seville,ES,2026-05-19T07:00,37.4,-6.0,Europe/Madrid,12.7,8.6,148.0,26.8,28.0,13
air_quality,2026-06-04T08:13:26+00:00,2510911,Seville,ES,2026-05-19T08:00,37.4,-6.0,Europe/Madrid,14.7,10.2,172.0,38.1,14.0,19
air_quality,2026-06-04T08:13:26+00:00,2510911,Seville,ES,2026-05-19T09:00,37.4,-6.0,Europe/Madrid,16.9,10.6,172.0,36.2,19.0,18
air_quality,2026-06-04T08:13:26+00:00,2510911,Seville,ES,2026-05-19T10:00,37.4,-6.0,Europe/Madrid,15.1,8.8,165.0,26.7,37.0,15
air_quality,2026-06-04T08:13:26+00:00,2510911,Seville,ES,2026-05-19T11:00,37.4,-6.0,Europe/Madrid,13.3,8.1,151.0,16.5,49.0,20
air_quality,2026-06-04T08:13:26+00:00,2510911,Seville,ES,2026-05-19T12:00,37.4,-6.0,Europe/Madrid,11.3,6.9,140.0,11.7,62.0,25
air_quality,2026-06-04T08:13:26+00:00,2510911,Seville,ES,2026-05-19T13:00,37.4,-6.0,Europe/Madrid,10.7,6.5,132.0,7.1,78.0,31
air_quality,2026-06-04T08:13:26+00:00,2510911,Seville,ES,2026-05-19T14:00,37.4,-6.0,Europe/Madrid,11.6,6.9,128.0,4.6,96.0,38
air_quality,2026-06-04T08:13:26+00:00,2510911,Seville,ES,2026-05-19T15:00,37.4,-6.0,Europe/Madrid,12.3,6.4,127.0,4.2,106.0,44
air_quality,2026-06-04T08:13:26+00:00,2510911,Seville,ES,2026-05-19T16:00,37.4,-6.0,Europe/Madrid,12.7,6.2,128.0,4.2,116.0,51
air_quality,2026-06-04T08:13:26+00:00,2510911,Seville,ES,2026-05-19T17:00,37.4,-6.0,Europe/Madrid,12.4,6.4,128.0,4.3,122.0,55
air_quality,2026-06-04T08:13:26+00:00,2510911,Seville,ES,2026-05-19T18:00,37.4,-6.0,Europe/Madrid,11.8,6.7,128.0,5.5,125.0,57
air_quality,2026-06-04T08:13:26+00:00,2510911,Seville,ES,2026-05-19T19:00,37.4,-6.0,Europe/Madrid,11.5,6.8,130.0,8.0,119.0,53
air_quality,2026-06-04T08:13:26+00:00,2510911,Seville,ES,2026-05-19T20:00,37.4,-6.0,Europe/Madrid,11.3,6.4,135.0,11.5,112.0,48
air_quality,2026-06-04T08:13:26+00:00,2510911,Seville,ES,2026-05-19T21:00,37.4,-6.0,Europe/Madrid,11.3,6.4,137.0,14.7,103.0,42
air_quality,2026-06-04T08:13:26+00:00,2510911,Seville,ES,2026-05-19T22:00,37.4,-6.0,Europe/Madrid,11.1,6.4,141.0,17.3,92.0,37
air_quality,2026-06-04T08:13:26+00:00,2510911,Seville,ES,2026-05-19T23:00,37.4,-6.0,Europe/Madrid,9.1,6.3,134.0,16.3,67.0,27
air_quality,2026-06-04T08:13:26+00:00,2510911,Seville,ES,2026-05-20T00:00,37.4,-6.0,Europe/Madrid,9.5,6.2,134.0,16.5,55.0,22
air_quality,2026-06-04T08:13:26+00:00,2510911,Seville,ES,2026-05-20T01:00,37.4,-6.0,Europe/Madrid,9.7,6.1,138.0,16.7,44.0,18
air_quality,2026-06-04T08:13:26+00:00,2510911,Seville,ES,2026-05-20T02:00,37.4,-6.0,Europe/Madrid,11.5,7.0,137.0,17.2,43.0,17
air_quality,2026-06-04T08:13:26+00:00,2510911,Seville,ES,2026-05-20T03:00,37.4,-6.0,Europe/Madrid,11.9,7.2,138.0,17.7,39.0,16
air_quality,2026-06-04T08:13:26+00:00,2510911,Seville,ES,2026-05-20T04:00,37.4,-6.0,Europe/Madrid,12.1,7.5,138.0,18.6,35.0,14
air_quality,2026-06-04T08:13:26+00:00,2510911,Seville,ES,2026-05-20T05:00,37.4,-6.0,Europe/Madrid,12.5,7.9,139.0,18.3,37.0,15
air_quality,2026-06-04T08:13:26+00:00,2510911,Seville,ES,2026-05-20T06:00,37.4,-6.0,Europe/Madrid,13.3,8.3,148.0,23.0,29.0,14
air_quality,2026-06-04T08:13:26+00:00,2510911,Seville,ES,2026-05-20T07:00,37.4,-6.0,Europe/Madrid,14.0,9.2,151.0,29.4,18.0,15
air_quality,2026-06-04T08:13:26+00:00,2510911,Seville,ES,2026-05-20T08:00,37.4,-6.0,Europe/Madrid,15.2,11.1,167.0,33.5,11.0,17
air_quality,2026-06-04T08:13:26+00:00,2510911,Seville,ES,2026-05-20T09:00,37.4,-6.0,Europe/Madrid,13.1,9.6,163.0,24.9,26.0,15
air_quality,2026-06-04T08:13:26+00:00,2510911,Seville,ES,2026-05-20T10:00,37.4,-6.0,Europe/Madrid,11.0,7.7,147.0,17.2,45.0,18
air_quality,2026-06-04T08:13:26+00:00,2510911,Seville,ES,2026-05-20T11:00,37.4,-6.0,Europe/Madrid,10.4,6.5,137.0,11.9,63.0,25
air_quality,2026-06-04T08:13:26+00:00,2510911,Seville,ES,2026-05-20T12:00,37.4,-6.0,Europe/Madrid,10.2,6.9,131.0,6.2,78.0,31
air_quality,2026-06-04T08:13:26+00:00,2510911,Seville,ES,2026-05-20T13:00,37.4,-6.0,Europe/Madrid,10.2,6.3,126.0,3.9,102.0,41
air_quality,2026-06-04T08:13:26+00:00,2510911,Seville,ES,2026-05-20T14:00,37.4,-6.0,Europe/Madrid,10.1,6.4,123.0,3.3,113.0,49
air_quality,2026-06-04T08:13:26+00:00,2510911,Seville,ES,2026-05-20T15:00,37.4,-6.0,Europe/Madrid,10.5,6.5,121.0,3.2,116.0,51
air_quality,2026-06-04T08:13:26+00:00,2510911,Seville,ES,2026-05-20T16:00,37.4,-6.0,Europe/Madrid,10.4,6.3,120.0,3.5,117.0,51
air_quality,2026-06-04T08:13:26+00:00,2510911,Seville,ES,2026-05-20T17:00,37.4,-6.0,Europe/Madrid,9.8,5.7,119.0,4.3,118.0,52
air_quality,2026-06-04T08:13:26+00:00,2510911,Seville,ES,2026-05-20T18:00,37.4,-6.0,Europe/Madrid,9.6,5.4,119.0,5.3,119.0,53
air_quality,2026-06-04T08:13:26+00:00,2510911,Seville,ES,2026-05-20T19:00,37.4,-6.0,Europe/Madrid,9.4,5.3,122.0,7.4,118.0,52
air_quality,2026-06-04T08:13:26+00:00,2510911,Seville,ES,2026-05-20T20:00,37.4,-6.0,Europe/Madrid,9.5,6.0,122.0,9.8,108.0,45
air_quality,2026-06-04T08:13:26+00:00,2510911,Seville,ES,2026-05-20T21:00,37.4,-6.0,Europe/Madrid,9.7,5.9,126.0,10.6,92.0,37
air_quality,2026-06-04T08:13:26+00:00,2510911,Seville,ES,2026-05-20T22:00,37.4,-6.0,Europe/Madrid,10.5,6.8,125.0,10.0,87.0,35
air_quality,2026-06-04T08:13:26+00:00,2510911,Seville,ES,2026-05-20T23:00,37.4,-6.0,Europe/Madrid,12.1,7.2,125.0,10.8,88.0,35
air_quality,2026-06-04T08:13:26+00:00,2510911,Seville,ES,2026-05-21T00:00,37.4,-6.0,Europe/Madrid,12.7,7.8,129.0,11.9,77.0,31
air_quality,2026-06-04T08:13:26+00:00,2510911,Seville,ES,2026-05-21T01:00,37.4,-6.0,Europe/Madrid,13.5,8.2,133.0,15.4,68.0,27
air_quality,2026-06-04T08:13:26+00:00,2510911,Seville,ES,2026-05-21T02:00,37.4,-6.0,Europe/Madrid,13.9,8.1,135.0,17.3,61.0,24
air_quality,2026-06-04T08:13:26+00:00,2510911,Seville,ES,2026-05-21T03:00,37.4,-6.0,Europe/Madrid,14.0,8.4,135.0,16.0,56.0,22
air_quality,2026-06-04T08:13:26+00:00,2510911,Seville,ES,2026-05-21T04:00,37.4,-6.0,Europe/Madrid,13.8,8.3,135.0,15.3,53.0,21
air_quality,2026-06-04T08:13:26+00:00,2510911,Seville,ES,2026-05-21T05:00,37.4,-6.0,Europe/Madrid,11.9,8.2,136.0,15.5,48.0,19
air_quality,2026-06-04T08:13:26+00:00,2510911,Seville,ES,2026-05-21T06:00,37.4,-6.0,Europe/Madrid,10.3,6.7,134.0,16.3,42.0,17
air_quality,2026-06-04T08:13:26+00:00,2510911,Seville,ES,2026-05-21T07:00,37.4,-6.0,Europe/Madrid,9.5,5.9,126.0,18.5,46.0,18
air_quality,2026-06-04T08:13:26+00:00,2510911,Seville,ES,2026-05-21T08:00,37.4,-6.0,Europe/Madrid,10.3,6.4,133.0,23.4,53.0,21
air_quality,2026-06-04T08:13:26+00:00,2510911,Seville,ES,2026-05-21T09:00,37.4,-6.0,Europe/Madrid,10.5,6.5,132.0,20.5,55.0,22
air_quality,2026-06-04T08:13:26+00:00,2510911,Seville,ES,2026-05-21T10:00,37.4,-6.0,Europe/Madrid,8.4,5.5,127.0,12.2,66.0,26
air_quality,2026-06-04T08:13:26+00:00,2510911,Seville,ES,2026-05-21T11:00,37.4,-6.0,Europe/Madrid,7.6,4.6,121.0,6.9,79.0,32
air_quality,2026-06-04T08:13:26+00:00,2510911,Seville,ES,2026-05-21T12:00,37.4,-6.0,Europe/Madrid,7.4,4.5,118.0,4.7,88.0,35
air_quality,2026-06-04T08:13:26+00:00,2510911,Seville,ES,2026-05-21T13:00,37.4,-6.0,Europe/Madrid,7.6,4.5,116.0,3.6,99.0,40
air_quality,2026-06-04T08:13:26+00:00,2510911,Seville,ES,2026-05-21T14:00,37.4,-6.0,Europe/Madrid,7.4,4.3,114.0,3.2,105.0,43
air_quality,2026-06-04T08:13:26+00:00,2510911,Seville,ES,2026-05-21T15:00,37.4,-6.0,Europe/Madrid,7.8,3.9,113.0,3.3,109.0,46
air_quality,2026-06-04T08:13:26+00:00,2510911,Seville,ES,2026-05-21T16:00,37.4,-6.0,Europe/Madrid,8.2,4.2,114.0,3.4,112.0,48
air_quality,2026-06-04T08:13:26+00:00,2510911,Seville,ES,2026-05-21T17:00,37.4,-6.0,Europe/Madrid,8.8,4.6,115.0,3.9,116.0,51
air_quality,2026-06-04T08:13:26+00:00,2510911,Seville,ES,2026-05-21T18:00,37.4,-6.0,Europe/Madrid,11.2,5.4,117.0,5.3,117.0,51
air_quality,2026-06-04T08:13:26+00:00,2510911,Seville,ES,2026-05-21T19:00,37.4,-6.0,Europe/Madrid,10.8,6.1,119.0,7.4,112.0,48
air_quality,2026-06-04T08:13:26+00:00,2510911,Seville,ES,2026-05-21T20:00,37.4,-6.0,Europe/Madrid,10.7,5.8,120.0,11.4,108.0,45
air_quality,2026-06-04T08:13:26+00:00,2510911,Seville,ES,2026-05-21T21:00,37.4,-6.0,Europe/Madrid,11.7,6.2,124.0,15.6,91.0,36
air_quality,2026-06-04T08:13:26+00:00,2510911,Seville,ES,2026-05-21T22:00,37.4,-6.0,Europe/Madrid,12.3,6.2,127.0,18.9,68.0,27
air_quality,2026-06-04T08:13:26+00:00,2510911,Seville,ES,2026-05-21T23:00,37.4,-6.0,Europe/Madrid,11.5,6.5,125.0,17.8,64.0,26
air_quality,2026-06-04T08:13:26+00:00,2510911,Seville,ES,2026-05-22T00:00,37.4,-6.0,Europe/Madrid,10.9,6.8,122.0,13.2,63.0,25
air_quality,2026-06-04T08:13:26+00:00,2510911,Seville,ES,2026-05-22T01:00,37.4,-6.0,Europe/Madrid,11.3,7.1,123.0,16.7,55.0,22
air_quality,2026-06-04T08:13:26+00:00,2510911,Seville,ES,2026-05-22T02:00,37.4,-6.0,Europe/Madrid,12.2,7.1,128.0,16.6,52.0,21
air_quality,2026-06-04T08:13:26+00:00,2510911,Seville,ES,2026-05-22T03:00,37.4,-6.0,Europe/Madrid,12.3,7.8,129.0,16.8,46.0,18
air_quality,2026-06-04T08:13:26+00:00,2510911,Seville,ES,2026-05-22T04:00,37.4,-6.0,Europe/Madrid,10.3,6.2,126.0,16.7,42.0,17
air_quality,2026-06-04T08:13:26+00:00,2510911,Seville,ES,2026-05-22T05:00,37.4,-6.0,Europe/Madrid,8.3,5.1,116.0,7.6,56.0,22
air_quality,2026-06-04T08:13:26+00:00,2510911,Seville,ES,2026-05-22T06:00,37.4,-6.0,Europe/Madrid,8.3,5.0,114.0,7.5,54.0,22
air_quality,2026-06-04T08:13:26+00:00,2510911,Seville,ES,2026-05-22T07:00,37.4,-6.0,Europe/Madrid,8.9,5.3,118.0,10.4,53.0,21
air_quality,2026-06-04T08:13:26+00:00,2510911,Seville,ES,2026-05-22T08:00,37.4,-6.0,Europe/Madrid,9.6,6.2,124.0,15.2,48.0,19
air_quality,2026-06-04T08:13:26+00:00,2510911,Seville,ES,2026-05-22T09:00,37.4,-6.0,Europe/Madrid,9.3,5.5,125.0,15.2,55.0,22
air_quality,2026-06-04T08:13:26+00:00,2510911,Seville,ES,2026-05-22T10:00,37.4,-6.0,Europe/Madrid,8.6,5.4,123.0,10.3,62.0,25
air_quality,2026-06-04T08:13:26+00:00,2510911,Seville,ES,2026-05-22T11:00,37.4,-6.0,Europe/Madrid,8.1,5.1,118.0,6.8,77.0,31
air_quality,2026-06-04T08:13:26+00:00,2510911,Seville,ES,2026-05-22T12:00,37.4,-6.0,Europe/Madrid,8.3,5.2,115.0,4.4,86.0,34
air_quality,2026-06-04T08:13:26+00:00,2510911,Seville,ES,2026-05-22T13:00,37.4,-6.0,Europe/Madrid,8.7,5.0,113.0,3.2,97.0,39
air_quality,2026-06-04T08:13:26+00:00,2510911,Seville,ES,2026-05-22T14:00,37.4,-6.0,Europe/Madrid,10.4,5.1,113.0,3.0,104.0,43
air_quality,2026-06-04T08:13:26+00:00,2510911,Seville,ES,2026-05-22T15:00,37.4,-6.0,Europe/Madrid,11.6,5.7,114.0,3.2,107.0,45
air_quality,2026-06-04T08:13:26+00:00,2510911,Seville,ES,2026-05-22T16:00,37.4,-6.0,Europe/Madrid,13.5,6.8,115.0,3.3,107.0,45
air_quality,2026-06-04T08:13:26+00:00,2510911,Seville,ES,2026-05-22T17:00,37.4,-6.0,Europe/Madrid,15.1,7.2,116.0,3.4,111.0,47
air_quality,2026-06-04T08:13:26+00:00,2510911,Seville,ES,2026-05-22T18:00,37.4,-6.0,Europe/Madrid,16.7,7.5,116.0,4.4,110.0,47
air_quality,2026-06-04T08:13:26+00:00,2510911,Seville,ES,2026-05-22T19:00,37.4,-6.0,Europe/Madrid,16.5,7.8,119.0,6.7,108.0,45
air_quality,2026-06-04T08:13:26+00:00,2510911,Seville,ES,2026-05-22T20:00,37.4,-6.0,Europe/Madrid,18.2,7.9,121.0,10.3,103.0,42
air_quality,2026-06-04T08:13:26+00:00,2510911,Seville,ES,2026-05-22T21:00,37.4,-6.0,Europe/Madrid,18.1,8.8,128.0,15.6,84.0,34
air_quality,2026-06-04T08:13:26+00:00,2510911,Seville,ES,2026-05-22T22:00,37.4,-6.0,Europe/Madrid,17.1,10.2,126.0,14.0,78.0,31
air_quality,2026-06-04T08:13:26+00:00,2510911,Seville,ES,2026-05-22T23:00,37.4,-6.0,Europe/Madrid,15.1,8.8,123.0,10.7,77.0,31
air_quality,2026-06-04T08:13:26+00:00,2510911,Seville,ES,2026-05-23T00:00,37.4,-6.0,Europe/Madrid,13.8,8.2,120.0,8.3,75.0,30
air_quality,2026-06-04T08:13:26+00:00,2510911,Seville,ES,2026-05-23T01:00,37.4,-6.0,Europe/Madrid,14.0,8.3,120.0,11.4,68.0,27
air_quality,2026-06-04T08:13:26+00:00,2510911,Seville,ES,2026-05-23T02:00,37.4,-6.0,Europe/Madrid,15.5,8.1,125.0,15.3,56.0,22
air_quality,2026-06-04T08:13:26+00:00,2510911,Seville,ES,2026-05-23T03:00,37.4,-6.0,Europe/Madrid,16.3,8.6,130.0,18.0,50.0,20
air_quality,2026-06-04T08:13:26+00:00,2510911,Seville,ES,2026-05-23T04:00,37.4,-6.0,Europe/Madrid,14.2,9.0,134.0,18.9,44.0,18
air_quality,2026-06-04T08:13:26+00:00,2510911,Seville,ES,2026-05-23T05:00,37.4,-6.0,Europe/Madrid,13.0,7.8,129.0,15.0,40.0,16
air_quality,2026-06-04T08:13:26+00:00,2510911,Seville,ES,2026-05-23T06:00,37.4,-6.0,Europe/Madrid,11.8,6.1,121.0,11.1,49.0,20
air_quality,2026-06-04T08:13:26+00:00,2510911,Seville,ES,2026-05-23T07:00,37.4,-6.0,Europe/Madrid,11.7,6.0,123.0,10.0,50.0,20
air_quality,2026-06-04T08:13:26+00:00,2510911,Seville,ES,2026-05-23T08:00,37.4,-6.0,Europe/Madrid,10.8,6.1,128.0,9.9,52.0,21
air_quality,2026-06-04T08:13:26+00:00,2510911,Seville,ES,2026-05-23T09:00,37.4,-6.0,Europe/Madrid,10.7,5.8,126.0,7.8,54.0,22
air_quality,2026-06-04T08:13:26+00:00,2510911,Seville,ES,2026-05-23T10:00,37.4,-6.0,Europe/Madrid,9.5,5.2,123.0,4.6,66.0,26
air_quality,2026-06-04T08:13:26+00:00,2510911,Seville,ES,2026-05-23T11:00,37.4,-6.0,Europe/Madrid,9.3,5.2,122.0,3.6,75.0,30
air_quality,2026-06-04T08:13:26+00:00,2510911,Seville,ES,2026-05-23T12:00,37.4,-6.0,Europe/Madrid,10.4,5.6,121.0,3.3,87.0,35
air_quality,2026-06-04T08:13:26+00:00,2510911,Seville,ES,2026-05-23T13:00,37.4,-6.0,Europe/Madrid,11.1,5.9,120.0,3.0,99.0,40
air_quality,2026-06-04T08:13:26+00:00,2510911,Seville,ES,2026-05-23T14:00,37.4,-6.0,Europe/Madrid,12.7,6.2,119.0,3.3,109.0,46
air_quality,2026-06-04T08:13:26+00:00,2510911,Seville,ES,2026-05-23T15:00,37.4,-6.0,Europe/Madrid,14.5,6.3,118.0,3.4,114.0,49
air_quality,2026-06-04T08:13:26+00:00,2510911,Seville,ES,2026-05-23T16:00,37.4,-6.0,Europe/Madrid,18.3,6.6,116.0,2.8,115.0,50
air_quality,2026-06-04T08:13:26+00:00,2510911,Seville,ES,2026-05-23T17:00,37.4,-6.0,Europe/Madrid,24.0,7.6,116.0,2.3,111.0,47
air_quality,2026-06-04T08:13:26+00:00,2510911,Seville,ES,2026-05-23T18:00,37.4,-6.0,Europe/Madrid,26.2,8.0,115.0,2.6,110.0,47
air_quality,2026-06-04T08:13:26+00:00,2510911,Seville,ES,2026-05-23T19:00,37.4,-6.0,Europe/Madrid,24.8,8.1,116.0,3.7,112.0,48
air_quality,2026-06-04T08:13:26+00:00,2510911,Seville,ES,2026-05-23T20:00,37.4,-6.0,Europe/Madrid,19.8,8.1,118.0,4.7,105.0,43
air_quality,2026-06-04T08:13:26+00:00,2510911,Seville,ES,2026-05-23T21:00,37.4,-6.0,Europe/Madrid,16.6,7.8,119.0,9.1,88.0,35
air_quality,2026-06-04T08:13:26+00:00,2510911,Seville,ES,2026-05-23T22:00,37.4,-6.0,Europe/Madrid,13.6,7.1,118.0,9.4,82.0,33
air_quality,2026-06-04T08:13:26+00:00,2510911,Seville,ES,2026-05-23T23:00,37.4,-6.0,Europe/Madrid,11.9,6.6,119.0,8.6,78.0,31
air_quality,2026-06-04T08:13:26+00:00,2510911,Seville,ES,2026-05-24T00:00,37.4,-6.0,Europe/Madrid,13.2,6.3,119.0,9.1,72.0,29
air_quality,2026-06-04T08:13:26+00:00,2510911,Seville,ES,2026-05-24T01:00,37.4,-6.0,Europe/Madrid,13.6,6.4,121.0,9.2,69.0,28
air_quality,2026-06-04T08:13:26+00:00,2510911,Seville,ES,2026-05-24T02:00,37.4,-6.0,Europe/Madrid,18.6,7.1,123.0,11.6,60.0,24
air_quality,2026-06-04T08:13:26+00:00,2510911,Seville,ES,2026-05-24T03:00,37.4,-6.0,Europe/Madrid,19.0,7.4,125.0,13.7,53.0,21
air_quality,2026-06-04T08:13:26+00:00,2510911,Seville,ES,2026-05-24T04:00,37.4,-6.0,Europe/Madrid,18.4,8.0,128.0,15.6,53.0,21
air_quality,2026-06-04T08:13:26+00:00,2510911,Seville,ES,2026-05-24T05:00,37.4,-6.0,Europe/Madrid,18.2,7.9,132.0,18.8,48.0,19
air_quality,2026-06-04T08:13:26+00:00,2510911,Seville,ES,2026-05-24T06:00,37.4,-6.0,Europe/Madrid,15.4,7.1,131.0,13.9,47.0,19
air_quality,2026-06-04T08:13:26+00:00,2510911,Seville,ES,2026-05-24T07:00,37.4,-6.0,Europe/Madrid,10.4,5.1,128.0,9.1,51.0,20
air_quality,2026-06-04T08:13:26+00:00,2510911,Seville,ES,2026-05-24T08:00,37.4,-6.0,Europe/Madrid,9.2,4.9,127.0,8.5,53.0,21
air_quality,2026-06-04T08:13:26+00:00,2510911,Seville,ES,2026-05-24T09:00,37.4,-6.0,Europe/Madrid,9.0,4.9,125.0,6.3,55.0,22
air_quality,2026-06-04T08:13:26+00:00,2510911,Seville,ES,2026-05-24T10:00,37.4,-6.0,Europe/Madrid,8.0,4.8,121.0,4.9,72.0,29
air_quality,2026-06-04T08:13:26+00:00,2510911,Seville,ES,2026-05-24T11:00,37.4,-6.0,Europe/Madrid,8.2,4.8,121.0,4.6,73.0,29
air_quality,2026-06-04T08:13:26+00:00,2510911,Seville,ES,2026-05-24T12:00,37.4,-6.0,Europe/Madrid,8.5,5.0,119.0,3.9,82.0,33
air_quality,2026-06-04T08:13:26+00:00,2510911,Seville,ES,2026-05-24T13:00,37.4,-6.0,Europe/Madrid,9.6,5.1,120.0,4.3,91.0,36
air_quality,2026-06-04T08:13:26+00:00,2510911,Seville,ES,2026-05-24T14:00,37.4,-6.0,Europe/Madrid,12.3,5.6,120.0,4.2,95.0,38
air_quality,2026-06-04T08:13:26+00:00,2510911,Seville,ES,2026-05-24T15:00,37.4,-6.0,Europe/Madrid,12.4,6.2,119.0,4.6,98.0,39
air_quality,2026-06-04T08:13:26+00:00,2510911,Seville,ES,2026-05-24T16:00,37.4,-6.0,Europe/Madrid,14.5,6.6,118.0,3.6,101.0,41
air_quality,2026-06-04T08:13:26+00:00,2510911,Seville,ES,2026-05-24T17:00,37.4,-6.0,Europe/Madrid,15.2,6.8,116.0,2.8,103.0,42
air_quality,2026-06-04T08:13:26+00:00,2510911,Seville,ES,2026-05-24T18:00,37.4,-6.0,Europe/Madrid,16.0,7.0,116.0,3.2,106.0,44
air_quality,2026-06-04T08:13:26+00:00,2510911,Seville,ES,2026-05-24T19:00,37.4,-6.0,Europe/Madrid,16.5,7.1,119.0,4.0,107.0,45
air_quality,2026-06-04T08:13:26+00:00,2510911,Seville,ES,2026-05-24T20:00,37.4,-6.0,Europe/Madrid,14.9,6.9,120.0,5.9,105.0,43
air_quality,2026-06-04T08:13:26+00:00,2510911,Seville,ES,2026-05-24T21:00,37.4,-6.0,Europe/Madrid,14.2,7.3,123.0,8.7,96.0,38
air_quality,2026-06-04T08:13:26+00:00,2510911,Seville,ES,2026-05-24T22:00,37.4,-6.0,Europe/Madrid,12.3,8.6,127.0,11.0,79.0,32
air_quality,2026-06-04T08:13:26+00:00,2510911,Seville,ES,2026-05-24T23:00,37.4,-6.0,Europe/Madrid,13.5,8.5,127.0,14.6,61.0,24
air_quality,2026-06-04T08:13:26+00:00,2510911,Seville,ES,2026-05-25T00:00,37.4,-6.0,Europe/Madrid,13.3,7.7,136.0,17.7,55.0,22
air_quality,2026-06-04T08:13:26+00:00,2510911,Seville,ES,2026-05-25T01:00,37.4,-6.0,Europe/Madrid,12.8,7.1,136.0,19.8,51.0,20
air_quality,2026-06-04T08:13:26+00:00,2510911,Seville,ES,2026-05-25T02:00,37.4,-6.0,Europe/Madrid,11.7,6.4,124.0,16.1,50.0,20
air_quality,2026-06-04T08:13:26+00:00,2510911,Seville,ES,2026-05-25T03:00,37.4,-6.0,Europe/Madrid,10.4,6.3,123.0,11.3,60.0,24
air_quality,2026-06-04T08:13:26+00:00,2510911,Seville,ES,2026-05-25T04:00,37.4,-6.0,Europe/Madrid,9.5,5.4,123.0,7.3,63.0,25
air_quality,2026-06-04T08:13:26+00:00,2510911,Seville,ES,2026-05-25T05:00,37.4,-6.0,Europe/Madrid,9.3,5.5,123.0,6.9,63.0,25
air_quality,2026-06-04T08:13:26+00:00,2510911,Seville,ES,2026-05-25T06:00,37.4,-6.0,Europe/Madrid,9.6,5.4,122.0,8.4,63.0,25
air_quality,2026-06-04T08:13:26+00:00,2510911,Seville,ES,2026-05-25T07:00,37.4,-6.0,Europe/Madrid,10.2,5.8,128.0,13.1,55.0,22
air_quality,2026-06-04T08:13:26+00:00,2510911,Seville,ES,2026-05-25T08:00,37.4,-6.0,Europe/Madrid,11.1,6.4,138.0,21.6,51.0,20
air_quality,2026-06-04T08:13:26+00:00,2510911,Seville,ES,2026-05-25T09:00,37.4,-6.0,Europe/Madrid,11.6,7.2,143.0,21.2,50.0,20
air_quality,2026-06-04T08:13:26+00:00,2510911,Seville,ES,2026-05-25T10:00,37.4,-6.0,Europe/Madrid,10.3,6.5,133.0,17.2,61.0,24
air_quality,2026-06-04T08:13:26+00:00,2510911,Seville,ES,2026-05-25T11:00,37.4,-6.0,Europe/Madrid,10.0,5.5,129.0,9.9,72.0,29
air_quality,2026-06-04T08:13:26+00:00,2510911,Seville,ES,2026-05-25T12:00,37.4,-6.0,Europe/Madrid,11.4,5.7,127.0,7.5,80.0,32
air_quality,2026-06-04T08:13:26+00:00,2510911,Seville,ES,2026-05-25T13:00,37.4,-6.0,Europe/Madrid,13.0,5.9,125.0,6.2,93.0,37
air_quality,2026-06-04T08:13:26+00:00,2510911,Seville,ES,2026-05-25T14:00,37.4,-6.0,Europe/Madrid,12.4,5.7,124.0,5.8,100.0,40
air_quality,2026-06-04T08:13:26+00:00,2510911,Seville,ES,2026-05-25T15:00,37.4,-6.0,Europe/Madrid,13.6,5.9,121.0,6.5,99.0,40
air_quality,2026-06-04T08:13:26+00:00,2510911,Seville,ES,2026-05-25T16:00,37.4,-6.0,Europe/Madrid,17.8,6.3,121.0,5.5,102.0,41
air_quality,2026-06-04T08:13:26+00:00,2510911,Seville,ES,2026-05-25T17:00,37.4,-6.0,Europe/Madrid,18.2,6.8,122.0,5.2,104.0,43
air_quality,2026-06-04T08:13:26+00:00,2510911,Seville,ES,2026-05-25T18:00,37.4,-6.0,Europe/Madrid,18.6,7.2,119.0,7.1,103.0,42
air_quality,2026-06-04T08:13:26+00:00,2510911,Seville,ES,2026-05-25T19:00,37.4,-6.0,Europe/Madrid,18.0,7.1,122.0,8.3,100.0,40
air_quality,2026-06-04T08:13:26+00:00,2510911,Seville,ES,2026-05-25T20:00,37.4,-6.0,Europe/Madrid,15.3,6.7,121.0,9.8,95.0,38
air_quality,2026-06-04T08:13:26+00:00,2510911,Seville,ES,2026-05-25T21:00,37.4,-6.0,Europe/Madrid,15.1,6.8,125.0,11.4,84.0,34
air_quality,2026-06-04T08:13:26+00:00,2510911,Seville,ES,2026-05-25T22:00,37.4,-6.0,Europe/Madrid,13.6,7.0,125.0,10.3,80.0,32
air_quality,2026-06-04T08:13:26+00:00,2510911,Seville,ES,2026-05-25T23:00,37.4,-6.0,Europe/Madrid,13.2,7.5,125.0,10.9,75.0,30
air_quality,2026-06-04T08:13:26+00:00,2510911,Seville,ES,2026-05-26T00:00,37.4,-6.0,Europe/Madrid,13.8,7.5,129.0,14.7,63.0,25
air_quality,2026-06-04T08:13:26+00:00,2510911,Seville,ES,2026-05-26T01:00,37.4,-6.0,Europe/Madrid,12.5,7.7,131.0,17.2,57.0,23
air_quality,2026-06-04T08:13:26+00:00,2510911,Seville,ES,2026-05-26T02:00,37.4,-6.0,Europe/Madrid,14.5,7.5,128.0,15.9,52.0,21
air_quality,2026-06-04T08:13:26+00:00,2510911,Seville,ES,2026-05-26T03:00,37.4,-6.0,Europe/Madrid,13.4,7.2,126.0,14.4,44.0,18
air_quality,2026-06-04T08:13:26+00:00,2510911,Seville,ES,2026-05-26T04:00,37.4,-6.0,Europe/Madrid,12.3,6.8,125.0,11.2,50.0,20
air_quality,2026-06-04T08:13:26+00:00,2510911,Seville,ES,2026-05-26T05:00,37.4,-6.0,Europe/Madrid,10.7,6.4,120.0,8.2,58.0,23
air_quality,2026-06-04T08:13:26+00:00,2510911,Seville,ES,2026-05-26T06:00,37.4,-6.0,Europe/Madrid,11.0,6.6,121.0,7.3,58.0,23
air_quality,2026-06-04T08:13:26+00:00,2510911,Seville,ES,2026-05-26T07:00,37.4,-6.0,Europe/Madrid,11.9,7.0,128.0,12.2,53.0,21
air_quality,2026-06-04T08:13:26+00:00,2510911,Seville,ES,2026-05-26T08:00,37.4,-6.0,Europe/Madrid,12.8,7.6,132.0,19.9,48.0,19
air_quality,2026-06-04T08:13:26+00:00,2510911,Seville,ES,2026-05-26T09:00,37.4,-6.0,Europe/Madrid,12.1,7.3,131.0,16.4,55.0,22
air_quality,2026-06-04T08:13:26+00:00,2510911,Seville,ES,2026-05-26T10:00,37.4,-6.0,Europe/Madrid,11.6,6.6,126.0,12.6,59.0,24
air_quality,2026-06-04T08:13:26+00:00,2510911,Seville,ES,2026-05-26T11:00,37.4,-6.0,Europe/Madrid,10.9,6.2,122.0,8.2,72.0,29
air_quality,2026-06-04T08:13:26+00:00,2510911,Seville,ES,2026-05-26T12:00,37.4,-6.0,Europe/Madrid,10.3,6.4,119.0,5.0,86.0,34
air_quality,2026-06-04T08:13:26+00:00,2510911,Seville,ES,2026-05-26T13:00,37.4,-6.0,Europe/Madrid,10.1,6.4,117.0,4.0,96.0,38
air_quality,2026-06-04T08:13:26+00:00,2510911,Seville,ES,2026-05-26T14:00,37.4,-6.0,Europe/Madrid,10.7,6.2,116.0,3.9,105.0,43
air_quality,2026-06-04T08:13:26+00:00,2510911,Seville,ES,2026-05-26T15:00,37.4,-6.0,Europe/Madrid,11.5,6.0,116.0,3.9,111.0,47
air_quality,2026-06-04T08:13:26+00:00,2510911,Seville,ES,2026-05-26T16:00,37.4,-6.0,Europe/Madrid,13.4,6.3,117.0,4.2,112.0,48
air_quality,2026-06-04T08:13:26+00:00,2510911,Seville,ES,2026-05-26T17:00,37.4,-6.0,Europe/Madrid,14.5,6.3,118.0,4.5,112.0,48
air_quality,2026-06-04T08:13:26+00:00,2510911,Seville,ES,2026-05-26T18:00,37.4,-6.0,Europe/Madrid,16.2,6.5,118.0,4.9,112.0,48
air_quality,2026-06-04T08:13:26+00:00,2510911,Seville,ES,2026-05-26T19:00,37.4,-6.0,Europe/Madrid,16.6,6.4,120.0,7.2,108.0,45
air_quality,2026-06-04T08:13:26+00:00,2510911,Seville,ES,2026-05-26T20:00,37.4,-6.0,Europe/Madrid,15.6,7.2,122.0,10.2,98.0,39
air_quality,2026-06-04T08:13:26+00:00,2510911,Seville,ES,2026-05-26T21:00,37.4,-6.0,Europe/Madrid,14.7,7.9,128.0,14.0,95.0,38
air_quality,2026-06-04T08:13:26+00:00,2510911,Seville,ES,2026-05-26T22:00,37.4,-6.0,Europe/Madrid,12.7,7.7,125.0,12.5,77.0,31
air_quality,2026-06-04T08:13:26+00:00,2510911,Seville,ES,2026-05-26T23:00,37.4,-6.0,Europe/Madrid,11.5,7.2,122.0,10.0,71.0,28
air_quality,2026-06-04T08:13:26+00:00,2510911,Seville,ES,2026-05-27T00:00,37.4,-6.0,Europe/Madrid,11.8,7.2,123.0,10.3,65.0,26
air_quality,2026-06-04T08:13:26+00:00,2510911,Seville,ES,2026-05-27T01:00,37.4,-6.0,Europe/Madrid,12.2,7.3,125.0,11.4,59.0,24
air_quality,2026-06-04T08:13:26+00:00,2510911,Seville,ES,2026-05-27T02:00,37.4,-6.0,Europe/Madrid,12.3,7.4,126.0,15.7,51.0,20
air_quality,2026-06-04T08:13:26+00:00,2510911,Seville,ES,2026-05-27T03:00,37.4,-6.0,Europe/Madrid,14.5,7.6,131.0,15.1,47.0,19
air_quality,2026-06-04T08:13:26+00:00,2510911,Seville,ES,2026-05-27T04:00,37.4,-6.0,Europe/Madrid,12.3,7.8,126.0,11.7,47.0,19
air_quality,2026-06-04T08:13:26+00:00,2510911,Seville,ES,2026-05-27T05:00,37.4,-6.0,Europe/Madrid,10.3,7.5,121.0,8.0,52.0,21
air_quality,2026-06-04T08:13:26+00:00,2510911,Seville,ES,2026-05-27T06:00,37.4,-6.0,Europe/Madrid,10.1,7.0,118.0,7.3,55.0,22
air_quality,2026-06-04T08:13:26+00:00,2510911,Seville,ES,2026-05-27T07:00,37.4,-6.0,Europe/Madrid,11.1,7.1,120.0,10.2,58.0,23
air_quality,2026-06-04T08:13:26+00:00,2510911,Seville,ES,2026-05-27T08:00,37.4,-6.0,Europe/Madrid,12.0,7.7,125.0,14.3,57.0,23
air_quality,2026-06-04T08:13:26+00:00,2510911,Seville,ES,2026-05-27T09:00,37.4,-6.0,Europe/Madrid,11.0,7.2,125.0,12.2,56.0,22
air_quality,2026-06-04T08:13:26+00:00,2510911,Seville,ES,2026-05-27T10:00,37.4,-6.0,Europe/Madrid,10.3,6.4,122.0,9.8,67.0,27
air_quality,2026-06-04T08:13:26+00:00,2510911,Seville,ES,2026-05-27T11:00,37.4,-6.0,Europe/Madrid,9.1,5.6,118.0,6.5,76.0,30
air_quality,2026-06-04T08:13:26+00:00,2510911,Seville,ES,2026-05-27T12:00,37.4,-6.0,Europe/Madrid,9.0,5.8,115.0,4.0,88.0,35
air_quality,2026-06-04T08:13:26+00:00,2510911,Seville,ES,2026-05-27T13:00,37.4,-6.0,Europe/Madrid,8.9,5.6,113.0,3.2,101.0,41
air_quality,2026-06-04T08:13:26+00:00,2510911,Seville,ES,2026-05-27T14:00,37.4,-6.0,Europe/Madrid,8.4,5.2,112.0,2.7,105.0,43
air_quality,2026-06-04T08:13:26+00:00,2510911,Seville,ES,2026-05-27T15:00,37.4,-6.0,Europe/Madrid,7.5,4.5,111.0,3.0,107.0,45
air_quality,2026-06-04T08:13:26+00:00,2510911,Seville,ES,2026-05-27T16:00,37.4,-6.0,Europe/Madrid,7.5,4.1,109.0,3.1,109.0,46
air_quality,2026-06-04T08:13:26+00:00,2510911,Seville,ES,2026-05-27T17:00,37.4,-6.0,Europe/Madrid,7.4,4.3,109.0,3.0,104.0,43
air_quality,2026-06-04T08:13:26+00:00,2510911,Seville,ES,2026-05-27T18:00,37.4,-6.0,Europe/Madrid,7.5,5.0,112.0,3.8,101.0,41
air_quality,2026-06-04T08:13:26+00:00,2510911,Seville,ES,2026-05-27T19:00,37.4,-6.0,Europe/Madrid,7.1,4.7,110.0,5.4,99.0,40
air_quality,2026-06-04T08:13:26+00:00,2510911,Seville,ES,2026-05-27T20:00,37.4,-6.0,Europe/Madrid,7.0,4.4,111.0,6.8,95.0,38
air_quality,2026-06-04T08:13:26+00:00,2510911,Seville,ES,2026-05-27T21:00,37.4,-6.0,Europe/Madrid,7.8,4.4,116.0,11.1,82.0,33
air_quality,2026-06-04T08:13:26+00:00,2510911,Seville,ES,2026-05-27T22:00,37.4,-6.0,Europe/Madrid,8.5,4.7,126.0,16.0,74.0,30
air_quality,2026-06-04T08:13:26+00:00,2510911,Seville,ES,2026-05-27T23:00,37.4,-6.0,Europe/Madrid,9.8,5.7,123.0,16.9,63.0,25
air_quality,2026-06-04T08:13:26+00:00,2510911,Seville,ES,2026-05-28T00:00,37.4,-6.0,Europe/Madrid,9.9,5.9,122.0,18.2,55.0,22
air_quality,2026-06-04T08:13:26+00:00,2510911,Seville,ES,2026-05-28T01:00,37.4,-6.0,Europe/Madrid,11.0,6.5,129.0,18.5,55.0,22
air_quality,2026-06-04T08:13:26+00:00,2510911,Seville,ES,2026-05-28T02:00,37.4,-6.0,Europe/Madrid,12.1,7.6,136.0,17.4,57.0,23
air_quality,2026-06-04T08:13:26+00:00,2510911,Seville,ES,2026-05-28T03:00,37.4,-6.0,Europe/Madrid,12.2,7.5,136.0,16.0,55.0,22
air_quality,2026-06-04T08:13:26+00:00,2510911,Seville,ES,2026-05-28T04:00,37.4,-6.0,Europe/Madrid,12.4,7.6,135.0,16.7,49.0,20
air_quality,2026-06-04T08:13:26+00:00,2510911,Seville,ES,2026-05-28T05:00,37.4,-6.0,Europe/Madrid,11.7,7.7,124.0,15.2,39.0,16
air_quality,2026-06-04T08:13:26+00:00,2510911,Seville,ES,2026-05-28T06:00,37.4,-6.0,Europe/Madrid,10.0,7.3,125.0,16.4,34.0,14
air_quality,2026-06-04T08:13:26+00:00,2510911,Seville,ES,2026-05-28T07:00,37.4,-6.0,Europe/Madrid,10.7,7.3,130.0,21.3,31.0,12
air_quality,2026-06-04T08:13:26+00:00,2510911,Seville,ES,2026-05-28T08:00,37.4,-6.0,Europe/Madrid,12.4,8.3,139.0,28.4,27.0,14
air_quality,2026-06-04T08:13:26+00:00,2510911,Seville,ES,2026-05-28T09:00,37.4,-6.0,Europe/Madrid,12.4,8.0,139.0,23.1,38.0,15
air_quality,2026-06-04T08:13:26+00:00,2510911,Seville,ES,2026-05-28T10:00,37.4,-6.0,Europe/Madrid,12.9,7.4,136.0,20.3,49.0,20
air_quality,2026-06-04T08:13:26+00:00,2510911,Seville,ES,2026-05-28T11:00,37.4,-6.0,Europe/Madrid,13.7,6.9,131.0,15.0,62.0,25
air_quality,2026-06-04T08:13:26+00:00,2510911,Seville,ES,2026-05-28T12:00,37.4,-6.0,Europe/Madrid,14.6,6.7,131.0,10.8,72.0,29
air_quality,2026-06-04T08:13:26+00:00,2510911,Seville,ES,2026-05-28T13:00,37.4,-6.0,Europe/Madrid,14.6,7.1,131.0,8.2,88.0,35
air_quality,2026-06-04T08:13:26+00:00,2510911,Seville,ES,2026-05-28T14:00,37.4,-6.0,Europe/Madrid,13.2,8.8,125.0,5.5,106.0,44
air_quality,2026-06-04T08:13:26+00:00,2510911,Seville,ES,2026-05-28T15:00,37.4,-6.0,Europe/Madrid,13.1,9.1,121.0,3.8,116.0,51
air_quality,2026-06-04T08:13:26+00:00,2510911,Seville,ES,2026-05-28T16:00,37.4,-6.0,Europe/Madrid,12.6,8.9,119.0,3.2,118.0,52
air_quality,2026-06-04T08:13:26+00:00,2510911,Seville,ES,2026-05-28T17:00,37.4,-6.0,Europe/Madrid,12.4,8.6,119.0,3.4,117.0,51
air_quality,2026-06-04T08:13:26+00:00,2510911,Seville,ES,2026-05-28T18:00,37.4,-6.0,Europe/Madrid,13.3,7.9,120.0,4.4,114.0,49
air_quality,2026-06-04T08:13:26+00:00,2510911,Seville,ES,2026-05-28T19:00,37.4,-6.0,Europe/Madrid,13.5,7.8,121.0,5.5,115.0,50
air_quality,2026-06-04T08:13:26+00:00,2510911,Seville,ES,2026-05-28T20:00,37.4,-6.0,Europe/Madrid,15.6,9.1,124.0,6.1,115.0,50
air_quality,2026-06-04T08:13:26+00:00,2510911,Seville,ES,2026-05-28T21:00,37.4,-6.0,Europe/Madrid,16.6,8.6,125.0,7.2,108.0,45
air_quality,2026-06-04T08:13:26+00:00,2510911,Seville,ES,2026-05-28T22:00,37.4,-6.0,Europe/Madrid,17.3,9.3,124.0,7.7,104.0,43
air_quality,2026-06-04T08:13:26+00:00,2510911,Seville,ES,2026-05-28T23:00,37.4,-6.0,Europe/Madrid,18.6,9.9,120.0,7.9,97.0,39
air_quality,2026-06-04T08:13:26+00:00,2510911,Seville,ES,2026-05-29T00:00,37.4,-6.0,Europe/Madrid,18.6,10.8,120.0,8.5,85.0,34
air_quality,2026-06-04T08:13:26+00:00,2510911,Seville,ES,2026-05-29T01:00,37.4,-6.0,Europe/Madrid,19.6,12.6,121.0,9.4,76.0,30
air_quality,2026-06-04T08:13:26+00:00,2510911,Seville,ES,2026-05-29T02:00,37.4,-6.0,Europe/Madrid,20.0,12.8,121.0,10.6,73.0,29
air_quality,2026-06-04T08:13:26+00:00,2510911,Seville,ES,2026-05-29T03:00,37.4,-6.0,Europe/Madrid,22.0,13.1,122.0,11.2,67.0,27
air_quality,2026-06-04T08:13:26+00:00,2510911,Seville,ES,2026-05-29T04:00,37.4,-6.0,Europe/Madrid,23.8,13.6,122.0,10.9,60.0,24
air_quality,2026-06-04T08:13:26+00:00,2510911,Seville,ES,2026-05-29T05:00,37.4,-6.0,Europe/Madrid,24.7,14.1,123.0,12.8,59.0,24
air_quality,2026-06-04T08:13:26+00:00,2510911,Seville,ES,2026-05-29T06:00,37.4,-6.0,Europe/Madrid,24.8,13.7,134.0,17.9,52.0,21
air_quality,2026-06-04T08:13:26+00:00,2510911,Seville,ES,2026-05-29T07:00,37.4,-6.0,Europe/Madrid,26.9,15.0,144.0,28.8,42.0,19
air_quality,2026-06-04T08:13:26+00:00,2510911,Seville,ES,2026-05-29T08:00,37.4,-6.0,Europe/Madrid,29.6,16.8,171.0,44.8,26.0,22
air_quality,2026-06-04T08:13:26+00:00,2510911,Seville,ES,2026-05-29T09:00,37.4,-6.0,Europe/Madrid,31.0,18.0,183.0,41.6,31.0,21
air_quality,2026-06-04T08:13:26+00:00,2510911,Seville,ES,2026-05-29T10:00,37.4,-6.0,Europe/Madrid,27.3,16.4,171.0,29.9,58.0,23
air_quality,2026-06-04T08:13:26+00:00,2510911,Seville,ES,2026-05-29T11:00,37.4,-6.0,Europe/Madrid,25.7,15.8,163.0,23.7,61.0,24
air_quality,2026-06-04T08:13:26+00:00,2510911,Seville,ES,2026-05-29T12:00,37.4,-6.0,Europe/Madrid,22.8,14.1,153.0,21.4,83.0,33
air_quality,2026-06-04T08:13:26+00:00,2510911,Seville,ES,2026-05-29T13:00,37.4,-6.0,Europe/Madrid,21.6,13.4,152.0,16.9,106.0,44
air_quality,2026-06-04T08:13:26+00:00,2510911,Seville,ES,2026-05-29T14:00,37.4,-6.0,Europe/Madrid,20.5,13.2,147.0,11.4,119.0,53
air_quality,2026-06-04T08:13:26+00:00,2510911,Seville,ES,2026-05-29T15:00,37.4,-6.0,Europe/Madrid,19.7,12.9,142.0,6.8,132.0,60
air_quality,2026-06-04T08:13:26+00:00,2510911,Seville,ES,2026-05-29T16:00,37.4,-6.0,Europe/Madrid,18.4,11.7,134.0,7.2,142.0,62
air_quality,2026-06-04T08:13:26+00:00,2510911,Seville,ES,2026-05-29T17:00,37.4,-6.0,Europe/Madrid,17.7,10.4,130.0,6.1,141.0,62
air_quality,2026-06-04T08:13:26+00:00,2510911,Seville,ES,2026-05-29T18:00,37.4,-6.0,Europe/Madrid,16.5,9.6,128.0,5.6,136.0,61
air_quality,2026-06-04T08:13:26+00:00,2510911,Seville,ES,2026-05-29T19:00,37.4,-6.0,Europe/Madrid,15.3,9.2,127.0,7.0,128.0,59
air_quality,2026-06-04T08:13:26+00:00,2510911,Seville,ES,2026-05-29T20:00,37.4,-6.0,Europe/Madrid,14.1,8.8,131.0,9.1,121.0,54
air_quality,2026-06-04T08:13:26+00:00,2510911,Seville,ES,2026-05-29T21:00,37.4,-6.0,Europe/Madrid,16.0,10.5,134.0,8.9,113.0,49
air_quality,2026-06-04T08:13:26+00:00,2510911,Seville,ES,2026-05-29T22:00,37.4,-6.0,Europe/Madrid,17.1,11.1,139.0,10.0,108.0,45
air_quality,2026-06-04T08:13:26+00:00,2510911,Seville,ES,2026-05-29T23:00,37.4,-6.0,Europe/Madrid,15.7,11.4,141.0,9.1,103.0,42
air_quality,2026-06-04T08:13:26+00:00,2510911,Seville,ES,2026-05-30T00:00,37.4,-6.0,Europe/Madrid,14.8,11.7,135.0,8.7,90.0,36
air_quality,2026-06-04T08:13:26+00:00,2510911,Seville,ES,2026-05-30T01:00,37.4,-6.0,Europe/Madrid,15.5,11.1,132.0,9.6,82.0,33
air_quality,2026-06-04T08:13:26+00:00,2510911,Seville,ES,2026-05-30T02:00,37.4,-6.0,Europe/Madrid,16.0,12.3,133.0,10.2,75.0,30
air_quality,2026-06-04T08:13:26+00:00,2510911,Seville,ES,2026-05-30T03:00,37.4,-6.0,Europe/Madrid,16.9,12.2,134.0,9.5,68.0,27
air_quality,2026-06-04T08:13:26+00:00,2510911,Seville,ES,2026-05-30T04:00,37.4,-6.0,Europe/Madrid,17.3,11.8,135.0,9.7,68.0,27
air_quality,2026-06-04T08:13:26+00:00,2510911,Seville,ES,2026-05-30T05:00,37.4,-6.0,Europe/Madrid,16.8,11.1,130.0,9.7,64.0,26
air_quality,2026-06-04T08:13:26+00:00,2510911,Seville,ES,2026-05-30T06:00,37.4,-6.0,Europe/Madrid,17.2,11.4,134.0,10.6,59.0,25
air_quality,2026-06-04T08:13:26+00:00,2510911,Seville,ES,2026-05-30T07:00,37.4,-6.0,Europe/Madrid,19.0,11.6,141.0,12.4,53.0,25
air_quality,2026-06-04T08:13:26+00:00,2510911,Seville,ES,2026-05-30T08:00,37.4,-6.0,Europe/Madrid,21.8,12.5,151.0,14.1,46.0,25
air_quality,2026-06-04T08:13:26+00:00,2510911,Seville,ES,2026-05-30T09:00,37.4,-6.0,Europe/Madrid,22.1,13.8,156.0,11.8,67.0,27
air_quality,2026-06-04T08:13:26+00:00,2510911,Seville,ES,2026-05-30T10:00,37.4,-6.0,Europe/Madrid,20.9,13.1,154.0,10.0,79.0,32
air_quality,2026-06-04T08:13:26+00:00,2510911,Seville,ES,2026-05-30T11:00,37.4,-6.0,Europe/Madrid,23.5,13.4,149.0,9.8,83.0,33
air_quality,2026-06-04T08:13:26+00:00,2510911,Seville,ES,2026-05-30T12:00,37.4,-6.0,Europe/Madrid,23.0,13.2,150.0,7.0,94.0,38
air_quality,2026-06-04T08:13:26+00:00,2510911,Seville,ES,2026-05-30T13:00,37.4,-6.0,Europe/Madrid,23.2,13.1,148.0,5.9,127.0,58
air_quality,2026-06-04T08:13:26+00:00,2510911,Seville,ES,2026-05-30T14:00,37.4,-6.0,Europe/Madrid,23.7,12.9,147.0,4.9,135.0,61
air_quality,2026-06-04T08:13:26+00:00,2510911,Seville,ES,2026-05-30T15:00,37.4,-6.0,Europe/Madrid,23.4,12.3,142.0,3.8,138.0,61
air_quality,2026-06-04T08:13:26+00:00,2510911,Seville,ES,2026-05-30T16:00,37.4,-6.0,Europe/Madrid,20.9,11.3,133.0,3.1,135.0,61
air_quality,2026-06-04T08:13:26+00:00,2510911,Seville,ES,2026-05-30T17:00,37.4,-6.0,Europe/Madrid,18.5,9.9,128.0,2.3,128.0,59
air_quality,2026-06-04T08:13:26+00:00,2510911,Seville,ES,2026-05-30T18:00,37.4,-6.0,Europe/Madrid,17.5,10.0,125.0,2.2,125.0,57
air_quality,2026-06-04T08:13:26+00:00,2510911,Seville,ES,2026-05-30T19:00,37.4,-6.0,Europe/Madrid,17.8,11.4,128.0,2.9,122.0,55
air_quality,2026-06-04T08:13:26+00:00,2510911,Seville,ES,2026-05-30T20:00,37.4,-6.0,Europe/Madrid,17.2,11.7,132.0,4.6,116.0,51
air_quality,2026-06-04T08:13:26+00:00,2510911,Seville,ES,2026-05-30T21:00,37.4,-6.0,Europe/Madrid,17.8,11.3,132.0,6.6,104.0,43
air_quality,2026-06-04T08:13:26+00:00,2510911,Seville,ES,2026-05-30T22:00,37.4,-6.0,Europe/Madrid,18.4,10.8,130.0,8.9,95.0,38
air_quality,2026-06-04T08:13:26+00:00,2510911,Seville,ES,2026-05-30T23:00,37.4,-6.0,Europe/Madrid,19.3,11.0,132.0,9.5,86.0,34
air_quality,2026-06-04T08:13:26+00:00,2510911,Seville,ES,2026-05-31T00:00,37.4,-6.0,Europe/Madrid,19.7,11.1,132.0,10.3,76.0,30
air_quality,2026-06-04T08:13:26+00:00,2510911,Seville,ES,2026-05-31T01:00,37.4,-6.0,Europe/Madrid,20.5,11.0,132.0,11.3,70.0,28
air_quality,2026-06-04T08:13:26+00:00,2510911,Seville,ES,2026-05-31T02:00,37.4,-6.0,Europe/Madrid,20.9,12.4,130.0,11.8,68.0,27
air_quality,2026-06-04T08:13:26+00:00,2510911,Seville,ES,2026-05-31T03:00,37.4,-6.0,Europe/Madrid,21.2,12.4,130.0,10.0,61.0,24
air_quality,2026-06-04T08:13:26+00:00,2510911,Seville,ES,2026-05-31T04:00,37.4,-6.0,Europe/Madrid,21.2,12.4,130.0,12.2,56.0,24
air_quality,2026-06-04T08:13:26+00:00,2510911,Seville,ES,2026-05-31T05:00,37.4,-6.0,Europe/Madrid,21.8,12.3,131.0,11.9,53.0,24
air_quality,2026-06-04T08:13:26+00:00,2510911,Seville,ES,2026-05-31T06:00,37.4,-6.0,Europe/Madrid,24.1,12.5,133.0,13.1,54.0,24
air_quality,2026-06-04T08:13:26+00:00,2510911,Seville,ES,2026-05-31T07:00,37.4,-6.0,Europe/Madrid,25.6,14.2,144.0,15.9,52.0,24
air_quality,2026-06-04T08:13:26+00:00,2510911,Seville,ES,2026-05-31T08:00,37.4,-6.0,Europe/Madrid,27.0,14.7,157.0,19.4,47.0,24
air_quality,2026-06-04T08:13:26+00:00,2510911,Seville,ES,2026-05-31T09:00,37.4,-6.0,Europe/Madrid,25.1,13.9,159.0,16.3,50.0,24
air_quality,2026-06-04T08:13:26+00:00,2510911,Seville,ES,2026-05-31T10:00,37.4,-6.0,Europe/Madrid,22.6,13.6,151.0,11.2,54.0,24
air_quality,2026-06-04T08:13:26+00:00,2510911,Seville,ES,2026-05-31T11:00,37.4,-6.0,Europe/Madrid,21.9,12.5,149.0,8.5,65.0,26
air_quality,2026-06-04T08:13:26+00:00,2510911,Seville,ES,2026-05-31T12:00,37.4,-6.0,Europe/Madrid,20.4,11.6,137.0,5.5,83.0,33
air_quality,2026-06-04T08:13:26+00:00,2510911,Seville,ES,2026-05-31T13:00,37.4,-6.0,Europe/Madrid,20.3,11.3,129.0,4.7,100.0,40
air_quality,2026-06-04T08:13:26+00:00,2510911,Seville,ES,2026-05-31T14:00,37.4,-6.0,Europe/Madrid,19.7,9.5,124.0,4.3,105.0,43
air_quality,2026-06-04T08:13:26+00:00,2510911,Seville,ES,2026-05-31T15:00,37.4,-6.0,Europe/Madrid,18.7,8.3,125.0,3.8,114.0,49
air_quality,2026-06-04T08:13:26+00:00,2510911,Seville,ES,2026-05-31T16:00,37.4,-6.0,Europe/Madrid,17.6,7.7,122.0,3.4,118.0,52
air_quality,2026-06-04T08:13:26+00:00,2510911,Seville,ES,2026-05-31T17:00,37.4,-6.0,Europe/Madrid,16.5,8.0,119.0,2.4,115.0,50
air_quality,2026-06-04T08:13:26+00:00,2510911,Seville,ES,2026-05-31T18:00,37.4,-6.0,Europe/Madrid,15.3,7.8,119.0,2.0,115.0,50
air_quality,2026-06-04T08:13:26+00:00,2510911,Seville,ES,2026-05-31T19:00,37.4,-6.0,Europe/Madrid,15.1,7.5,119.0,2.9,114.0,49
air_quality,2026-06-04T08:13:26+00:00,2510911,Seville,ES,2026-05-31T20:00,37.4,-6.0,Europe/Madrid,15.0,7.5,119.0,4.6,103.0,42
air_quality,2026-06-04T08:13:26+00:00,2510911,Seville,ES,2026-05-31T21:00,37.4,-6.0,Europe/Madrid,14.6,7.4,126.0,7.1,94.0,38
air_quality,2026-06-04T08:13:26+00:00,2510911,Seville,ES,2026-05-31T22:00,37.4,-6.0,Europe/Madrid,14.8,7.0,126.0,9.2,78.0,31
air_quality,2026-06-04T08:13:26+00:00,2510911,Seville,ES,2026-05-31T23:00,37.4,-6.0,Europe/Madrid,14.6,6.6,121.0,9.1,72.0,29
air_quality,2026-06-04T08:13:26+00:00,2510911,Seville,ES,2026-06-01T00:00,37.4,-6.0,Europe/Madrid,13.8,6.7,121.0,11.0,61.0,24
air_quality,2026-06-04T08:13:26+00:00,2510911,Seville,ES,2026-06-01T01:00,37.4,-6.0,Europe/Madrid,13.3,6.9,125.0,11.4,49.0,21
air_quality,2026-06-04T08:13:26+00:00,2510911,Seville,ES,2026-06-01T02:00,37.4,-6.0,Europe/Madrid,15.1,7.3,129.0,12.6,40.0,20
air_quality,2026-06-04T08:13:26+00:00,2510911,Seville,ES,2026-06-01T03:00,37.4,-6.0,Europe/Madrid,15.6,7.5,129.0,15.5,39.0,20
air_quality,2026-06-04T08:13:26+00:00,2510911,Seville,ES,2026-06-01T04:00,37.4,-6.0,Europe/Madrid,15.4,7.9,128.0,15.6,34.0,20
air_quality,2026-06-04T08:13:26+00:00,2510911,Seville,ES,2026-06-01T05:00,37.4,-6.0,Europe/Madrid,14.5,8.4,129.0,16.7,34.0,19
air_quality,2026-06-04T08:13:26+00:00,2510911,Seville,ES,2026-06-01T06:00,37.4,-6.0,Europe/Madrid,14.9,8.9,134.0,19.5,26.0,19
air_quality,2026-06-04T08:13:26+00:00,2510911,Seville,ES,2026-06-01T07:00,37.4,-6.0,Europe/Madrid,16.2,9.5,143.0,27.3,17.0,19
air_quality,2026-06-04T08:13:26+00:00,2510911,Seville,ES,2026-06-01T08:00,37.4,-6.0,Europe/Madrid,18.7,11.5,160.0,37.5,10.0,19
air_quality,2026-06-04T08:13:26+00:00,2510911,Seville,ES,2026-06-01T09:00,37.4,-6.0,Europe/Madrid,21.0,13.2,184.0,37.9,17.0,19
air_quality,2026-06-04T08:13:26+00:00,2510911,Seville,ES,2026-06-01T10:00,37.4,-6.0,Europe/Madrid,20.4,12.7,173.0,33.1,34.0,18
air_quality,2026-06-04T08:13:26+00:00,2510911,Seville,ES,2026-06-01T11:00,37.4,-6.0,Europe/Madrid,19.9,11.8,168.0,30.7,47.0,19
air_quality,2026-06-04T08:13:26+00:00,2510911,Seville,ES,2026-06-01T12:00,37.4,-6.0,Europe/Madrid,18.5,9.5,154.0,18.7,73.0,29
air_quality,2026-06-04T08:13:26+00:00,2510911,Seville,ES,2026-06-01T13:00,37.4,-6.0,Europe/Madrid,17.2,9.5,139.0,14.4,103.0,42
air_quality,2026-06-04T08:13:26+00:00,2510911,Seville,ES,2026-06-01T14:00,37.4,-6.0,Europe/Madrid,14.7,8.6,128.0,8.7,114.0,49
air_quality,2026-06-04T08:13:26+00:00,2510911,Seville,ES,2026-06-01T15:00,37.4,-6.0,Europe/Madrid,13.7,7.4,122.0,3.9,122.0,55
air_quality,2026-06-04T08:13:26+00:00,2510911,Seville,ES,2026-06-01T16:00,37.4,-6.0,Europe/Madrid,13.9,7.2,120.0,3.1,117.0,51
air_quality,2026-06-04T08:13:26+00:00,2510911,Seville,ES,2026-06-01T17:00,37.4,-6.0,Europe/Madrid,14.0,7.2,116.0,3.4,115.0,50
air_quality,2026-06-04T08:13:26+00:00,2510911,Seville,ES,2026-06-01T18:00,37.4,-6.0,Europe/Madrid,13.3,7.1,115.0,4.2,117.0,51
air_quality,2026-06-04T08:13:26+00:00,2510911,Seville,ES,2026-06-01T19:00,37.4,-6.0,Europe/Madrid,13.0,7.1,116.0,4.1,113.0,49
air_quality,2026-06-04T08:13:26+00:00,2510911,Seville,ES,2026-06-01T20:00,37.4,-6.0,Europe/Madrid,12.4,6.7,117.0,5.2,111.0,47
air_quality,2026-06-04T08:13:26+00:00,2510911,Seville,ES,2026-06-01T21:00,37.4,-6.0,Europe/Madrid,11.0,6.0,120.0,6.3,94.0,38
air_quality,2026-06-04T08:13:26+00:00,2510911,Seville,ES,2026-06-01T22:00,37.4,-6.0,Europe/Madrid,7.8,5.4,118.0,8.6,79.0,32
air_quality,2026-06-04T08:13:26+00:00,2510911,Seville,ES,2026-06-01T23:00,37.4,-6.0,Europe/Madrid,7.9,6.0,117.0,8.8,70.0,28
air_quality,2026-06-04T08:13:26+00:00,2510911,Seville,ES,2026-06-02T00:00,37.4,-6.0,Europe/Madrid,8.8,5.6,118.0,10.0,58.0,23
air_quality,2026-06-04T08:13:26+00:00,2510911,Seville,ES,2026-06-02T01:00,37.4,-6.0,Europe/Madrid,8.4,5.2,120.0,9.3,52.0,21
air_quality,2026-06-04T08:13:26+00:00,2510911,Seville,ES,2026-06-02T02:00,37.4,-6.0,Europe/Madrid,8.2,4.9,120.0,12.5,46.0,18
air_quality,2026-06-04T08:13:26+00:00,2510911,Seville,ES,2026-06-02T03:00,37.4,-6.0,Europe/Madrid,8.5,4.9,119.0,9.9,44.0,18
air_quality,2026-06-04T08:13:26+00:00,2510911,Seville,ES,2026-06-02T04:00,37.4,-6.0,Europe/Madrid,8.3,4.8,117.0,8.6,43.0,17
air_quality,2026-06-04T08:13:26+00:00,2510911,Seville,ES,2026-06-02T05:00,37.4,-6.0,Europe/Madrid,8.1,4.7,113.0,7.9,43.0,17
air_quality,2026-06-04T08:13:26+00:00,2510911,Seville,ES,2026-06-02T06:00,37.4,-6.0,Europe/Madrid,8.0,4.8,114.0,9.4,38.0,15
air_quality,2026-06-04T08:13:26+00:00,2510911,Seville,ES,2026-06-02T07:00,37.4,-6.0,Europe/Madrid,8.4,5.7,123.0,16.0,32.0,15
air_quality,2026-06-04T08:13:26+00:00,2510911,Seville,ES,2026-06-02T08:00,37.4,-6.0,Europe/Madrid,9.5,6.0,136.0,26.0,21.0,15
air_quality,2026-06-04T08:13:26+00:00,2510911,Seville,ES,2026-06-02T09:00,37.4,-6.0,Europe/Madrid,8.7,5.3,135.0,21.2,27.0,14
air_quality,2026-06-04T08:13:26+00:00,2510911,Seville,ES,2026-06-02T10:00,37.4,-6.0,Europe/Madrid,7.9,4.9,128.0,17.3,38.0,15
air_quality,2026-06-04T08:13:26+00:00,2510911,Seville,ES,2026-06-02T11:00,37.4,-6.0,Europe/Madrid,7.6,4.7,123.0,12.9,52.0,21
air_quality,2026-06-04T08:13:26+00:00,2510911,Seville,ES,2026-06-02T12:00,37.4,-6.0,Europe/Madrid,7.2,4.9,118.0,6.6,72.0,29
air_quality,2026-06-04T08:13:26+00:00,2510911,Seville,ES,2026-06-02T13:00,37.4,-6.0,Europe/Madrid,6.8,4.6,115.0,4.6,76.0,30
air_quality,2026-06-04T08:13:26+00:00,2510911,Seville,ES,2026-06-02T14:00,37.4,-6.0,Europe/Madrid,6.0,4.2,107.0,3.2,77.0,31
air_quality,2026-06-04T08:13:26+00:00,2510911,Seville,ES,2026-06-02T15:00,37.4,-6.0,Europe/Madrid,5.0,3.5,102.0,2.7,79.0,32
air_quality,2026-06-04T08:13:26+00:00,2510911,Seville,ES,2026-06-02T16:00,37.4,-6.0,Europe/Madrid,4.7,3.4,105.0,2.6,77.0,31
air_quality,2026-06-04T08:13:26+00:00,2510911,Seville,ES,2026-06-02T17:00,37.4,-6.0,Europe/Madrid,4.3,2.9,106.0,2.7,82.0,33
air_quality,2026-06-04T08:13:26+00:00,2510911,Seville,ES,2026-06-02T18:00,37.4,-6.0,Europe/Madrid,4.0,2.8,109.0,3.1,83.0,33
air_quality,2026-06-04T08:13:26+00:00,2510911,Seville,ES,2026-06-02T19:00,37.4,-6.0,Europe/Madrid,3.9,2.6,111.0,3.8,84.0,34
air_quality,2026-06-04T08:13:26+00:00,2510911,Seville,ES,2026-06-02T20:00,37.4,-6.0,Europe/Madrid,4.1,2.9,111.0,5.5,80.0,32
air_quality,2026-06-04T08:13:26+00:00,2510911,Seville,ES,2026-06-02T21:00,37.4,-6.0,Europe/Madrid,4.8,3.2,113.0,5.9,74.0,30
air_quality,2026-06-04T08:13:26+00:00,2510911,Seville,ES,2026-06-02T22:00,37.4,-6.0,Europe/Madrid,5.2,3.3,111.0,5.2,71.0,28
air_quality,2026-06-04T08:13:26+00:00,2510911,Seville,ES,2026-06-02T23:00,37.4,-6.0,Europe/Madrid,5.5,3.3,112.0,4.8,69.0,28
air_quality,2026-06-04T08:13:26+00:00,2510911,Seville,ES,2026-06-03T00:00,37.4,-6.0,Europe/Madrid,6.0,3.4,114.0,4.6,68.0,27
air_quality,2026-06-04T08:13:26+00:00,2510911,Seville,ES,2026-06-03T01:00,37.4,-6.0,Europe/Madrid,6.4,3.7,115.0,4.8,63.0,25
air_quality,2026-06-04T08:13:26+00:00,2510911,Seville,ES,2026-06-03T02:00,37.4,-6.0,Europe/Madrid,7.1,4.1,115.0,4.6,58.0,23
air_quality,2026-06-04T08:13:26+00:00,2510911,Seville,ES,2026-06-03T03:00,37.4,-6.0,Europe/Madrid,7.1,4.5,116.0,4.5,58.0,23
air_quality,2026-06-04T08:13:26+00:00,2510911,Seville,ES,2026-06-03T04:00,37.4,-6.0,Europe/Madrid,7.5,4.6,116.0,5.1,56.0,22
air_quality,2026-06-04T08:13:26+00:00,2510911,Seville,ES,2026-06-03T05:00,37.4,-6.0,Europe/Madrid,7.8,4.7,117.0,6.2,54.0,22
air_quality,2026-06-04T08:13:26+00:00,2510911,Seville,ES,2026-06-03T06:00,37.4,-6.0,Europe/Madrid,8.9,4.9,120.0,8.7,49.0,20
air_quality,2026-06-04T08:13:26+00:00,2510911,Seville,ES,2026-06-03T07:00,37.4,-6.0,Europe/Madrid,9.6,6.3,124.0,14.3,44.0,18
air_quality,2026-06-04T08:13:26+00:00,2510911,Seville,ES,2026-06-03T08:00,37.4,-6.0,Europe/Madrid,10.2,7.0,132.0,20.3,41.0,16
air_quality,2026-06-04T08:13:26+00:00,2510911,Seville,ES,2026-06-03T09:00,37.4,-6.0,Europe/Madrid,10.8,5.6,129.0,16.0,50.0,20
air_quality,2026-06-04T08:13:26+00:00,2510911,Seville,ES,2026-06-03T10:00,37.4,-6.0,Europe/Madrid,10.3,4.9,128.0,10.6,54.0,22
air_quality,2026-06-04T08:13:26+00:00,2510911,Seville,ES,2026-06-03T11:00,37.4,-6.0,Europe/Madrid,10.7,5.0,125.0,6.9,62.0,25
air_quality,2026-06-04T08:13:26+00:00,2510911,Seville,ES,2026-06-03T12:00,37.4,-6.0,Europe/Madrid,10.5,5.2,123.0,5.7,75.0,30
air_quality,2026-06-04T08:13:26+00:00,2510911,Seville,ES,2026-06-03T13:00,37.4,-6.0,Europe/Madrid,10.0,5.3,125.0,5.2,88.0,35
air_quality,2026-06-04T08:13:26+00:00,2510911,Seville,ES,2026-06-03T14:00,37.4,-6.0,Europe/Madrid,9.5,4.9,124.0,4.9,101.0,41
air_quality,2026-06-04T08:13:26+00:00,2510911,Seville,ES,2026-06-03T15:00,37.4,-6.0,Europe/Madrid,9.1,5.0,123.0,4.8,112.0,48
air_quality,2026-06-04T08:13:26+00:00,2510911,Seville,ES,2026-06-03T16:00,37.4,-6.0,Europe/Madrid,8.8,4.7,121.0,3.9,116.0,51
air_quality,2026-06-04T08:13:26+00:00,2510911,Seville,ES,2026-06-03T17:00,37.4,-6.0,Europe/Madrid,8.3,4.5,120.0,3.7,116.0,51
air_quality,2026-06-04T08:13:26+00:00,2510911,Seville,ES,2026-06-03T18:00,37.4,-6.0,Europe/Madrid,7.5,4.3,119.0,4.6,108.0,45
air_quality,2026-06-04T08:13:26+00:00,2510911,Seville,ES,2026-06-03T19:00,37.4,-6.0,Europe/Madrid,6.6,3.9,120.0,5.0,100.0,40
air_quality,2026-06-04T08:13:26+00:00,2510911,Seville,ES,2026-06-03T20:00,37.4,-6.0,Europe/Madrid,6.8,4.1,121.0,5.5,93.0,37
air_quality,2026-06-04T08:13:26+00:00,2510911,Seville,ES,2026-06-03T21:00,37.4,-6.0,Europe/Madrid,7.2,4.6,120.0,5.8,86.0,34
air_quality,2026-06-04T08:13:26+00:00,2510911,Seville,ES,2026-06-03T22:00,37.4,-6.0,Europe/Madrid,7.7,5.1,116.0,5.6,80.0,32
air_quality,2026-06-04T08:13:26+00:00,2510911,Seville,ES,2026-06-03T23:00,37.4,-6.0,Europe/Madrid,7.3,5.0,116.0,5.7,72.0,29
air_quality,2026-06-04T08:13:26+00:00,2510911,Seville,ES,2026-06-04T00:00,37.4,-6.0,Europe/Madrid,8.2,5.2,115.0,6.1,66.0,26
air_quality,2026-06-04T08:13:26+00:00,2510911,Seville,ES,2026-06-04T01:00,37.4,-6.0,Europe/Madrid,10.3,5.8,117.0,7.8,57.0,23
air_quality,2026-06-04T08:13:26+00:00,2510911,Seville,ES,2026-06-04T02:00,37.4,-6.0,Europe/Madrid,15.5,6.9,119.0,8.8,46.0,18
air_quality,2026-06-04T08:13:26+00:00,2510911,Seville,ES,2026-06-04T03:00,37.4,-6.0,Europe/Madrid,23.6,10.0,117.0,8.5,39.0,16
air_quality,2026-06-04T08:13:26+00:00,2510911,Seville,ES,2026-06-04T04:00,37.4,-6.0,Europe/Madrid,29.7,10.7,114.0,6.8,38.0,15
air_quality,2026-06-04T08:13:26+00:00,2510911,Seville,ES,2026-06-04T05:00,37.4,-6.0,Europe/Madrid,26.2,10.3,110.0,5.7,36.0,14
air_quality,2026-06-04T08:13:26+00:00,2510911,Seville,ES,2026-06-04T06:00,37.4,-6.0,Europe/Madrid,24.9,9.1,110.0,6.4,33.0,13
air_quality,2026-06-04T08:13:26+00:00,2510911,Seville,ES,2026-06-04T07:00,37.4,-6.0,Europe/Madrid,21.4,9.1,112.0,10.7,28.0,12
air_quality,2026-06-04T08:13:26+00:00,2510911,Seville,ES,2026-06-04T08:00,37.4,-6.0,Europe/Madrid,18.4,9.8,121.0,17.2,22.0,13
air_quality,2026-06-04T08:13:26+00:00,2510911,Seville,ES,2026-06-04T09:00,37.4,-6.0,Europe/Madrid,16.0,8.5,123.0,14.0,36.0,14
air_quality,2026-06-04T08:13:26+00:00,2510911,Seville,ES,2026-06-04T10:00,37.4,-6.0,Europe/Madrid,15.0,7.1,118.0,10.5,40.0,16
air_quality,2026-06-04T08:13:26+00:00,2510911,Seville,ES,2026-06-04T11:00,37.4,-6.0,Europe/Madrid,12.6,6.3,115.0,6.3,50.0,20
air_quality,2026-06-04T08:13:26+00:00,2510911,Seville,ES,2026-06-04T12:00,37.4,-6.0,Europe/Madrid,11.2,5.9,114.0,4.4,62.0,25
air_quality,2026-06-04T08:13:26+00:00,2510911,Seville,ES,2026-06-04T13:00,37.4,-6.0,Europe/Madrid,10.0,5.0,112.0,3.5,75.0,30
air_quality,2026-06-04T08:13:26+00:00,2510911,Seville,ES,2026-06-04T14:00,37.4,-6.0,Europe/Madrid,8.9,4.4,110.0,3.0,81.0,32
air_quality,2026-06-04T08:13:26+00:00,2510911,Seville,ES,2026-06-04T15:00,37.4,-6.0,Europe/Madrid,8.6,4.1,109.0,2.8,84.0,34
air_quality,2026-06-04T08:13:26+00:00,2510911,Seville,ES,2026-06-04T16:00,37.4,-6.0,Europe/Madrid,9.0,4.1,108.0,2.6,83.0,33
air_quality,2026-06-04T08:13:26+00:00,2510911,Seville,ES,2026-06-04T17:00,37.4,-6.0,Europe/Madrid,8.0,4.2,108.0,2.6,80.0,32
air_quality,2026-06-04T08:13:26+00:00,2510911,Seville,ES,2026-06-04T18:00,37.4,-6.0,Europe/Madrid,8.5,4.4,109.0,2.9,78.0,31
air_quality,2026-06-04T08:13:26+00:00,2510911,Seville,ES,2026-06-04T19:00,37.4,-6.0,Europe/Madrid,7.6,4.8,110.0,3.3,77.0,31
air_quality,2026-06-04T08:13:26+00:00,2510911,Seville,ES,2026-06-04T20:00,37.4,-6.0,Europe/Madrid,7.6,4.7,110.0,3.9,78.0,31
air_quality,2026-06-04T08:13:26+00:00,2510911,Seville,ES,2026-06-04T21:00,37.4,-6.0,Europe/Madrid,8.8,5.2,112.0,5.1,73.0,29
air_quality,2026-06-04T08:13:26+00:00,2510911,Seville,ES,2026-06-04T22:00,37.4,-6.0,Europe/Madrid,8.3,4.6,111.0,5.4,71.0,28
air_quality,2026-06-04T08:13:26+00:00,2510911,Seville,ES,2026-06-04T23:00,37.4,-6.0,Europe/Madrid,8.5,4.8,112.0,6.4,70.0,28
air_quality,2026-06-04T08:13:26+00:00,3128026,Bilbao,ES,2026-05-05T00:00,43.3,-2.8999996,Europe/Madrid,11.2,7.8,152.0,20.0,58.0,23
air_quality,2026-06-04T08:13:26+00:00,3128026,Bilbao,ES,2026-05-05T01:00,43.3,-2.8999996,Europe/Madrid,11.5,8.8,150.0,17.6,54.0,22
air_quality,2026-06-04T08:13:26+00:00,3128026,Bilbao,ES,2026-05-05T02:00,43.3,-2.8999996,Europe/Madrid,10.5,9.3,147.0,16.7,49.0,20
air_quality,2026-06-04T08:13:26+00:00,3128026,Bilbao,ES,2026-05-05T03:00,43.3,-2.8999996,Europe/Madrid,9.9,9.1,146.0,16.5,50.0,20
air_quality,2026-06-04T08:13:26+00:00,3128026,Bilbao,ES,2026-05-05T04:00,43.3,-2.8999996,Europe/Madrid,9.1,8.5,143.0,14.7,52.0,21
air_quality,2026-06-04T08:13:26+00:00,3128026,Bilbao,ES,2026-05-05T05:00,43.3,-2.8999996,Europe/Madrid,9.0,7.7,143.0,14.2,55.0,22
air_quality,2026-06-04T08:13:26+00:00,3128026,Bilbao,ES,2026-05-05T06:00,43.3,-2.8999996,Europe/Madrid,9.2,8.0,144.0,16.0,51.0,20
air_quality,2026-06-04T08:13:26+00:00,3128026,Bilbao,ES,2026-05-05T07:00,43.3,-2.8999996,Europe/Madrid,9.4,8.3,149.0,19.5,48.0,19
air_quality,2026-06-04T08:13:26+00:00,3128026,Bilbao,ES,2026-05-05T08:00,43.3,-2.8999996,Europe/Madrid,8.3,7.2,160.0,28.5,40.0,16
air_quality,2026-06-04T08:13:26+00:00,3128026,Bilbao,ES,2026-05-05T09:00,43.3,-2.8999996,Europe/Madrid,7.5,6.6,162.0,28.8,48.0,19
air_quality,2026-06-04T08:13:26+00:00,3128026,Bilbao,ES,2026-05-05T10:00,43.3,-2.8999996,Europe/Madrid,6.2,4.8,155.0,19.8,54.0,22
air_quality,2026-06-04T08:13:26+00:00,3128026,Bilbao,ES,2026-05-05T11:00,43.3,-2.8999996,Europe/Madrid,4.8,3.7,145.0,11.7,63.0,25
air_quality,2026-06-04T08:13:26+00:00,3128026,Bilbao,ES,2026-05-05T12:00,43.3,-2.8999996,Europe/Madrid,4.4,3.6,144.0,5.3,71.0,28
air_quality,2026-06-04T08:13:26+00:00,3128026,Bilbao,ES,2026-05-05T13:00,43.3,-2.8999996,Europe/Madrid,4.4,3.5,142.0,4.1,79.0,32
air_quality,2026-06-04T08:13:26+00:00,3128026,Bilbao,ES,2026-05-05T14:00,43.3,-2.8999996,Europe/Madrid,5.2,3.6,142.0,3.8,83.0,33
air_quality,2026-06-04T08:13:26+00:00,3128026,Bilbao,ES,2026-05-05T15:00,43.3,-2.8999996,Europe/Madrid,5.8,3.4,139.0,3.9,84.0,34
air_quality,2026-06-04T08:13:26+00:00,3128026,Bilbao,ES,2026-05-05T16:00,43.3,-2.8999996,Europe/Madrid,5.2,3.1,139.0,3.9,86.0,34
air_quality,2026-06-04T08:13:26+00:00,3128026,Bilbao,ES,2026-05-05T17:00,43.3,-2.8999996,Europe/Madrid,5.3,3.7,140.0,4.2,86.0,34
air_quality,2026-06-04T08:13:26+00:00,3128026,Bilbao,ES,2026-05-05T18:00,43.3,-2.8999996,Europe/Madrid,6.1,4.2,142.0,5.6,83.0,33
air_quality,2026-06-04T08:13:26+00:00,3128026,Bilbao,ES,2026-05-05T19:00,43.3,-2.8999996,Europe/Madrid,6.2,4.7,140.0,7.5,80.0,32
air_quality,2026-06-04T08:13:26+00:00,3128026,Bilbao,ES,2026-05-05T20:00,43.3,-2.8999996,Europe/Madrid,6.7,4.5,140.0,9.7,78.0,31
air_quality,2026-06-04T08:13:26+00:00,3128026,Bilbao,ES,2026-05-05T21:00,43.3,-2.8999996,Europe/Madrid,7.7,5.2,143.0,14.2,70.0,28
air_quality,2026-06-04T08:13:26+00:00,3128026,Bilbao,ES,2026-05-05T22:00,43.3,-2.8999996,Europe/Madrid,7.9,5.1,144.0,12.9,71.0,28
air_quality,2026-06-04T08:13:26+00:00,3128026,Bilbao,ES,2026-05-05T23:00,43.3,-2.8999996,Europe/Madrid,8.0,5.6,143.0,12.3,69.0,28
air_quality,2026-06-04T08:13:26+00:00,3128026,Bilbao,ES,2026-05-06T00:00,43.3,-2.8999996,Europe/Madrid,7.6,5.5,136.0,10.8,70.0,28
air_quality,2026-06-04T08:13:26+00:00,3128026,Bilbao,ES,2026-05-06T01:00,43.3,-2.8999996,Europe/Madrid,7.0,5.1,135.0,10.0,69.0,28
air_quality,2026-06-04T08:13:26+00:00,3128026,Bilbao,ES,2026-05-06T02:00,43.3,-2.8999996,Europe/Madrid,7.6,4.7,137.0,8.5,70.0,28
air_quality,2026-06-04T08:13:26+00:00,3128026,Bilbao,ES,2026-05-06T03:00,43.3,-2.8999996,Europe/Madrid,6.9,4.9,138.0,7.5,63.0,25
air_quality,2026-06-04T08:13:26+00:00,3128026,Bilbao,ES,2026-05-06T04:00,43.3,-2.8999996,Europe/Madrid,7.5,5.0,140.0,8.1,57.0,23
air_quality,2026-06-04T08:13:26+00:00,3128026,Bilbao,ES,2026-05-06T05:00,43.3,-2.8999996,Europe/Madrid,8.2,5.0,140.0,7.9,55.0,22
air_quality,2026-06-04T08:13:26+00:00,3128026,Bilbao,ES,2026-05-06T06:00,43.3,-2.8999996,Europe/Madrid,8.9,4.9,141.0,8.9,50.0,20
air_quality,2026-06-04T08:13:26+00:00,3128026,Bilbao,ES,2026-05-06T07:00,43.3,-2.8999996,Europe/Madrid,8.6,5.1,148.0,11.7,45.0,18
air_quality,2026-06-04T08:13:26+00:00,3128026,Bilbao,ES,2026-05-06T08:00,43.3,-2.8999996,Europe/Madrid,9.5,5.9,152.0,17.9,45.0,18
air_quality,2026-06-04T08:13:26+00:00,3128026,Bilbao,ES,2026-05-06T09:00,43.3,-2.8999996,Europe/Madrid,8.9,6.0,149.0,15.0,64.0,26
air_quality,2026-06-04T08:13:26+00:00,3128026,Bilbao,ES,2026-05-06T10:00,43.3,-2.8999996,Europe/Madrid,7.0,4.9,142.0,9.5,80.0,32
air_quality,2026-06-04T08:13:26+00:00,3128026,Bilbao,ES,2026-05-06T11:00,43.3,-2.8999996,Europe/Madrid,6.2,3.9,136.0,5.2,86.0,34
air_quality,2026-06-04T08:13:26+00:00,3128026,Bilbao,ES,2026-05-06T12:00,43.3,-2.8999996,Europe/Madrid,5.6,3.8,136.0,4.4,91.0,36
air_quality,2026-06-04T08:13:26+00:00,3128026,Bilbao,ES,2026-05-06T13:00,43.3,-2.8999996,Europe/Madrid,5.9,3.6,138.0,4.7,92.0,37
air_quality,2026-06-04T08:13:26+00:00,3128026,Bilbao,ES,2026-05-06T14:00,43.3,-2.8999996,Europe/Madrid,6.7,3.7,138.0,6.0,90.0,36
air_quality,2026-06-04T08:13:26+00:00,3128026,Bilbao,ES,2026-05-06T15:00,43.3,-2.8999996,Europe/Madrid,7.7,4.2,140.0,6.9,90.0,36
air_quality,2026-06-04T08:13:26+00:00,3128026,Bilbao,ES,2026-05-06T16:00,43.3,-2.8999996,Europe/Madrid,8.2,4.6,141.0,6.9,91.0,36
air_quality,2026-06-04T08:13:26+00:00,3128026,Bilbao,ES,2026-05-06T17:00,43.3,-2.8999996,Europe/Madrid,7.8,4.8,145.0,6.9,91.0,36
air_quality,2026-06-04T08:13:26+00:00,3128026,Bilbao,ES,2026-05-06T18:00,43.3,-2.8999996,Europe/Madrid,7.9,5.2,150.0,8.5,88.0,35
air_quality,2026-06-04T08:13:26+00:00,3128026,Bilbao,ES,2026-05-06T19:00,43.3,-2.8999996,Europe/Madrid,8.0,6.0,160.0,9.4,87.0,35
air_quality,2026-06-04T08:13:26+00:00,3128026,Bilbao,ES,2026-05-06T20:00,43.3,-2.8999996,Europe/Madrid,9.0,6.4,163.0,11.6,84.0,34
air_quality,2026-06-04T08:13:26+00:00,3128026,Bilbao,ES,2026-05-06T21:00,43.3,-2.8999996,Europe/Madrid,10.4,7.6,165.0,14.6,76.0,30
air_quality,2026-06-04T08:13:26+00:00,3128026,Bilbao,ES,2026-05-06T22:00,43.3,-2.8999996,Europe/Madrid,12.1,8.7,160.0,15.9,79.0,32
air_quality,2026-06-04T08:13:26+00:00,3128026,Bilbao,ES,2026-05-06T23:00,43.3,-2.8999996,Europe/Madrid,13.9,10.9,168.0,21.7,69.0,28
air_quality,2026-06-04T08:13:26+00:00,3128026,Bilbao,ES,2026-05-07T00:00,43.3,-2.8999996,Europe/Madrid,14.8,11.1,174.0,22.7,69.0,28
air_quality,2026-06-04T08:13:26+00:00,3128026,Bilbao,ES,2026-05-07T01:00,43.3,-2.8999996,Europe/Madrid,15.8,12.0,169.0,20.7,63.0,25
air_quality,2026-06-04T08:13:26+00:00,3128026,Bilbao,ES,2026-05-07T02:00,43.3,-2.8999996,Europe/Madrid,15.1,12.3,166.0,19.9,59.0,24
air_quality,2026-06-04T08:13:26+00:00,3128026,Bilbao,ES,2026-05-07T03:00,43.3,-2.8999996,Europe/Madrid,14.8,12.3,171.0,16.2,57.0,23
air_quality,2026-06-04T08:13:26+00:00,3128026,Bilbao,ES,2026-05-07T04:00,43.3,-2.8999996,Europe/Madrid,14.2,11.9,170.0,14.9,53.0,21
air_quality,2026-06-04T08:13:26+00:00,3128026,Bilbao,ES,2026-05-07T05:00,43.3,-2.8999996,Europe/Madrid,13.9,11.9,169.0,16.4,48.0,19
air_quality,2026-06-04T08:13:26+00:00,3128026,Bilbao,ES,2026-05-07T06:00,43.3,-2.8999996,Europe/Madrid,13.9,12.1,169.0,19.0,41.0,16
air_quality,2026-06-04T08:13:26+00:00,3128026,Bilbao,ES,2026-05-07T07:00,43.3,-2.8999996,Europe/Madrid,14.7,12.8,173.0,23.7,36.0,15
air_quality,2026-06-04T08:13:26+00:00,3128026,Bilbao,ES,2026-05-07T08:00,43.3,-2.8999996,Europe/Madrid,15.0,13.1,192.0,26.9,28.0,16
air_quality,2026-06-04T08:13:26+00:00,3128026,Bilbao,ES,2026-05-07T09:00,43.3,-2.8999996,Europe/Madrid,14.1,11.8,199.0,27.8,44.0,18
air_quality,2026-06-04T08:13:26+00:00,3128026,Bilbao,ES,2026-05-07T10:00,43.3,-2.8999996,Europe/Madrid,12.8,10.0,190.0,20.5,68.0,27
air_quality,2026-06-04T08:13:26+00:00,3128026,Bilbao,ES,2026-05-07T11:00,43.3,-2.8999996,Europe/Madrid,11.1,7.5,159.0,11.1,83.0,33
air_quality,2026-06-04T08:13:26+00:00,3128026,Bilbao,ES,2026-05-07T12:00,43.3,-2.8999996,Europe/Madrid,7.7,4.8,143.0,5.2,85.0,34
air_quality,2026-06-04T08:13:26+00:00,3128026,Bilbao,ES,2026-05-07T13:00,43.3,-2.8999996,Europe/Madrid,7.6,4.1,138.0,4.0,90.0,36
air_quality,2026-06-04T08:13:26+00:00,3128026,Bilbao,ES,2026-05-07T14:00,43.3,-2.8999996,Europe/Madrid,7.7,4.5,137.0,3.2,97.0,39
air_quality,2026-06-04T08:13:26+00:00,3128026,Bilbao,ES,2026-05-07T15:00,43.3,-2.8999996,Europe/Madrid,7.2,4.6,136.0,2.7,100.0,40
air_quality,2026-06-04T08:13:26+00:00,3128026,Bilbao,ES,2026-05-07T16:00,43.3,-2.8999996,Europe/Madrid,6.6,4.5,135.0,3.2,98.0,39
air_quality,2026-06-04T08:13:26+00:00,3128026,Bilbao,ES,2026-05-07T17:00,43.3,-2.8999996,Europe/Madrid,6.6,4.8,135.0,4.0,93.0,37
air_quality,2026-06-04T08:13:26+00:00,3128026,Bilbao,ES,2026-05-07T18:00,43.3,-2.8999996,Europe/Madrid,7.7,5.6,142.0,6.1,88.0,35
air_quality,2026-06-04T08:13:26+00:00,3128026,Bilbao,ES,2026-05-07T19:00,43.3,-2.8999996,Europe/Madrid,9.3,6.7,149.0,8.9,82.0,33
air_quality,2026-06-04T08:13:26+00:00,3128026,Bilbao,ES,2026-05-07T20:00,43.3,-2.8999996,Europe/Madrid,11.3,7.5,158.0,18.2,69.0,28
air_quality,2026-06-04T08:13:26+00:00,3128026,Bilbao,ES,2026-05-07T21:00,43.3,-2.8999996,Europe/Madrid,13.6,9.5,172.0,27.9,57.0,23
air_quality,2026-06-04T08:13:26+00:00,3128026,Bilbao,ES,2026-05-07T22:00,43.3,-2.8999996,Europe/Madrid,15.1,11.0,174.0,32.4,50.0,20
air_quality,2026-06-04T08:13:26+00:00,3128026,Bilbao,ES,2026-05-07T23:00,43.3,-2.8999996,Europe/Madrid,15.4,11.9,177.0,34.1,44.0,18
air_quality,2026-06-04T08:13:26+00:00,3128026,Bilbao,ES,2026-05-08T00:00,43.3,-2.8999996,Europe/Madrid,14.9,12.1,173.0,35.8,40.0,18
air_quality,2026-06-04T08:13:26+00:00,3128026,Bilbao,ES,2026-05-08T01:00,43.3,-2.8999996,Europe/Madrid,14.0,10.8,161.0,28.1,41.0,18
air_quality,2026-06-04T08:13:26+00:00,3128026,Bilbao,ES,2026-05-08T02:00,43.3,-2.8999996,Europe/Madrid,12.1,8.2,148.0,17.6,47.0,19
air_quality,2026-06-04T08:13:26+00:00,3128026,Bilbao,ES,2026-05-08T03:00,43.3,-2.8999996,Europe/Madrid,9.6,6.9,138.0,13.6,49.0,20
air_quality,2026-06-04T08:13:26+00:00,3128026,Bilbao,ES,2026-05-08T04:00,43.3,-2.8999996,Europe/Madrid,7.8,4.7,130.0,8.8,52.0,21
air_quality,2026-06-04T08:13:26+00:00,3128026,Bilbao,ES,2026-05-08T05:00,43.3,-2.8999996,Europe/Madrid,7.1,4.3,128.0,7.7,50.0,20
air_quality,2026-06-04T08:13:26+00:00,3128026,Bilbao,ES,2026-05-08T06:00,43.3,-2.8999996,Europe/Madrid,7.0,4.7,131.0,8.8,45.0,18
air_quality,2026-06-04T08:13:26+00:00,3128026,Bilbao,ES,2026-05-08T07:00,43.3,-2.8999996,Europe/Madrid,8.1,6.1,135.0,13.0,42.0,17
air_quality,2026-06-04T08:13:26+00:00,3128026,Bilbao,ES,2026-05-08T08:00,43.3,-2.8999996,Europe/Madrid,9.0,6.2,142.0,19.3,43.0,17
air_quality,2026-06-04T08:13:26+00:00,3128026,Bilbao,ES,2026-05-08T09:00,43.3,-2.8999996,Europe/Madrid,9.6,5.7,140.0,17.9,40.0,16
air_quality,2026-06-04T08:13:26+00:00,3128026,Bilbao,ES,2026-05-08T10:00,43.3,-2.8999996,Europe/Madrid,9.3,5.7,136.0,12.4,53.0,21
air_quality,2026-06-04T08:13:26+00:00,3128026,Bilbao,ES,2026-05-08T11:00,43.3,-2.8999996,Europe/Madrid,7.9,5.3,129.0,7.2,63.0,25
air_quality,2026-06-04T08:13:26+00:00,3128026,Bilbao,ES,2026-05-08T12:00,43.3,-2.8999996,Europe/Madrid,6.9,4.2,125.0,5.5,76.0,30
air_quality,2026-06-04T08:13:26+00:00,3128026,Bilbao,ES,2026-05-08T13:00,43.3,-2.8999996,Europe/Madrid,5.9,3.9,123.0,4.7,81.0,32
air_quality,2026-06-04T08:13:26+00:00,3128026,Bilbao,ES,2026-05-08T14:00,43.3,-2.8999996,Europe/Madrid,5.6,3.7,122.0,4.7,81.0,32
air_quality,2026-06-04T08:13:26+00:00,3128026,Bilbao,ES,2026-05-08T15:00,43.3,-2.8999996,Europe/Madrid,5.1,3.6,122.0,4.7,82.0,33
air_quality,2026-06-04T08:13:26+00:00,3128026,Bilbao,ES,2026-05-08T16:00,43.3,-2.8999996,Europe/Madrid,4.8,3.9,123.0,4.6,82.0,33
air_quality,2026-06-04T08:13:26+00:00,3128026,Bilbao,ES,2026-05-08T17:00,43.3,-2.8999996,Europe/Madrid,4.5,4.0,125.0,5.7,79.0,32
air_quality,2026-06-04T08:13:26+00:00,3128026,Bilbao,ES,2026-05-08T18:00,43.3,-2.8999996,Europe/Madrid,4.8,4.3,132.0,9.5,77.0,31
air_quality,2026-06-04T08:13:26+00:00,3128026,Bilbao,ES,2026-05-08T19:00,43.3,-2.8999996,Europe/Madrid,5.4,4.5,136.0,13.2,75.0,30
air_quality,2026-06-04T08:13:26+00:00,3128026,Bilbao,ES,2026-05-08T20:00,43.3,-2.8999996,Europe/Madrid,6.1,4.8,136.0,16.5,71.0,28
air_quality,2026-06-04T08:13:26+00:00,3128026,Bilbao,ES,2026-05-08T21:00,43.3,-2.8999996,Europe/Madrid,7.6,5.9,148.0,21.0,65.0,26
air_quality,2026-06-04T08:13:26+00:00,3128026,Bilbao,ES,2026-05-08T22:00,43.3,-2.8999996,Europe/Madrid,7.5,6.1,154.0,23.1,57.0,23
air_quality,2026-06-04T08:13:26+00:00,3128026,Bilbao,ES,2026-05-08T23:00,43.3,-2.8999996,Europe/Madrid,7.5,5.6,151.0,19.2,58.0,23
air_quality,2026-06-04T08:13:26+00:00,3128026,Bilbao,ES,2026-05-09T00:00,43.3,-2.8999996,Europe/Madrid,7.9,5.8,140.0,17.1,49.0,20
air_quality,2026-06-04T08:13:26+00:00,3128026,Bilbao,ES,2026-05-09T01:00,43.3,-2.8999996,Europe/Madrid,7.1,4.9,134.0,16.4,52.0,21
air_quality,2026-06-04T08:13:26+00:00,3128026,Bilbao,ES,2026-05-09T02:00,43.3,-2.8999996,Europe/Madrid,7.1,5.3,128.0,14.8,51.0,20
air_quality,2026-06-04T08:13:26+00:00,3128026,Bilbao,ES,2026-05-09T03:00,43.3,-2.8999996,Europe/Madrid,7.0,5.0,121.0,8.6,54.0,22
air_quality,2026-06-04T08:13:26+00:00,3128026,Bilbao,ES,2026-05-09T04:00,43.3,-2.8999996,Europe/Madrid,6.4,4.6,120.0,7.5,51.0,20
air_quality,2026-06-04T08:13:26+00:00,3128026,Bilbao,ES,2026-05-09T05:00,43.3,-2.8999996,Europe/Madrid,6.2,4.3,121.0,6.7,55.0,22
air_quality,2026-06-04T08:13:26+00:00,3128026,Bilbao,ES,2026-05-09T06:00,43.3,-2.8999996,Europe/Madrid,6.9,4.4,121.0,6.0,56.0,22
air_quality,2026-06-04T08:13:26+00:00,3128026,Bilbao,ES,2026-05-09T07:00,43.3,-2.8999996,Europe/Madrid,7.2,4.4,123.0,5.0,65.0,26
air_quality,2026-06-04T08:13:26+00:00,3128026,Bilbao,ES,2026-05-09T08:00,43.3,-2.8999996,Europe/Madrid,7.2,4.7,125.0,5.0,67.0,27
air_quality,2026-06-04T08:13:26+00:00,3128026,Bilbao,ES,2026-05-09T09:00,43.3,-2.8999996,Europe/Madrid,7.5,4.7,123.0,3.5,68.0,27
air_quality,2026-06-04T08:13:26+00:00,3128026,Bilbao,ES,2026-05-09T10:00,43.3,-2.8999996,Europe/Madrid,6.9,4.5,121.0,3.4,76.0,30
air_quality,2026-06-04T08:13:26+00:00,3128026,Bilbao,ES,2026-05-09T11:00,43.3,-2.8999996,Europe/Madrid,6.6,4.3,120.0,3.0,78.0,31
air_quality,2026-06-04T08:13:26+00:00,3128026,Bilbao,ES,2026-05-09T12:00,43.3,-2.8999996,Europe/Madrid,5.9,4.0,119.0,2.9,81.0,32
air_quality,2026-06-04T08:13:26+00:00,3128026,Bilbao,ES,2026-05-09T13:00,43.3,-2.8999996,Europe/Madrid,5.4,3.9,118.0,2.9,81.0,32
air_quality,2026-06-04T08:13:26+00:00,3128026,Bilbao,ES,2026-05-09T14:00,43.3,-2.8999996,Europe/Madrid,5.7,3.7,119.0,2.8,82.0,33
air_quality,2026-06-04T08:13:26+00:00,3128026,Bilbao,ES,2026-05-09T15:00,43.3,-2.8999996,Europe/Madrid,5.7,3.3,118.0,2.2,86.0,34
air_quality,2026-06-04T08:13:26+00:00,3128026,Bilbao,ES,2026-05-09T16:00,43.3,-2.8999996,Europe/Madrid,4.8,4.1,119.0,2.2,84.0,34
air_quality,2026-06-04T08:13:26+00:00,3128026,Bilbao,ES,2026-05-09T17:00,43.3,-2.8999996,Europe/Madrid,4.8,4.0,120.0,3.0,83.0,33
air_quality,2026-06-04T08:13:26+00:00,3128026,Bilbao,ES,2026-05-09T18:00,43.3,-2.8999996,Europe/Madrid,4.8,4.2,123.0,4.1,81.0,32
air_quality,2026-06-04T08:13:26+00:00,3128026,Bilbao,ES,2026-05-09T19:00,43.3,-2.8999996,Europe/Madrid,5.9,5.2,126.0,5.0,77.0,31
air_quality,2026-06-04T08:13:26+00:00,3128026,Bilbao,ES,2026-05-09T20:00,43.3,-2.8999996,Europe/Madrid,7.2,5.3,128.0,7.6,68.0,27
air_quality,2026-06-04T08:13:26+00:00,3128026,Bilbao,ES,2026-05-09T21:00,43.3,-2.8999996,Europe/Madrid,7.7,6.0,137.0,14.3,58.0,23
air_quality,2026-06-04T08:13:26+00:00,3128026,Bilbao,ES,2026-05-09T22:00,43.3,-2.8999996,Europe/Madrid,7.5,6.0,133.0,17.7,54.0,22
air_quality,2026-06-04T08:13:26+00:00,3128026,Bilbao,ES,2026-05-09T23:00,43.3,-2.8999996,Europe/Madrid,6.6,5.6,125.0,15.7,60.0,24
air_quality,2026-06-04T08:13:26+00:00,3128026,Bilbao,ES,2026-05-10T00:00,43.3,-2.8999996,Europe/Madrid,6.7,3.9,121.0,11.0,65.0,26
air_quality,2026-06-04T08:13:26+00:00,3128026,Bilbao,ES,2026-05-10T01:00,43.3,-2.8999996,Europe/Madrid,5.4,3.4,120.0,9.3,61.0,24
air_quality,2026-06-04T08:13:26+00:00,3128026,Bilbao,ES,2026-05-10T02:00,43.3,-2.8999996,Europe/Madrid,4.2,3.3,119.0,6.9,69.0,28
air_quality,2026-06-04T08:13:26+00:00,3128026,Bilbao,ES,2026-05-10T03:00,43.3,-2.8999996,Europe/Madrid,4.1,3.3,118.0,6.6,62.0,25
air_quality,2026-06-04T08:13:26+00:00,3128026,Bilbao,ES,2026-05-10T04:00,43.3,-2.8999996,Europe/Madrid,3.3,2.6,117.0,5.7,60.0,24
air_quality,2026-06-04T08:13:26+00:00,3128026,Bilbao,ES,2026-05-10T05:00,43.3,-2.8999996,Europe/Madrid,2.8,2.0,117.0,4.4,67.0,27
air_quality,2026-06-04T08:13:26+00:00,3128026,Bilbao,ES,2026-05-10T06:00,43.3,-2.8999996,Europe/Madrid,2.9,1.8,119.0,3.8,65.0,26
air_quality,2026-06-04T08:13:26+00:00,3128026,Bilbao,ES,2026-05-10T07:00,43.3,-2.8999996,Europe/Madrid,3.4,1.9,122.0,4.4,59.0,24
air_quality,2026-06-04T08:13:26+00:00,3128026,Bilbao,ES,2026-05-10T08:00,43.3,-2.8999996,Europe/Madrid,3.9,2.1,124.0,5.3,53.0,21
air_quality,2026-06-04T08:13:26+00:00,3128026,Bilbao,ES,2026-05-10T09:00,43.3,-2.8999996,Europe/Madrid,4.1,2.1,122.0,3.5,56.0,22
air_quality,2026-06-04T08:13:26+00:00,3128026,Bilbao,ES,2026-05-10T10:00,43.3,-2.8999996,Europe/Madrid,3.6,1.7,117.0,1.8,63.0,25
air_quality,2026-06-04T08:13:26+00:00,3128026,Bilbao,ES,2026-05-10T11:00,43.3,-2.8999996,Europe/Madrid,3.1,1.5,115.0,1.5,67.0,27
air_quality,2026-06-04T08:13:26+00:00,3128026,Bilbao,ES,2026-05-10T12:00,43.3,-2.8999996,Europe/Madrid,3.2,1.6,114.0,1.4,72.0,29
air_quality,2026-06-04T08:13:26+00:00,3128026,Bilbao,ES,2026-05-10T13:00,43.3,-2.8999996,Europe/Madrid,3.1,1.5,113.0,1.5,73.0,29
air_quality,2026-06-04T08:13:26+00:00,3128026,Bilbao,ES,2026-05-10T14:00,43.3,-2.8999996,Europe/Madrid,2.9,1.6,112.0,1.6,71.0,28
air_quality,2026-06-04T08:13:26+00:00,3128026,Bilbao,ES,2026-05-10T15:00,43.3,-2.8999996,Europe/Madrid,2.8,1.6,112.0,1.4,72.0,29
air_quality,2026-06-04T08:13:26+00:00,3128026,Bilbao,ES,2026-05-10T16:00,43.3,-2.8999996,Europe/Madrid,2.7,1.5,113.0,1.8,74.0,30
air_quality,2026-06-04T08:13:26+00:00,3128026,Bilbao,ES,2026-05-10T17:00,43.3,-2.8999996,Europe/Madrid,2.8,1.8,114.0,1.9,72.0,29
air_quality,2026-06-04T08:13:26+00:00,3128026,Bilbao,ES,2026-05-10T18:00,43.3,-2.8999996,Europe/Madrid,2.9,2.1,114.0,2.0,71.0,28
air_quality,2026-06-04T08:13:26+00:00,3128026,Bilbao,ES,2026-05-10T19:00,43.3,-2.8999996,Europe/Madrid,3.3,2.4,118.0,3.1,68.0,27
air_quality,2026-06-04T08:13:26+00:00,3128026,Bilbao,ES,2026-05-10T20:00,43.3,-2.8999996,Europe/Madrid,4.6,3.5,126.0,5.2,64.0,26
air_quality,2026-06-04T08:13:26+00:00,3128026,Bilbao,ES,2026-05-10T21:00,43.3,-2.8999996,Europe/Madrid,6.8,5.0,134.0,10.4,60.0,24
air_quality,2026-06-04T08:13:26+00:00,3128026,Bilbao,ES,2026-05-10T22:00,43.3,-2.8999996,Europe/Madrid,6.9,5.1,135.0,14.7,55.0,22
air_quality,2026-06-04T08:13:26+00:00,3128026,Bilbao,ES,2026-05-10T23:00,43.3,-2.8999996,Europe/Madrid,8.5,5.7,139.0,17.0,44.0,18
air_quality,2026-06-04T08:13:26+00:00,3128026,Bilbao,ES,2026-05-11T00:00,43.3,-2.8999996,Europe/Madrid,8.5,6.6,136.0,15.5,44.0,18
air_quality,2026-06-04T08:13:26+00:00,3128026,Bilbao,ES,2026-05-11T01:00,43.3,-2.8999996,Europe/Madrid,8.5,6.8,137.0,19.4,37.0,15
air_quality,2026-06-04T08:13:26+00:00,3128026,Bilbao,ES,2026-05-11T02:00,43.3,-2.8999996,Europe/Madrid,8.2,5.9,132.0,16.5,32.0,13
air_quality,2026-06-04T08:13:26+00:00,3128026,Bilbao,ES,2026-05-11T03:00,43.3,-2.8999996,Europe/Madrid,7.8,5.6,131.0,11.0,36.0,14
air_quality,2026-06-04T08:13:26+00:00,3128026,Bilbao,ES,2026-05-11T04:00,43.3,-2.8999996,Europe/Madrid,7.3,4.3,127.0,11.9,35.0,14
air_quality,2026-06-04T08:13:26+00:00,3128026,Bilbao,ES,2026-05-11T05:00,43.3,-2.8999996,Europe/Madrid,7.0,3.8,126.0,10.1,35.0,14
air_quality,2026-06-04T08:13:26+00:00,3128026,Bilbao,ES,2026-05-11T06:00,43.3,-2.8999996,Europe/Madrid,5.9,3.8,125.0,10.5,35.0,14
air_quality,2026-06-04T08:13:26+00:00,3128026,Bilbao,ES,2026-05-11T07:00,43.3,-2.8999996,Europe/Madrid,5.7,4.1,126.0,10.9,38.0,15
air_quality,2026-06-04T08:13:26+00:00,3128026,Bilbao,ES,2026-05-11T08:00,43.3,-2.8999996,Europe/Madrid,6.3,4.4,132.0,13.3,42.0,17
air_quality,2026-06-04T08:13:26+00:00,3128026,Bilbao,ES,2026-05-11T09:00,43.3,-2.8999996,Europe/Madrid,6.3,3.9,128.0,10.0,47.0,19
air_quality,2026-06-04T08:13:26+00:00,3128026,Bilbao,ES,2026-05-11T10:00,43.3,-2.8999996,Europe/Madrid,5.4,2.8,123.0,5.5,60.0,24
air_quality,2026-06-04T08:13:26+00:00,3128026,Bilbao,ES,2026-05-11T11:00,43.3,-2.8999996,Europe/Madrid,4.6,2.3,119.0,3.3,71.0,28
air_quality,2026-06-04T08:13:26+00:00,3128026,Bilbao,ES,2026-05-11T12:00,43.3,-2.8999996,Europe/Madrid,3.9,2.3,120.0,2.7,74.0,30
air_quality,2026-06-04T08:13:26+00:00,3128026,Bilbao,ES,2026-05-11T13:00,43.3,-2.8999996,Europe/Madrid,4.3,2.4,122.0,3.3,76.0,30
air_quality,2026-06-04T08:13:26+00:00,3128026,Bilbao,ES,2026-05-11T14:00,43.3,-2.8999996,Europe/Madrid,5.0,2.8,125.0,4.0,77.0,31
air_quality,2026-06-04T08:13:26+00:00,3128026,Bilbao,ES,2026-05-11T15:00,43.3,-2.8999996,Europe/Madrid,5.1,3.4,130.0,5.5,76.0,30
air_quality,2026-06-04T08:13:26+00:00,3128026,Bilbao,ES,2026-05-11T16:00,43.3,-2.8999996,Europe/Madrid,5.8,3.5,130.0,5.5,80.0,32
air_quality,2026-06-04T08:13:26+00:00,3128026,Bilbao,ES,2026-05-11T17:00,43.3,-2.8999996,Europe/Madrid,6.9,4.1,133.0,5.3,83.0,33
air_quality,2026-06-04T08:13:26+00:00,3128026,Bilbao,ES,2026-05-11T18:00,43.3,-2.8999996,Europe/Madrid,7.4,4.5,132.0,5.6,81.0,32
air_quality,2026-06-04T08:13:26+00:00,3128026,Bilbao,ES,2026-05-11T19:00,43.3,-2.8999996,Europe/Madrid,6.7,4.3,136.0,7.9,79.0,32
air_quality,2026-06-04T08:13:26+00:00,3128026,Bilbao,ES,2026-05-11T20:00,43.3,-2.8999996,Europe/Madrid,6.9,4.5,134.0,11.1,73.0,29
air_quality,2026-06-04T08:13:26+00:00,3128026,Bilbao,ES,2026-05-11T21:00,43.3,-2.8999996,Europe/Madrid,8.6,6.1,152.0,16.0,65.0,26
air_quality,2026-06-04T08:13:26+00:00,3128026,Bilbao,ES,2026-05-11T22:00,43.3,-2.8999996,Europe/Madrid,9.8,7.0,150.0,21.6,48.0,19
air_quality,2026-06-04T08:13:26+00:00,3128026,Bilbao,ES,2026-05-11T23:00,43.3,-2.8999996,Europe/Madrid,12.9,9.6,158.0,26.1,42.0,17
air_quality,2026-06-04T08:13:26+00:00,3128026,Bilbao,ES,2026-05-12T00:00,43.3,-2.8999996,Europe/Madrid,13.8,10.3,165.0,28.7,46.0,18
air_quality,2026-06-04T08:13:26+00:00,3128026,Bilbao,ES,2026-05-12T01:00,43.3,-2.8999996,Europe/Madrid,17.1,12.7,162.0,23.4,48.0,19
air_quality,2026-06-04T08:13:26+00:00,3128026,Bilbao,ES,2026-05-12T02:00,43.3,-2.8999996,Europe/Madrid,17.9,13.6,159.0,27.0,38.0,15
air_quality,2026-06-04T08:13:26+00:00,3128026,Bilbao,ES,2026-05-12T03:00,43.3,-2.8999996,Europe/Madrid,20.2,16.0,158.0,27.3,34.0,14
air_quality,2026-06-04T08:13:26+00:00,3128026,Bilbao,ES,2026-05-12T04:00,43.3,-2.8999996,Europe/Madrid,16.0,13.3,160.0,24.6,31.0,12
air_quality,2026-06-04T08:13:26+00:00,3128026,Bilbao,ES,2026-05-12T05:00,43.3,-2.8999996,Europe/Madrid,16.4,13.7,159.0,21.3,29.0,12
air_quality,2026-06-04T08:13:26+00:00,3128026,Bilbao,ES,2026-05-12T06:00,43.3,-2.8999996,Europe/Madrid,15.4,13.6,150.0,21.7,27.0,13
air_quality,2026-06-04T08:13:26+00:00,3128026,Bilbao,ES,2026-05-12T07:00,43.3,-2.8999996,Europe/Madrid,16.6,13.5,156.0,24.4,23.0,14
air_quality,2026-06-04T08:13:26+00:00,3128026,Bilbao,ES,2026-05-12T08:00,43.3,-2.8999996,Europe/Madrid,16.7,14.4,168.0,26.9,21.0,15
air_quality,2026-06-04T08:13:26+00:00,3128026,Bilbao,ES,2026-05-12T09:00,43.3,-2.8999996,Europe/Madrid,16.9,14.2,180.0,32.3,19.0,16
air_quality,2026-06-04T08:13:26+00:00,3128026,Bilbao,ES,2026-05-12T10:00,43.3,-2.8999996,Europe/Madrid,17.3,11.3,165.0,31.3,31.0,16
air_quality,2026-06-04T08:13:26+00:00,3128026,Bilbao,ES,2026-05-12T11:00,43.3,-2.8999996,Europe/Madrid,12.7,7.6,156.0,24.9,57.0,23
air_quality,2026-06-04T08:13:26+00:00,3128026,Bilbao,ES,2026-05-12T12:00,43.3,-2.8999996,Europe/Madrid,8.2,5.6,140.0,12.3,70.0,28
air_quality,2026-06-04T08:13:26+00:00,3128026,Bilbao,ES,2026-05-12T13:00,43.3,-2.8999996,Europe/Madrid,7.7,4.9,137.0,6.4,83.0,33
air_quality,2026-06-04T08:13:26+00:00,3128026,Bilbao,ES,2026-05-12T14:00,43.3,-2.8999996,Europe/Madrid,7.2,4.1,132.0,5.2,90.0,36
air_quality,2026-06-04T08:13:26+00:00,3128026,Bilbao,ES,2026-05-12T15:00,43.3,-2.8999996,Europe/Madrid,6.9,4.1,129.0,3.8,94.0,38
air_quality,2026-06-04T08:13:26+00:00,3128026,Bilbao,ES,2026-05-12T16:00,43.3,-2.8999996,Europe/Madrid,7.3,4.2,128.0,3.5,96.0,38
air_quality,2026-06-04T08:13:26+00:00,3128026,Bilbao,ES,2026-05-12T17:00,43.3,-2.8999996,Europe/Madrid,7.7,4.4,129.0,3.3,96.0,38
air_quality,2026-06-04T08:13:26+00:00,3128026,Bilbao,ES,2026-05-12T18:00,43.3,-2.8999996,Europe/Madrid,7.9,4.9,131.0,4.0,91.0,36
air_quality,2026-06-04T08:13:26+00:00,3128026,Bilbao,ES,2026-05-12T19:00,43.3,-2.8999996,Europe/Madrid,8.7,5.1,137.0,5.7,91.0,36
air_quality,2026-06-04T08:13:26+00:00,3128026,Bilbao,ES,2026-05-12T20:00,43.3,-2.8999996,Europe/Madrid,9.0,5.4,139.0,9.4,91.0,36
air_quality,2026-06-04T08:13:26+00:00,3128026,Bilbao,ES,2026-05-12T21:00,43.3,-2.8999996,Europe/Madrid,9.3,6.4,149.0,13.5,84.0,34
air_quality,2026-06-04T08:13:26+00:00,3128026,Bilbao,ES,2026-05-12T22:00,43.3,-2.8999996,Europe/Madrid,9.6,6.6,149.0,15.6,87.0,35
air_quality,2026-06-04T08:13:26+00:00,3128026,Bilbao,ES,2026-05-12T23:00,43.3,-2.8999996,Europe/Madrid,10.2,7.1,147.0,15.2,84.0,34
air_quality,2026-06-04T08:13:26+00:00,3128026,Bilbao,ES,2026-05-13T00:00,43.3,-2.8999996,Europe/Madrid,11.1,6.1,141.0,12.1,79.0,32
air_quality,2026-06-04T08:13:26+00:00,3128026,Bilbao,ES,2026-05-13T01:00,43.3,-2.8999996,Europe/Madrid,10.3,6.8,136.0,11.7,74.0,30
air_quality,2026-06-04T08:13:26+00:00,3128026,Bilbao,ES,2026-05-13T02:00,43.3,-2.8999996,Europe/Madrid,8.9,5.9,139.0,11.8,72.0,29
air_quality,2026-06-04T08:13:26+00:00,3128026,Bilbao,ES,2026-05-13T03:00,43.3,-2.8999996,Europe/Madrid,9.4,6.3,139.0,10.1,71.0,28
air_quality,2026-06-04T08:13:26+00:00,3128026,Bilbao,ES,2026-05-13T04:00,43.3,-2.8999996,Europe/Madrid,9.3,6.2,139.0,9.0,68.0,27
air_quality,2026-06-04T08:13:26+00:00,3128026,Bilbao,ES,2026-05-13T05:00,43.3,-2.8999996,Europe/Madrid,9.0,6.3,141.0,8.9,65.0,26
air_quality,2026-06-04T08:13:26+00:00,3128026,Bilbao,ES,2026-05-13T06:00,43.3,-2.8999996,Europe/Madrid,9.8,6.4,144.0,10.2,58.0,23
air_quality,2026-06-04T08:13:26+00:00,3128026,Bilbao,ES,2026-05-13T07:00,43.3,-2.8999996,Europe/Madrid,9.4,6.0,146.0,13.4,60.0,24
air_quality,2026-06-04T08:13:26+00:00,3128026,Bilbao,ES,2026-05-13T08:00,43.3,-2.8999996,Europe/Madrid,8.3,5.9,149.0,17.2,62.0,25
air_quality,2026-06-04T08:13:26+00:00,3128026,Bilbao,ES,2026-05-13T09:00,43.3,-2.8999996,Europe/Madrid,7.3,5.0,152.0,17.4,59.0,24
air_quality,2026-06-04T08:13:26+00:00,3128026,Bilbao,ES,2026-05-13T10:00,43.3,-2.8999996,Europe/Madrid,6.4,4.5,144.0,12.2,65.0,26
air_quality,2026-06-04T08:13:26+00:00,3128026,Bilbao,ES,2026-05-13T11:00,43.3,-2.8999996,Europe/Madrid,5.7,3.9,139.0,7.8,71.0,28
air_quality,2026-06-04T08:13:26+00:00,3128026,Bilbao,ES,2026-05-13T12:00,43.3,-2.8999996,Europe/Madrid,5.0,3.3,136.0,5.9,75.0,30
air_quality,2026-06-04T08:13:26+00:00,3128026,Bilbao,ES,2026-05-13T13:00,43.3,-2.8999996,Europe/Madrid,4.9,3.2,135.0,5.1,78.0,31
air_quality,2026-06-04T08:13:26+00:00,3128026,Bilbao,ES,2026-05-13T14:00,43.3,-2.8999996,Europe/Madrid,4.6,3.5,136.0,4.3,81.0,32
air_quality,2026-06-04T08:13:26+00:00,3128026,Bilbao,ES,2026-05-13T15:00,43.3,-2.8999996,Europe/Madrid,5.4,3.7,135.0,4.1,84.0,34
air_quality,2026-06-04T08:13:26+00:00,3128026,Bilbao,ES,2026-05-13T16:00,43.3,-2.8999996,Europe/Madrid,5.5,3.8,133.0,3.8,87.0,35
air_quality,2026-06-04T08:13:26+00:00,3128026,Bilbao,ES,2026-05-13T17:00,43.3,-2.8999996,Europe/Madrid,5.6,3.6,135.0,4.1,87.0,35
air_quality,2026-06-04T08:13:26+00:00,3128026,Bilbao,ES,2026-05-13T18:00,43.3,-2.8999996,Europe/Madrid,6.4,3.7,136.0,5.1,85.0,34
air_quality,2026-06-04T08:13:26+00:00,3128026,Bilbao,ES,2026-05-13T19:00,43.3,-2.8999996,Europe/Madrid,7.4,4.0,138.0,7.9,80.0,32
air_quality,2026-06-04T08:13:26+00:00,3128026,Bilbao,ES,2026-05-13T20:00,43.3,-2.8999996,Europe/Madrid,8.5,4.5,139.0,10.3,76.0,30
air_quality,2026-06-04T08:13:26+00:00,3128026,Bilbao,ES,2026-05-13T21:00,43.3,-2.8999996,Europe/Madrid,10.3,6.3,142.0,12.7,72.0,29
air_quality,2026-06-04T08:13:26+00:00,3128026,Bilbao,ES,2026-05-13T22:00,43.3,-2.8999996,Europe/Madrid,11.2,7.3,137.0,10.9,73.0,29
air_quality,2026-06-04T08:13:26+00:00,3128026,Bilbao,ES,2026-05-13T23:00,43.3,-2.8999996,Europe/Madrid,11.1,6.4,134.0,9.6,74.0,30
air_quality,2026-06-04T08:13:26+00:00,3128026,Bilbao,ES,2026-05-14T00:00,43.3,-2.8999996,Europe/Madrid,9.1,5.9,130.0,9.1,73.0,29
air_quality,2026-06-04T08:13:26+00:00,3128026,Bilbao,ES,2026-05-14T01:00,43.3,-2.8999996,Europe/Madrid,8.7,5.2,128.0,8.0,75.0,30
air_quality,2026-06-04T08:13:26+00:00,3128026,Bilbao,ES,2026-05-14T02:00,43.3,-2.8999996,Europe/Madrid,8.9,5.2,126.0,6.7,76.0,30
air_quality,2026-06-04T08:13:26+00:00,3128026,Bilbao,ES,2026-05-14T03:00,43.3,-2.8999996,Europe/Madrid,8.3,4.9,126.0,5.6,78.0,31
air_quality,2026-06-04T08:13:26+00:00,3128026,Bilbao,ES,2026-05-14T04:00,43.3,-2.8999996,Europe/Madrid,8.3,4.6,126.0,4.8,82.0,33
air_quality,2026-06-04T08:13:26+00:00,3128026,Bilbao,ES,2026-05-14T05:00,43.3,-2.8999996,Europe/Madrid,8.6,4.6,126.0,4.4,83.0,33
air_quality,2026-06-04T08:13:26+00:00,3128026,Bilbao,ES,2026-05-14T06:00,43.3,-2.8999996,Europe/Madrid,9.0,4.8,128.0,5.0,83.0,33
air_quality,2026-06-04T08:13:26+00:00,3128026,Bilbao,ES,2026-05-14T07:00,43.3,-2.8999996,Europe/Madrid,8.8,4.8,139.0,5.4,83.0,33
air_quality,2026-06-04T08:13:26+00:00,3128026,Bilbao,ES,2026-05-14T08:00,43.3,-2.8999996,Europe/Madrid,9.2,4.7,139.0,8.3,77.0,31
air_quality,2026-06-04T08:13:26+00:00,3128026,Bilbao,ES,2026-05-14T09:00,43.3,-2.8999996,Europe/Madrid,8.8,4.6,132.0,7.6,78.0,31
air_quality,2026-06-04T08:13:26+00:00,3128026,Bilbao,ES,2026-05-14T10:00,43.3,-2.8999996,Europe/Madrid,7.7,4.4,132.0,8.6,76.0,30
air_quality,2026-06-04T08:13:26+00:00,3128026,Bilbao,ES,2026-05-14T11:00,43.3,-2.8999996,Europe/Madrid,7.1,4.0,130.0,7.4,75.0,30
air_quality,2026-06-04T08:13:26+00:00,3128026,Bilbao,ES,2026-05-14T12:00,43.3,-2.8999996,Europe/Madrid,8.3,4.3,130.0,6.1,74.0,30
air_quality,2026-06-04T08:13:26+00:00,3128026,Bilbao,ES,2026-05-14T13:00,43.3,-2.8999996,Europe/Madrid,10.9,4.5,128.0,4.6,75.0,30
air_quality,2026-06-04T08:13:26+00:00,3128026,Bilbao,ES,2026-05-14T14:00,43.3,-2.8999996,Europe/Madrid,11.8,4.1,126.0,3.2,78.0,31
air_quality,2026-06-04T08:13:26+00:00,3128026,Bilbao,ES,2026-05-14T15:00,43.3,-2.8999996,Europe/Madrid,12.2,4.0,125.0,3.3,79.0,32
air_quality,2026-06-04T08:13:26+00:00,3128026,Bilbao,ES,2026-05-14T16:00,43.3,-2.8999996,Europe/Madrid,12.3,4.1,125.0,3.5,77.0,31
air_quality,2026-06-04T08:13:26+00:00,3128026,Bilbao,ES,2026-05-14T17:00,43.3,-2.8999996,Europe/Madrid,13.0,4.6,126.0,4.0,79.0,32
air_quality,2026-06-04T08:13:26+00:00,3128026,Bilbao,ES,2026-05-14T18:00,43.3,-2.8999996,Europe/Madrid,12.4,4.9,129.0,5.1,79.0,32
air_quality,2026-06-04T08:13:26+00:00,3128026,Bilbao,ES,2026-05-14T19:00,43.3,-2.8999996,Europe/Madrid,12.0,4.9,128.0,6.5,76.0,30
air_quality,2026-06-04T08:13:26+00:00,3128026,Bilbao,ES,2026-05-14T20:00,43.3,-2.8999996,Europe/Madrid,12.0,4.9,129.0,8.2,76.0,30
air_quality,2026-06-04T08:13:26+00:00,3128026,Bilbao,ES,2026-05-14T21:00,43.3,-2.8999996,Europe/Madrid,9.7,4.1,132.0,8.9,75.0,30
air_quality,2026-06-04T08:13:26+00:00,3128026,Bilbao,ES,2026-05-14T22:00,43.3,-2.8999996,Europe/Madrid,8.5,3.6,131.0,7.6,76.0,30
air_quality,2026-06-04T08:13:26+00:00,3128026,Bilbao,ES,2026-05-14T23:00,43.3,-2.8999996,Europe/Madrid,7.5,3.3,129.0,6.5,76.0,30
air_quality,2026-06-04T08:13:26+00:00,3128026,Bilbao,ES,2026-05-15T00:00,43.3,-2.8999996,Europe/Madrid,6.5,3.0,126.0,5.7,74.0,30
air_quality,2026-06-04T08:13:26+00:00,3128026,Bilbao,ES,2026-05-15T01:00,43.3,-2.8999996,Europe/Madrid,4.8,2.6,125.0,4.8,75.0,30
air_quality,2026-06-04T08:13:26+00:00,3128026,Bilbao,ES,2026-05-15T02:00,43.3,-2.8999996,Europe/Madrid,4.2,2.3,124.0,4.0,75.0,30
air_quality,2026-06-04T08:13:26+00:00,3128026,Bilbao,ES,2026-05-15T03:00,43.3,-2.8999996,Europe/Madrid,3.7,2.3,127.0,3.1,77.0,31
air_quality,2026-06-04T08:13:26+00:00,3128026,Bilbao,ES,2026-05-15T04:00,43.3,-2.8999996,Europe/Madrid,3.5,2.5,125.0,3.1,77.0,31
air_quality,2026-06-04T08:13:26+00:00,3128026,Bilbao,ES,2026-05-15T05:00,43.3,-2.8999996,Europe/Madrid,3.6,2.5,125.0,3.5,76.0,30
air_quality,2026-06-04T08:13:26+00:00,3128026,Bilbao,ES,2026-05-15T06:00,43.3,-2.8999996,Europe/Madrid,4.5,2.4,125.0,4.5,73.0,29
air_quality,2026-06-04T08:13:26+00:00,3128026,Bilbao,ES,2026-05-15T07:00,43.3,-2.8999996,Europe/Madrid,6.3,2.9,130.0,6.4,72.0,29
air_quality,2026-06-04T08:13:26+00:00,3128026,Bilbao,ES,2026-05-15T08:00,43.3,-2.8999996,Europe/Madrid,6.3,3.5,132.0,9.2,66.0,26
air_quality,2026-06-04T08:13:26+00:00,3128026,Bilbao,ES,2026-05-15T09:00,43.3,-2.8999996,Europe/Madrid,5.9,3.2,136.0,13.5,64.0,26
air_quality,2026-06-04T08:13:26+00:00,3128026,Bilbao,ES,2026-05-15T10:00,43.3,-2.8999996,Europe/Madrid,5.9,2.9,130.0,10.7,65.0,26
air_quality,2026-06-04T08:13:26+00:00,3128026,Bilbao,ES,2026-05-15T11:00,43.3,-2.8999996,Europe/Madrid,6.1,3.4,128.0,7.6,68.0,27
air_quality,2026-06-04T08:13:26+00:00,3128026,Bilbao,ES,2026-05-15T12:00,43.3,-2.8999996,Europe/Madrid,6.2,3.3,128.0,5.4,71.0,28
air_quality,2026-06-04T08:13:26+00:00,3128026,Bilbao,ES,2026-05-15T13:00,43.3,-2.8999996,Europe/Madrid,7.4,3.2,129.0,3.6,75.0,30
air_quality,2026-06-04T08:13:26+00:00,3128026,Bilbao,ES,2026-05-15T14:00,43.3,-2.8999996,Europe/Madrid,7.8,3.6,128.0,3.3,81.0,32
air_quality,2026-06-04T08:13:26+00:00,3128026,Bilbao,ES,2026-05-15T15:00,43.3,-2.8999996,Europe/Madrid,9.2,3.8,128.0,3.0,85.0,34
air_quality,2026-06-04T08:13:26+00:00,3128026,Bilbao,ES,2026-05-15T16:00,43.3,-2.8999996,Europe/Madrid,9.0,3.6,127.0,2.9,86.0,34
air_quality,2026-06-04T08:13:26+00:00,3128026,Bilbao,ES,2026-05-15T17:00,43.3,-2.8999996,Europe/Madrid,8.9,3.6,127.0,3.3,84.0,34
air_quality,2026-06-04T08:13:26+00:00,3128026,Bilbao,ES,2026-05-15T18:00,43.3,-2.8999996,Europe/Madrid,9.6,3.8,128.0,3.7,81.0,32
air_quality,2026-06-04T08:13:26+00:00,3128026,Bilbao,ES,2026-05-15T19:00,43.3,-2.8999996,Europe/Madrid,10.7,4.4,130.0,4.3,80.0,32
air_quality,2026-06-04T08:13:26+00:00,3128026,Bilbao,ES,2026-05-15T20:00,43.3,-2.8999996,Europe/Madrid,11.8,4.6,137.0,8.7,78.0,31
air_quality,2026-06-04T08:13:26+00:00,3128026,Bilbao,ES,2026-05-15T21:00,43.3,-2.8999996,Europe/Madrid,12.2,5.0,145.0,13.1,76.0,30
air_quality,2026-06-04T08:13:26+00:00,3128026,Bilbao,ES,2026-05-15T22:00,43.3,-2.8999996,Europe/Madrid,12.5,5.0,144.0,12.0,77.0,31
air_quality,2026-06-04T08:13:26+00:00,3128026,Bilbao,ES,2026-05-15T23:00,43.3,-2.8999996,Europe/Madrid,12.6,5.0,148.0,10.5,75.0,30
air_quality,2026-06-04T08:13:26+00:00,3128026,Bilbao,ES,2026-05-16T00:00,43.3,-2.8999996,Europe/Madrid,11.6,4.7,147.0,10.5,72.0,29
air_quality,2026-06-04T08:13:26+00:00,3128026,Bilbao,ES,2026-05-16T01:00,43.3,-2.8999996,Europe/Madrid,10.3,4.1,143.0,11.6,70.0,28
air_quality,2026-06-04T08:13:26+00:00,3128026,Bilbao,ES,2026-05-16T02:00,43.3,-2.8999996,Europe/Madrid,8.3,4.5,135.0,10.2,68.0,27
air_quality,2026-06-04T08:13:26+00:00,3128026,Bilbao,ES,2026-05-16T03:00,43.3,-2.8999996,Europe/Madrid,6.8,4.3,133.0,8.6,66.0,26
air_quality,2026-06-04T08:13:26+00:00,3128026,Bilbao,ES,2026-05-16T04:00,43.3,-2.8999996,Europe/Madrid,7.4,4.0,130.0,6.1,63.0,25
air_quality,2026-06-04T08:13:26+00:00,3128026,Bilbao,ES,2026-05-16T05:00,43.3,-2.8999996,Europe/Madrid,6.9,3.8,129.0,5.3,63.0,25
air_quality,2026-06-04T08:13:26+00:00,3128026,Bilbao,ES,2026-05-16T06:00,43.3,-2.8999996,Europe/Madrid,7.1,4.2,130.0,5.4,65.0,26
air_quality,2026-06-04T08:13:26+00:00,3128026,Bilbao,ES,2026-05-16T07:00,43.3,-2.8999996,Europe/Madrid,7.1,4.1,132.0,5.7,67.0,27
air_quality,2026-06-04T08:13:26+00:00,3128026,Bilbao,ES,2026-05-16T08:00,43.3,-2.8999996,Europe/Madrid,7.1,3.8,134.0,5.6,63.0,25
air_quality,2026-06-04T08:13:26+00:00,3128026,Bilbao,ES,2026-05-16T09:00,43.3,-2.8999996,Europe/Madrid,6.8,3.6,135.0,4.6,67.0,27
air_quality,2026-06-04T08:13:26+00:00,3128026,Bilbao,ES,2026-05-16T10:00,43.3,-2.8999996,Europe/Madrid,6.4,3.5,132.0,4.3,69.0,28
air_quality,2026-06-04T08:13:26+00:00,3128026,Bilbao,ES,2026-05-16T11:00,43.3,-2.8999996,Europe/Madrid,6.3,3.0,130.0,4.1,74.0,30
air_quality,2026-06-04T08:13:26+00:00,3128026,Bilbao,ES,2026-05-16T12:00,43.3,-2.8999996,Europe/Madrid,6.4,3.2,128.0,4.4,78.0,31
air_quality,2026-06-04T08:13:26+00:00,3128026,Bilbao,ES,2026-05-16T13:00,43.3,-2.8999996,Europe/Madrid,6.4,3.3,128.0,4.7,80.0,32
air_quality,2026-06-04T08:13:26+00:00,3128026,Bilbao,ES,2026-05-16T14:00,43.3,-2.8999996,Europe/Madrid,6.8,3.4,126.0,4.9,82.0,33
air_quality,2026-06-04T08:13:26+00:00,3128026,Bilbao,ES,2026-05-16T15:00,43.3,-2.8999996,Europe/Madrid,7.1,3.8,127.0,3.7,84.0,34
air_quality,2026-06-04T08:13:26+00:00,3128026,Bilbao,ES,2026-05-16T16:00,43.3,-2.8999996,Europe/Madrid,7.2,3.9,126.0,2.9,85.0,34
air_quality,2026-06-04T08:13:26+00:00,3128026,Bilbao,ES,2026-05-16T17:00,43.3,-2.8999996,Europe/Madrid,7.1,3.9,126.0,2.5,85.0,34
air_quality,2026-06-04T08:13:26+00:00,3128026,Bilbao,ES,2026-05-16T18:00,43.3,-2.8999996,Europe/Madrid,7.3,4.1,127.0,3.5,83.0,33
air_quality,2026-06-04T08:13:26+00:00,3128026,Bilbao,ES,2026-05-16T19:00,43.3,-2.8999996,Europe/Madrid,8.5,4.3,129.0,5.8,80.0,32
air_quality,2026-06-04T08:13:26+00:00,3128026,Bilbao,ES,2026-05-16T20:00,43.3,-2.8999996,Europe/Madrid,8.5,4.4,135.0,8.0,76.0,30
air_quality,2026-06-04T08:13:26+00:00,3128026,Bilbao,ES,2026-05-16T21:00,43.3,-2.8999996,Europe/Madrid,10.7,5.2,156.0,11.9,67.0,27
air_quality,2026-06-04T08:13:26+00:00,3128026,Bilbao,ES,2026-05-16T22:00,43.3,-2.8999996,Europe/Madrid,10.9,6.5,171.0,19.3,52.0,21
air_quality,2026-06-04T08:13:26+00:00,3128026,Bilbao,ES,2026-05-16T23:00,43.3,-2.8999996,Europe/Madrid,12.7,8.9,171.0,25.7,43.0,17
air_quality,2026-06-04T08:13:26+00:00,3128026,Bilbao,ES,2026-05-17T00:00,43.3,-2.8999996,Europe/Madrid,11.0,7.4,175.0,27.0,43.0,17
air_quality,2026-06-04T08:13:26+00:00,3128026,Bilbao,ES,2026-05-17T01:00,43.3,-2.8999996,Europe/Madrid,10.9,7.8,172.0,27.9,40.0,16
air_quality,2026-06-04T08:13:26+00:00,3128026,Bilbao,ES,2026-05-17T02:00,43.3,-2.8999996,Europe/Madrid,11.5,8.6,164.0,30.8,37.0,15
air_quality,2026-06-04T08:13:26+00:00,3128026,Bilbao,ES,2026-05-17T03:00,43.3,-2.8999996,Europe/Madrid,12.1,9.1,160.0,29.3,37.0,15
air_quality,2026-06-04T08:13:26+00:00,3128026,Bilbao,ES,2026-05-17T04:00,43.3,-2.8999996,Europe/Madrid,12.7,9.6,155.0,22.9,36.0,14
air_quality,2026-06-04T08:13:26+00:00,3128026,Bilbao,ES,2026-05-17T05:00,43.3,-2.8999996,Europe/Madrid,12.7,9.7,147.0,19.6,35.0,14
air_quality,2026-06-04T08:13:26+00:00,3128026,Bilbao,ES,2026-05-17T06:00,43.3,-2.8999996,Europe/Madrid,12.8,10.1,142.0,17.0,35.0,14
air_quality,2026-06-04T08:13:26+00:00,3128026,Bilbao,ES,2026-05-17T07:00,43.3,-2.8999996,Europe/Madrid,12.4,9.8,139.0,14.9,38.0,15
air_quality,2026-06-04T08:13:26+00:00,3128026,Bilbao,ES,2026-05-17T08:00,43.3,-2.8999996,Europe/Madrid,11.4,9.0,145.0,14.3,39.0,16
air_quality,2026-06-04T08:13:26+00:00,3128026,Bilbao,ES,2026-05-17T09:00,43.3,-2.8999996,Europe/Madrid,9.9,7.7,147.0,10.0,36.0,14
air_quality,2026-06-04T08:13:26+00:00,3128026,Bilbao,ES,2026-05-17T10:00,43.3,-2.8999996,Europe/Madrid,8.9,6.1,135.0,6.8,54.0,22
air_quality,2026-06-04T08:13:26+00:00,3128026,Bilbao,ES,2026-05-17T11:00,43.3,-2.8999996,Europe/Madrid,7.2,4.1,127.0,5.0,69.0,28
air_quality,2026-06-04T08:13:26+00:00,3128026,Bilbao,ES,2026-05-17T12:00,43.3,-2.8999996,Europe/Madrid,6.6,3.8,127.0,4.4,71.0,28
air_quality,2026-06-04T08:13:26+00:00,3128026,Bilbao,ES,2026-05-17T13:00,43.3,-2.8999996,Europe/Madrid,5.3,3.8,132.0,3.9,77.0,31
air_quality,2026-06-04T08:13:26+00:00,3128026,Bilbao,ES,2026-05-17T14:00,43.3,-2.8999996,Europe/Madrid,5.1,3.7,134.0,4.9,77.0,31
air_quality,2026-06-04T08:13:26+00:00,3128026,Bilbao,ES,2026-05-17T15:00,43.3,-2.8999996,Europe/Madrid,5.3,3.6,128.0,3.7,77.0,31
air_quality,2026-06-04T08:13:26+00:00,3128026,Bilbao,ES,2026-05-17T16:00,43.3,-2.8999996,Europe/Madrid,6.7,3.1,122.0,2.4,79.0,32
air_quality,2026-06-04T08:13:26+00:00,3128026,Bilbao,ES,2026-05-17T17:00,43.3,-2.8999996,Europe/Madrid,8.4,3.9,122.0,2.1,81.0,32
air_quality,2026-06-04T08:13:26+00:00,3128026,Bilbao,ES,2026-05-17T18:00,43.3,-2.8999996,Europe/Madrid,9.8,4.0,125.0,2.6,81.0,32
air_quality,2026-06-04T08:13:26+00:00,3128026,Bilbao,ES,2026-05-17T19:00,43.3,-2.8999996,Europe/Madrid,9.7,4.9,127.0,4.6,81.0,32
air_quality,2026-06-04T08:13:26+00:00,3128026,Bilbao,ES,2026-05-17T20:00,43.3,-2.8999996,Europe/Madrid,9.8,5.4,130.0,6.5,78.0,31
air_quality,2026-06-04T08:13:26+00:00,3128026,Bilbao,ES,2026-05-17T21:00,43.3,-2.8999996,Europe/Madrid,11.8,5.4,140.0,8.9,75.0,30
air_quality,2026-06-04T08:13:26+00:00,3128026,Bilbao,ES,2026-05-17T22:00,43.3,-2.8999996,Europe/Madrid,14.0,6.1,143.0,11.9,69.0,28
air_quality,2026-06-04T08:13:26+00:00,3128026,Bilbao,ES,2026-05-17T23:00,43.3,-2.8999996,Europe/Madrid,16.1,7.4,161.0,17.0,57.0,23
air_quality,2026-06-04T08:13:26+00:00,3128026,Bilbao,ES,2026-05-18T00:00,43.3,-2.8999996,Europe/Madrid,15.6,8.1,158.0,17.0,58.0,23
air_quality,2026-06-04T08:13:26+00:00,3128026,Bilbao,ES,2026-05-18T01:00,43.3,-2.8999996,Europe/Madrid,14.1,8.8,153.0,16.4,55.0,22
air_quality,2026-06-04T08:13:26+00:00,3128026,Bilbao,ES,2026-05-18T02:00,43.3,-2.8999996,Europe/Madrid,13.7,8.5,148.0,16.2,53.0,21
air_quality,2026-06-04T08:13:26+00:00,3128026,Bilbao,ES,2026-05-18T03:00,43.3,-2.8999996,Europe/Madrid,13.5,8.8,146.0,16.9,50.0,20
air_quality,2026-06-04T08:13:26+00:00,3128026,Bilbao,ES,2026-05-18T04:00,43.3,-2.8999996,Europe/Madrid,14.1,8.2,145.0,16.3,46.0,18
air_quality,2026-06-04T08:13:26+00:00,3128026,Bilbao,ES,2026-05-18T05:00,43.3,-2.8999996,Europe/Madrid,14.3,8.5,144.0,16.2,44.0,18
air_quality,2026-06-04T08:13:26+00:00,3128026,Bilbao,ES,2026-05-18T06:00,43.3,-2.8999996,Europe/Madrid,14.7,8.8,145.0,18.7,41.0,16
air_quality,2026-06-04T08:13:26+00:00,3128026,Bilbao,ES,2026-05-18T07:00,43.3,-2.8999996,Europe/Madrid,14.5,8.3,159.0,28.3,33.0,14
air_quality,2026-06-04T08:13:26+00:00,3128026,Bilbao,ES,2026-05-18T08:00,43.3,-2.8999996,Europe/Madrid,15.1,9.7,173.0,35.7,25.0,18
air_quality,2026-06-04T08:13:26+00:00,3128026,Bilbao,ES,2026-05-18T09:00,43.3,-2.8999996,Europe/Madrid,16.5,9.5,167.0,30.2,28.0,15
air_quality,2026-06-04T08:13:26+00:00,3128026,Bilbao,ES,2026-05-18T10:00,43.3,-2.8999996,Europe/Madrid,13.8,7.7,150.0,19.8,52.0,21
air_quality,2026-06-04T08:13:26+00:00,3128026,Bilbao,ES,2026-05-18T11:00,43.3,-2.8999996,Europe/Madrid,12.4,7.0,141.0,15.5,61.0,24
air_quality,2026-06-04T08:13:26+00:00,3128026,Bilbao,ES,2026-05-18T12:00,43.3,-2.8999996,Europe/Madrid,11.3,6.6,143.0,12.3,67.0,27
air_quality,2026-06-04T08:13:26+00:00,3128026,Bilbao,ES,2026-05-18T13:00,43.3,-2.8999996,Europe/Madrid,10.5,6.1,140.0,9.9,72.0,29
air_quality,2026-06-04T08:13:26+00:00,3128026,Bilbao,ES,2026-05-18T14:00,43.3,-2.8999996,Europe/Madrid,10.7,6.5,140.0,7.6,78.0,31
air_quality,2026-06-04T08:13:26+00:00,3128026,Bilbao,ES,2026-05-18T15:00,43.3,-2.8999996,Europe/Madrid,10.1,7.0,139.0,6.0,86.0,34
air_quality,2026-06-04T08:13:26+00:00,3128026,Bilbao,ES,2026-05-18T16:00,43.3,-2.8999996,Europe/Madrid,9.7,6.7,134.0,4.3,90.0,36
air_quality,2026-06-04T08:13:26+00:00,3128026,Bilbao,ES,2026-05-18T17:00,43.3,-2.8999996,Europe/Madrid,10.7,6.8,136.0,3.9,92.0,37
air_quality,2026-06-04T08:13:26+00:00,3128026,Bilbao,ES,2026-05-18T18:00,43.3,-2.8999996,Europe/Madrid,11.1,7.0,137.0,4.8,90.0,36
air_quality,2026-06-04T08:13:26+00:00,3128026,Bilbao,ES,2026-05-18T19:00,43.3,-2.8999996,Europe/Madrid,10.6,6.8,136.0,7.3,86.0,34
air_quality,2026-06-04T08:13:26+00:00,3128026,Bilbao,ES,2026-05-18T20:00,43.3,-2.8999996,Europe/Madrid,10.5,6.7,143.0,10.1,81.0,32
air_quality,2026-06-04T08:13:26+00:00,3128026,Bilbao,ES,2026-05-18T21:00,43.3,-2.8999996,Europe/Madrid,12.1,8.0,152.0,13.1,74.0,30
air_quality,2026-06-04T08:13:26+00:00,3128026,Bilbao,ES,2026-05-18T22:00,43.3,-2.8999996,Europe/Madrid,13.9,8.5,165.0,17.1,66.0,26
air_quality,2026-06-04T08:13:26+00:00,3128026,Bilbao,ES,2026-05-18T23:00,43.3,-2.8999996,Europe/Madrid,14.9,9.8,171.0,21.0,58.0,23
air_quality,2026-06-04T08:13:26+00:00,3128026,Bilbao,ES,2026-05-19T00:00,43.3,-2.8999996,Europe/Madrid,15.5,10.8,179.0,22.9,52.0,21
air_quality,2026-06-04T08:13:26+00:00,3128026,Bilbao,ES,2026-05-19T01:00,43.3,-2.8999996,Europe/Madrid,16.2,11.6,183.0,19.8,48.0,19
air_quality,2026-06-04T08:13:26+00:00,3128026,Bilbao,ES,2026-05-19T02:00,43.3,-2.8999996,Europe/Madrid,18.4,15.1,173.0,23.8,44.0,18
air_quality,2026-06-04T08:13:26+00:00,3128026,Bilbao,ES,2026-05-19T03:00,43.3,-2.8999996,Europe/Madrid,17.3,13.2,164.0,22.9,38.0,17
air_quality,2026-06-04T08:13:26+00:00,3128026,Bilbao,ES,2026-05-19T04:00,43.3,-2.8999996,Europe/Madrid,15.3,12.1,158.0,19.1,36.0,17
air_quality,2026-06-04T08:13:26+00:00,3128026,Bilbao,ES,2026-05-19T05:00,43.3,-2.8999996,Europe/Madrid,14.0,11.4,152.0,16.9,35.0,17
air_quality,2026-06-04T08:13:26+00:00,3128026,Bilbao,ES,2026-05-19T06:00,43.3,-2.8999996,Europe/Madrid,13.5,11.3,150.0,17.3,33.0,18
air_quality,2026-06-04T08:13:26+00:00,3128026,Bilbao,ES,2026-05-19T07:00,43.3,-2.8999996,Europe/Madrid,13.0,11.4,163.0,19.8,27.0,18
air_quality,2026-06-04T08:13:26+00:00,3128026,Bilbao,ES,2026-05-19T08:00,43.3,-2.8999996,Europe/Madrid,14.6,11.7,171.0,21.9,22.0,18
air_quality,2026-06-04T08:13:26+00:00,3128026,Bilbao,ES,2026-05-19T09:00,43.3,-2.8999996,Europe/Madrid,14.3,9.5,165.0,19.8,25.0,18
air_quality,2026-06-04T08:13:26+00:00,3128026,Bilbao,ES,2026-05-19T10:00,43.3,-2.8999996,Europe/Madrid,11.9,7.3,141.0,12.0,51.0,20
air_quality,2026-06-04T08:13:26+00:00,3128026,Bilbao,ES,2026-05-19T11:00,43.3,-2.8999996,Europe/Madrid,9.3,5.3,129.0,9.0,58.0,23
air_quality,2026-06-04T08:13:26+00:00,3128026,Bilbao,ES,2026-05-19T12:00,43.3,-2.8999996,Europe/Madrid,8.1,5.0,125.0,5.4,64.0,26
air_quality,2026-06-04T08:13:26+00:00,3128026,Bilbao,ES,2026-05-19T13:00,43.3,-2.8999996,Europe/Madrid,8.1,4.9,125.0,4.7,72.0,29
air_quality,2026-06-04T08:13:26+00:00,3128026,Bilbao,ES,2026-05-19T14:00,43.3,-2.8999996,Europe/Madrid,9.1,5.0,125.0,5.2,78.0,31
air_quality,2026-06-04T08:13:26+00:00,3128026,Bilbao,ES,2026-05-19T15:00,43.3,-2.8999996,Europe/Madrid,8.3,5.0,126.0,5.5,80.0,32
air_quality,2026-06-04T08:13:26+00:00,3128026,Bilbao,ES,2026-05-19T16:00,43.3,-2.8999996,Europe/Madrid,8.4,5.9,128.0,6.0,84.0,34
air_quality,2026-06-04T08:13:26+00:00,3128026,Bilbao,ES,2026-05-19T17:00,43.3,-2.8999996,Europe/Madrid,8.3,5.6,132.0,5.3,81.0,32
air_quality,2026-06-04T08:13:26+00:00,3128026,Bilbao,ES,2026-05-19T18:00,43.3,-2.8999996,Europe/Madrid,7.8,5.9,131.0,6.1,79.0,32
air_quality,2026-06-04T08:13:26+00:00,3128026,Bilbao,ES,2026-05-19T19:00,43.3,-2.8999996,Europe/Madrid,8.1,5.4,127.0,5.5,78.0,31
air_quality,2026-06-04T08:13:26+00:00,3128026,Bilbao,ES,2026-05-19T20:00,43.3,-2.8999996,Europe/Madrid,10.0,5.9,142.0,10.0,73.0,29
air_quality,2026-06-04T08:13:26+00:00,3128026,Bilbao,ES,2026-05-19T21:00,43.3,-2.8999996,Europe/Madrid,11.2,7.4,165.0,16.7,70.0,28
air_quality,2026-06-04T08:13:26+00:00,3128026,Bilbao,ES,2026-05-19T22:00,43.3,-2.8999996,Europe/Madrid,14.0,10.1,168.0,16.9,59.0,24
air_quality,2026-06-04T08:13:26+00:00,3128026,Bilbao,ES,2026-05-19T23:00,43.3,-2.8999996,Europe/Madrid,17.3,12.1,162.0,22.2,51.0,20
air_quality,2026-06-04T08:13:26+00:00,3128026,Bilbao,ES,2026-05-20T00:00,43.3,-2.8999996,Europe/Madrid,15.7,11.3,162.0,21.2,49.0,20
air_quality,2026-06-04T08:13:26+00:00,3128026,Bilbao,ES,2026-05-20T01:00,43.3,-2.8999996,Europe/Madrid,15.6,11.7,164.0,19.0,48.0,19
air_quality,2026-06-04T08:13:26+00:00,3128026,Bilbao,ES,2026-05-20T02:00,43.3,-2.8999996,Europe/Madrid,16.6,13.6,163.0,20.5,47.0,19
air_quality,2026-06-04T08:13:26+00:00,3128026,Bilbao,ES,2026-05-20T03:00,43.3,-2.8999996,Europe/Madrid,16.5,13.7,162.0,21.7,43.0,17
air_quality,2026-06-04T08:13:26+00:00,3128026,Bilbao,ES,2026-05-20T04:00,43.3,-2.8999996,Europe/Madrid,16.4,12.5,155.0,22.1,39.0,17
air_quality,2026-06-04T08:13:26+00:00,3128026,Bilbao,ES,2026-05-20T05:00,43.3,-2.8999996,Europe/Madrid,16.5,12.4,153.0,21.8,36.0,17
air_quality,2026-06-04T08:13:26+00:00,3128026,Bilbao,ES,2026-05-20T06:00,43.3,-2.8999996,Europe/Madrid,17.3,13.0,153.0,24.0,33.0,17
air_quality,2026-06-04T08:13:26+00:00,3128026,Bilbao,ES,2026-05-20T07:00,43.3,-2.8999996,Europe/Madrid,19.4,13.6,155.0,29.9,22.0,18
air_quality,2026-06-04T08:13:26+00:00,3128026,Bilbao,ES,2026-05-20T08:00,43.3,-2.8999996,Europe/Madrid,21.1,15.2,176.0,32.3,19.0,18
air_quality,2026-06-04T08:13:26+00:00,3128026,Bilbao,ES,2026-05-20T09:00,43.3,-2.8999996,Europe/Madrid,21.6,15.5,179.0,27.7,30.0,18
air_quality,2026-06-04T08:13:26+00:00,3128026,Bilbao,ES,2026-05-20T10:00,43.3,-2.8999996,Europe/Madrid,15.1,9.6,155.0,17.4,53.0,21
air_quality,2026-06-04T08:13:26+00:00,3128026,Bilbao,ES,2026-05-20T11:00,43.3,-2.8999996,Europe/Madrid,10.8,6.6,141.0,9.0,65.0,26
air_quality,2026-06-04T08:13:26+00:00,3128026,Bilbao,ES,2026-05-20T12:00,43.3,-2.8999996,Europe/Madrid,10.6,5.6,135.0,5.7,74.0,30
air_quality,2026-06-04T08:13:26+00:00,3128026,Bilbao,ES,2026-05-20T13:00,43.3,-2.8999996,Europe/Madrid,10.8,5.7,131.0,4.6,77.0,31
air_quality,2026-06-04T08:13:26+00:00,3128026,Bilbao,ES,2026-05-20T14:00,43.3,-2.8999996,Europe/Madrid,11.3,6.1,130.0,4.5,80.0,32
air_quality,2026-06-04T08:13:26+00:00,3128026,Bilbao,ES,2026-05-20T15:00,43.3,-2.8999996,Europe/Madrid,11.6,6.2,129.0,4.4,83.0,33
air_quality,2026-06-04T08:13:26+00:00,3128026,Bilbao,ES,2026-05-20T16:00,43.3,-2.8999996,Europe/Madrid,11.8,6.2,127.0,4.2,84.0,34
air_quality,2026-06-04T08:13:26+00:00,3128026,Bilbao,ES,2026-05-20T17:00,43.3,-2.8999996,Europe/Madrid,12.2,6.3,129.0,4.7,82.0,33
air_quality,2026-06-04T08:13:26+00:00,3128026,Bilbao,ES,2026-05-20T18:00,43.3,-2.8999996,Europe/Madrid,12.4,6.6,129.0,4.9,78.0,31
air_quality,2026-06-04T08:13:26+00:00,3128026,Bilbao,ES,2026-05-20T19:00,43.3,-2.8999996,Europe/Madrid,12.4,6.9,130.0,5.8,72.0,29
air_quality,2026-06-04T08:13:26+00:00,3128026,Bilbao,ES,2026-05-20T20:00,43.3,-2.8999996,Europe/Madrid,12.8,7.4,134.0,8.6,67.0,27
air_quality,2026-06-04T08:13:26+00:00,3128026,Bilbao,ES,2026-05-20T21:00,43.3,-2.8999996,Europe/Madrid,14.2,9.2,146.0,12.4,59.0,24
air_quality,2026-06-04T08:13:26+00:00,3128026,Bilbao,ES,2026-05-20T22:00,43.3,-2.8999996,Europe/Madrid,16.1,9.3,151.0,16.2,57.0,23
air_quality,2026-06-04T08:13:26+00:00,3128026,Bilbao,ES,2026-05-20T23:00,43.3,-2.8999996,Europe/Madrid,17.8,10.8,163.0,19.8,46.0,20
air_quality,2026-06-04T08:13:26+00:00,3128026,Bilbao,ES,2026-05-21T00:00,43.3,-2.8999996,Europe/Madrid,18.8,14.6,170.0,22.4,42.0,20
air_quality,2026-06-04T08:13:26+00:00,3128026,Bilbao,ES,2026-05-21T01:00,43.3,-2.8999996,Europe/Madrid,19.8,16.4,169.0,22.3,39.0,20
air_quality,2026-06-04T08:13:26+00:00,3128026,Bilbao,ES,2026-05-21T02:00,43.3,-2.8999996,Europe/Madrid,19.8,14.6,164.0,21.6,35.0,20
air_quality,2026-06-04T08:13:26+00:00,3128026,Bilbao,ES,2026-05-21T03:00,43.3,-2.8999996,Europe/Madrid,17.4,14.9,157.0,21.2,37.0,20
air_quality,2026-06-04T08:13:26+00:00,3128026,Bilbao,ES,2026-05-21T04:00,43.3,-2.8999996,Europe/Madrid,16.2,14.1,155.0,19.9,32.0,20
air_quality,2026-06-04T08:13:26+00:00,3128026,Bilbao,ES,2026-05-21T05:00,43.3,-2.8999996,Europe/Madrid,15.2,13.4,154.0,18.0,33.0,21
air_quality,2026-06-04T08:13:26+00:00,3128026,Bilbao,ES,2026-05-21T06:00,43.3,-2.8999996,Europe/Madrid,14.5,12.2,159.0,16.4,24.0,21
air_quality,2026-06-04T08:13:26+00:00,3128026,Bilbao,ES,2026-05-21T07:00,43.3,-2.8999996,Europe/Madrid,14.9,11.1,167.0,17.7,19.0,21
air_quality,2026-06-04T08:13:26+00:00,3128026,Bilbao,ES,2026-05-21T08:00,43.3,-2.8999996,Europe/Madrid,15.9,10.6,171.0,19.5,23.0,20
air_quality,2026-06-04T08:13:26+00:00,3128026,Bilbao,ES,2026-05-21T09:00,43.3,-2.8999996,Europe/Madrid,14.3,9.0,156.0,17.0,36.0,20
air_quality,2026-06-04T08:13:26+00:00,3128026,Bilbao,ES,2026-05-21T10:00,43.3,-2.8999996,Europe/Madrid,12.1,7.5,143.0,12.5,44.0,19
air_quality,2026-06-04T08:13:26+00:00,3128026,Bilbao,ES,2026-05-21T11:00,43.3,-2.8999996,Europe/Madrid,11.2,6.7,133.0,7.6,62.0,25
air_quality,2026-06-04T08:13:26+00:00,3128026,Bilbao,ES,2026-05-21T12:00,43.3,-2.8999996,Europe/Madrid,10.7,6.0,127.0,5.9,77.0,31
air_quality,2026-06-04T08:13:26+00:00,3128026,Bilbao,ES,2026-05-21T13:00,43.3,-2.8999996,Europe/Madrid,10.0,6.0,123.0,4.4,92.0,37
air_quality,2026-06-04T08:13:26+00:00,3128026,Bilbao,ES,2026-05-21T14:00,43.3,-2.8999996,Europe/Madrid,8.8,6.2,121.0,4.3,102.0,41
air_quality,2026-06-04T08:13:26+00:00,3128026,Bilbao,ES,2026-05-21T15:00,43.3,-2.8999996,Europe/Madrid,9.0,6.0,119.0,3.6,105.0,43
air_quality,2026-06-04T08:13:26+00:00,3128026,Bilbao,ES,2026-05-21T16:00,43.3,-2.8999996,Europe/Madrid,9.3,6.5,127.0,3.5,108.0,45
air_quality,2026-06-04T08:13:26+00:00,3128026,Bilbao,ES,2026-05-21T17:00,43.3,-2.8999996,Europe/Madrid,9.7,6.8,130.0,4.8,109.0,46
air_quality,2026-06-04T08:13:26+00:00,3128026,Bilbao,ES,2026-05-21T18:00,43.3,-2.8999996,Europe/Madrid,11.8,8.1,137.0,7.7,102.0,41
air_quality,2026-06-04T08:13:26+00:00,3128026,Bilbao,ES,2026-05-21T19:00,43.3,-2.8999996,Europe/Madrid,14.6,9.5,155.0,12.4,105.0,43
air_quality,2026-06-04T08:13:26+00:00,3128026,Bilbao,ES,2026-05-21T20:00,43.3,-2.8999996,Europe/Madrid,17.0,13.6,167.0,19.7,86.0,34
air_quality,2026-06-04T08:13:26+00:00,3128026,Bilbao,ES,2026-05-21T21:00,43.3,-2.8999996,Europe/Madrid,19.9,14.7,191.0,26.4,76.0,30
air_quality,2026-06-04T08:13:26+00:00,3128026,Bilbao,ES,2026-05-21T22:00,43.3,-2.8999996,Europe/Madrid,18.7,16.6,194.0,33.0,68.0,27
air_quality,2026-06-04T08:13:26+00:00,3128026,Bilbao,ES,2026-05-21T23:00,43.3,-2.8999996,Europe/Madrid,18.5,15.7,187.0,30.1,71.0,28
air_quality,2026-06-04T08:13:26+00:00,3128026,Bilbao,ES,2026-05-22T00:00,43.3,-2.8999996,Europe/Madrid,16.8,13.4,169.0,27.4,65.0,26
air_quality,2026-06-04T08:13:26+00:00,3128026,Bilbao,ES,2026-05-22T01:00,43.3,-2.8999996,Europe/Madrid,17.5,13.7,165.0,24.0,55.0,22
air_quality,2026-06-04T08:13:26+00:00,3128026,Bilbao,ES,2026-05-22T02:00,43.3,-2.8999996,Europe/Madrid,20.7,15.6,175.0,26.9,56.0,22
air_quality,2026-06-04T08:13:26+00:00,3128026,Bilbao,ES,2026-05-22T03:00,43.3,-2.8999996,Europe/Madrid,25.2,20.1,179.0,28.1,52.0,21
air_quality,2026-06-04T08:13:26+00:00,3128026,Bilbao,ES,2026-05-22T04:00,43.3,-2.8999996,Europe/Madrid,27.5,22.6,182.0,29.1,45.0,22
air_quality,2026-06-04T08:13:26+00:00,3128026,Bilbao,ES,2026-05-22T05:00,43.3,-2.8999996,Europe/Madrid,28.0,22.9,178.0,30.8,40.0,23
air_quality,2026-06-04T08:13:26+00:00,3128026,Bilbao,ES,2026-05-22T06:00,43.3,-2.8999996,Europe/Madrid,26.1,23.3,172.0,25.1,37.0,23
air_quality,2026-06-04T08:13:26+00:00,3128026,Bilbao,ES,2026-05-22T07:00,43.3,-2.8999996,Europe/Madrid,24.7,20.5,176.0,25.9,29.0,24
air_quality,2026-06-04T08:13:26+00:00,3128026,Bilbao,ES,2026-05-22T08:00,43.3,-2.8999996,Europe/Madrid,23.5,16.4,184.0,29.8,30.0,25
air_quality,2026-06-04T08:13:26+00:00,3128026,Bilbao,ES,2026-05-22T09:00,43.3,-2.8999996,Europe/Madrid,21.2,12.4,192.0,28.3,44.0,26
air_quality,2026-06-04T08:13:26+00:00,3128026,Bilbao,ES,2026-05-22T10:00,43.3,-2.8999996,Europe/Madrid,17.9,10.7,179.0,22.2,60.0,26
air_quality,2026-06-04T08:13:26+00:00,3128026,Bilbao,ES,2026-05-22T11:00,43.3,-2.8999996,Europe/Madrid,11.0,10.2,165.0,11.3,69.0,28
air_quality,2026-06-04T08:13:26+00:00,3128026,Bilbao,ES,2026-05-22T12:00,43.3,-2.8999996,Europe/Madrid,10.7,7.3,137.0,6.1,94.0,38
air_quality,2026-06-04T08:13:26+00:00,3128026,Bilbao,ES,2026-05-22T13:00,43.3,-2.8999996,Europe/Madrid,10.0,7.1,133.0,5.7,110.0,47
air_quality,2026-06-04T08:13:26+00:00,3128026,Bilbao,ES,2026-05-22T14:00,43.3,-2.8999996,Europe/Madrid,9.9,7.1,131.0,5.3,117.0,51
air_quality,2026-06-04T08:13:26+00:00,3128026,Bilbao,ES,2026-05-22T15:00,43.3,-2.8999996,Europe/Madrid,10.0,6.3,131.0,4.3,121.0,54
air_quality,2026-06-04T08:13:26+00:00,3128026,Bilbao,ES,2026-05-22T16:00,43.3,-2.8999996,Europe/Madrid,10.0,5.9,131.0,4.3,120.0,53
air_quality,2026-06-04T08:13:26+00:00,3128026,Bilbao,ES,2026-05-22T17:00,43.3,-2.8999996,Europe/Madrid,10.4,6.5,130.0,5.1,117.0,51
air_quality,2026-06-04T08:13:26+00:00,3128026,Bilbao,ES,2026-05-22T18:00,43.3,-2.8999996,Europe/Madrid,11.7,7.4,137.0,9.6,110.0,47
air_quality,2026-06-04T08:13:26+00:00,3128026,Bilbao,ES,2026-05-22T19:00,43.3,-2.8999996,Europe/Madrid,14.8,9.3,156.0,13.4,102.0,41
air_quality,2026-06-04T08:13:26+00:00,3128026,Bilbao,ES,2026-05-22T20:00,43.3,-2.8999996,Europe/Madrid,16.5,11.0,173.0,21.4,91.0,36
air_quality,2026-06-04T08:13:26+00:00,3128026,Bilbao,ES,2026-05-22T21:00,43.3,-2.8999996,Europe/Madrid,20.3,16.1,202.0,28.5,80.0,32
air_quality,2026-06-04T08:13:26+00:00,3128026,Bilbao,ES,2026-05-22T22:00,43.3,-2.8999996,Europe/Madrid,20.5,13.7,201.0,33.5,69.0,28
air_quality,2026-06-04T08:13:26+00:00,3128026,Bilbao,ES,2026-05-22T23:00,43.3,-2.8999996,Europe/Madrid,16.7,13.0,158.0,20.8,77.0,31
air_quality,2026-06-04T08:13:26+00:00,3128026,Bilbao,ES,2026-05-23T00:00,43.3,-2.8999996,Europe/Madrid,18.2,12.5,155.0,13.5,72.0,29
air_quality,2026-06-04T08:13:26+00:00,3128026,Bilbao,ES,2026-05-23T01:00,43.3,-2.8999996,Europe/Madrid,19.6,13.3,149.0,20.5,68.0,27
air_quality,2026-06-04T08:13:26+00:00,3128026,Bilbao,ES,2026-05-23T02:00,43.3,-2.8999996,Europe/Madrid,20.9,12.8,150.0,20.3,57.0,26
air_quality,2026-06-04T08:13:26+00:00,3128026,Bilbao,ES,2026-05-23T03:00,43.3,-2.8999996,Europe/Madrid,22.6,14.5,151.0,15.6,60.0,26
air_quality,2026-06-04T08:13:26+00:00,3128026,Bilbao,ES,2026-05-23T04:00,43.3,-2.8999996,Europe/Madrid,24.6,15.3,155.0,16.4,57.0,25
air_quality,2026-06-04T08:13:26+00:00,3128026,Bilbao,ES,2026-05-23T05:00,43.3,-2.8999996,Europe/Madrid,25.9,16.1,155.0,18.0,55.0,25
air_quality,2026-06-04T08:13:26+00:00,3128026,Bilbao,ES,2026-05-23T06:00,43.3,-2.8999996,Europe/Madrid,26.6,16.8,158.0,19.7,52.0,24
air_quality,2026-06-04T08:13:26+00:00,3128026,Bilbao,ES,2026-05-23T07:00,43.3,-2.8999996,Europe/Madrid,27.8,16.9,161.0,20.2,51.0,24
air_quality,2026-06-04T08:13:26+00:00,3128026,Bilbao,ES,2026-05-23T08:00,43.3,-2.8999996,Europe/Madrid,29.5,17.2,168.0,17.3,48.0,23
air_quality,2026-06-04T08:13:26+00:00,3128026,Bilbao,ES,2026-05-23T09:00,43.3,-2.8999996,Europe/Madrid,30.2,15.2,163.0,13.5,50.0,23
air_quality,2026-06-04T08:13:26+00:00,3128026,Bilbao,ES,2026-05-23T10:00,43.3,-2.8999996,Europe/Madrid,30.4,13.7,160.0,11.6,63.0,25
air_quality,2026-06-04T08:13:26+00:00,3128026,Bilbao,ES,2026-05-23T11:00,43.3,-2.8999996,Europe/Madrid,30.0,13.0,158.0,9.9,73.0,29
air_quality,2026-06-04T08:13:26+00:00,3128026,Bilbao,ES,2026-05-23T12:00,43.3,-2.8999996,Europe/Madrid,30.1,14.1,155.0,8.1,82.0,33
air_quality,2026-06-04T08:13:26+00:00,3128026,Bilbao,ES,2026-05-23T13:00,43.3,-2.8999996,Europe/Madrid,30.4,14.8,152.0,6.2,98.0,39
air_quality,2026-06-04T08:13:26+00:00,3128026,Bilbao,ES,2026-05-23T14:00,43.3,-2.8999996,Europe/Madrid,29.1,14.5,149.0,4.4,112.0,48
air_quality,2026-06-04T08:13:26+00:00,3128026,Bilbao,ES,2026-05-23T15:00,43.3,-2.8999996,Europe/Madrid,26.0,13.5,148.0,3.3,113.0,49
air_quality,2026-06-04T08:13:26+00:00,3128026,Bilbao,ES,2026-05-23T16:00,43.3,-2.8999996,Europe/Madrid,23.4,12.5,147.0,2.9,109.0,46
air_quality,2026-06-04T08:13:26+00:00,3128026,Bilbao,ES,2026-05-23T17:00,43.3,-2.8999996,Europe/Madrid,21.9,12.0,147.0,3.0,107.0,45
air_quality,2026-06-04T08:13:26+00:00,3128026,Bilbao,ES,2026-05-23T18:00,43.3,-2.8999996,Europe/Madrid,21.5,11.8,144.0,4.2,102.0,41
air_quality,2026-06-04T08:13:26+00:00,3128026,Bilbao,ES,2026-05-23T19:00,43.3,-2.8999996,Europe/Madrid,21.0,11.6,144.0,6.0,95.0,38
air_quality,2026-06-04T08:13:26+00:00,3128026,Bilbao,ES,2026-05-23T20:00,43.3,-2.8999996,Europe/Madrid,21.0,11.7,148.0,9.3,88.0,35
air_quality,2026-06-04T08:13:26+00:00,3128026,Bilbao,ES,2026-05-23T21:00,43.3,-2.8999996,Europe/Madrid,22.4,12.5,154.0,15.0,84.0,34
air_quality,2026-06-04T08:13:26+00:00,3128026,Bilbao,ES,2026-05-23T22:00,43.3,-2.8999996,Europe/Madrid,22.8,14.1,169.0,22.8,69.0,28
air_quality,2026-06-04T08:13:26+00:00,3128026,Bilbao,ES,2026-05-23T23:00,43.3,-2.8999996,Europe/Madrid,25.0,16.2,184.0,27.6,58.0,28
air_quality,2026-06-04T08:13:26+00:00,3128026,Bilbao,ES,2026-05-24T00:00,43.3,-2.8999996,Europe/Madrid,25.3,17.1,182.0,29.3,50.0,28
air_quality,2026-06-04T08:13:26+00:00,3128026,Bilbao,ES,2026-05-24T01:00,43.3,-2.8999996,Europe/Madrid,25.7,15.9,173.0,27.5,50.0,28
air_quality,2026-06-04T08:13:26+00:00,3128026,Bilbao,ES,2026-05-24T02:00,43.3,-2.8999996,Europe/Madrid,25.8,16.6,160.0,25.1,55.0,29
air_quality,2026-06-04T08:13:26+00:00,3128026,Bilbao,ES,2026-05-24T03:00,43.3,-2.8999996,Europe/Madrid,25.0,16.1,160.0,23.1,52.0,29
air_quality,2026-06-04T08:13:26+00:00,3128026,Bilbao,ES,2026-05-24T04:00,43.3,-2.8999996,Europe/Madrid,24.5,14.2,152.0,17.7,52.0,29
air_quality,2026-06-04T08:13:26+00:00,3128026,Bilbao,ES,2026-05-24T05:00,43.3,-2.8999996,Europe/Madrid,23.6,13.6,149.0,13.8,51.0,29
air_quality,2026-06-04T08:13:26+00:00,3128026,Bilbao,ES,2026-05-24T06:00,43.3,-2.8999996,Europe/Madrid,22.4,14.6,149.0,12.3,49.0,29
air_quality,2026-06-04T08:13:26+00:00,3128026,Bilbao,ES,2026-05-24T07:00,43.3,-2.8999996,Europe/Madrid,21.9,16.5,144.0,11.7,53.0,29
air_quality,2026-06-04T08:13:26+00:00,3128026,Bilbao,ES,2026-05-24T08:00,43.3,-2.8999996,Europe/Madrid,21.6,15.5,151.0,11.5,49.0,29
air_quality,2026-06-04T08:13:26+00:00,3128026,Bilbao,ES,2026-05-24T09:00,43.3,-2.8999996,Europe/Madrid,21.1,14.0,149.0,8.3,51.0,28
air_quality,2026-06-04T08:13:26+00:00,3128026,Bilbao,ES,2026-05-24T10:00,43.3,-2.8999996,Europe/Madrid,20.3,12.4,150.0,7.7,62.0,28
air_quality,2026-06-04T08:13:26+00:00,3128026,Bilbao,ES,2026-05-24T11:00,43.3,-2.8999996,Europe/Madrid,20.4,11.7,157.0,6.2,71.0,28
air_quality,2026-06-04T08:13:26+00:00,3128026,Bilbao,ES,2026-05-24T12:00,43.3,-2.8999996,Europe/Madrid,17.5,11.4,154.0,4.3,85.0,34
air_quality,2026-06-04T08:13:26+00:00,3128026,Bilbao,ES,2026-05-24T13:00,43.3,-2.8999996,Europe/Madrid,17.4,10.2,152.0,3.4,105.0,43
air_quality,2026-06-04T08:13:26+00:00,3128026,Bilbao,ES,2026-05-24T14:00,43.3,-2.8999996,Europe/Madrid,16.4,9.2,145.0,3.0,113.0,49
air_quality,2026-06-04T08:13:26+00:00,3128026,Bilbao,ES,2026-05-24T15:00,43.3,-2.8999996,Europe/Madrid,15.2,8.2,143.0,2.8,114.0,49
air_quality,2026-06-04T08:13:26+00:00,3128026,Bilbao,ES,2026-05-24T16:00,43.3,-2.8999996,Europe/Madrid,13.8,7.8,136.0,2.3,111.0,47
air_quality,2026-06-04T08:13:26+00:00,3128026,Bilbao,ES,2026-05-24T17:00,43.3,-2.8999996,Europe/Madrid,12.6,8.1,133.0,2.4,108.0,45
air_quality,2026-06-04T08:13:26+00:00,3128026,Bilbao,ES,2026-05-24T18:00,43.3,-2.8999996,Europe/Madrid,11.9,8.2,134.0,3.1,106.0,44
air_quality,2026-06-04T08:13:26+00:00,3128026,Bilbao,ES,2026-05-24T19:00,43.3,-2.8999996,Europe/Madrid,10.9,8.9,146.0,5.3,98.0,39
air_quality,2026-06-04T08:13:26+00:00,3128026,Bilbao,ES,2026-05-24T20:00,43.3,-2.8999996,Europe/Madrid,13.0,10.3,150.0,7.8,90.0,36
air_quality,2026-06-04T08:13:26+00:00,3128026,Bilbao,ES,2026-05-24T21:00,43.3,-2.8999996,Europe/Madrid,15.8,11.7,155.0,10.7,78.0,31
air_quality,2026-06-04T08:13:26+00:00,3128026,Bilbao,ES,2026-05-24T22:00,43.3,-2.8999996,Europe/Madrid,16.6,13.9,161.0,18.8,70.0,28
air_quality,2026-06-04T08:13:26+00:00,3128026,Bilbao,ES,2026-05-24T23:00,43.3,-2.8999996,Europe/Madrid,17.4,15.1,169.0,16.7,60.0,25
air_quality,2026-06-04T08:13:26+00:00,3128026,Bilbao,ES,2026-05-25T00:00,43.3,-2.8999996,Europe/Madrid,15.6,13.6,163.0,15.4,57.0,25
air_quality,2026-06-04T08:13:26+00:00,3128026,Bilbao,ES,2026-05-25T01:00,43.3,-2.8999996,Europe/Madrid,16.2,13.3,151.0,12.9,55.0,25
air_quality,2026-06-04T08:13:26+00:00,3128026,Bilbao,ES,2026-05-25T02:00,43.3,-2.8999996,Europe/Madrid,16.8,13.5,142.0,11.0,54.0,25
air_quality,2026-06-04T08:13:26+00:00,3128026,Bilbao,ES,2026-05-25T03:00,43.3,-2.8999996,Europe/Madrid,15.7,7.9,138.0,9.4,61.0,24
air_quality,2026-06-04T08:13:26+00:00,3128026,Bilbao,ES,2026-05-25T04:00,43.3,-2.8999996,Europe/Madrid,7.8,5.8,123.0,6.0,71.0,28
air_quality,2026-06-04T08:13:26+00:00,3128026,Bilbao,ES,2026-05-25T05:00,43.3,-2.8999996,Europe/Madrid,6.8,4.6,116.0,4.9,76.0,30
air_quality,2026-06-04T08:13:26+00:00,3128026,Bilbao,ES,2026-05-25T06:00,43.3,-2.8999996,Europe/Madrid,6.6,4.7,115.0,4.7,78.0,31
air_quality,2026-06-04T08:13:26+00:00,3128026,Bilbao,ES,2026-05-25T07:00,43.3,-2.8999996,Europe/Madrid,6.8,4.4,117.0,9.6,80.0,32
air_quality,2026-06-04T08:13:26+00:00,3128026,Bilbao,ES,2026-05-25T08:00,43.3,-2.8999996,Europe/Madrid,6.8,4.2,122.0,13.9,76.0,30
air_quality,2026-06-04T08:13:26+00:00,3128026,Bilbao,ES,2026-05-25T09:00,43.3,-2.8999996,Europe/Madrid,6.7,4.2,122.0,8.8,80.0,32
air_quality,2026-06-04T08:13:26+00:00,3128026,Bilbao,ES,2026-05-25T10:00,43.3,-2.8999996,Europe/Madrid,6.6,4.3,121.0,7.6,78.0,31
air_quality,2026-06-04T08:13:26+00:00,3128026,Bilbao,ES,2026-05-25T11:00,43.3,-2.8999996,Europe/Madrid,6.3,4.4,119.0,4.8,85.0,34
air_quality,2026-06-04T08:13:26+00:00,3128026,Bilbao,ES,2026-05-25T12:00,43.3,-2.8999996,Europe/Madrid,6.6,4.3,117.0,3.7,93.0,37
air_quality,2026-06-04T08:13:26+00:00,3128026,Bilbao,ES,2026-05-25T13:00,43.3,-2.8999996,Europe/Madrid,6.8,4.4,116.0,3.5,98.0,39
air_quality,2026-06-04T08:13:26+00:00,3128026,Bilbao,ES,2026-05-25T14:00,43.3,-2.8999996,Europe/Madrid,6.6,4.5,116.0,3.7,103.0,42
air_quality,2026-06-04T08:13:26+00:00,3128026,Bilbao,ES,2026-05-25T15:00,43.3,-2.8999996,Europe/Madrid,6.7,4.5,115.0,3.6,104.0,43
air_quality,2026-06-04T08:13:26+00:00,3128026,Bilbao,ES,2026-05-25T16:00,43.3,-2.8999996,Europe/Madrid,7.0,4.6,114.0,3.1,104.0,43
air_quality,2026-06-04T08:13:26+00:00,3128026,Bilbao,ES,2026-05-25T17:00,43.3,-2.8999996,Europe/Madrid,7.0,4.5,115.0,3.6,103.0,42
air_quality,2026-06-04T08:13:26+00:00,3128026,Bilbao,ES,2026-05-25T18:00,43.3,-2.8999996,Europe/Madrid,6.9,4.9,116.0,4.9,97.0,39
air_quality,2026-06-04T08:13:26+00:00,3128026,Bilbao,ES,2026-05-25T19:00,43.3,-2.8999996,Europe/Madrid,7.6,4.7,121.0,5.9,91.0,36
air_quality,2026-06-04T08:13:26+00:00,3128026,Bilbao,ES,2026-05-25T20:00,43.3,-2.8999996,Europe/Madrid,9.3,5.6,140.0,12.0,88.0,35
air_quality,2026-06-04T08:13:26+00:00,3128026,Bilbao,ES,2026-05-25T21:00,43.3,-2.8999996,Europe/Madrid,11.9,6.6,153.0,16.6,80.0,32
air_quality,2026-06-04T08:13:26+00:00,3128026,Bilbao,ES,2026-05-25T22:00,43.3,-2.8999996,Europe/Madrid,12.9,8.5,156.0,16.8,75.0,30
air_quality,2026-06-04T08:13:26+00:00,3128026,Bilbao,ES,2026-05-25T23:00,43.3,-2.8999996,Europe/Madrid,12.4,9.5,162.0,17.5,61.0,24
air_quality,2026-06-04T08:13:26+00:00,3128026,Bilbao,ES,2026-05-26T00:00,43.3,-2.8999996,Europe/Madrid,10.8,8.3,158.0,18.9,58.0,23
air_quality,2026-06-04T08:13:26+00:00,3128026,Bilbao,ES,2026-05-26T01:00,43.3,-2.8999996,Europe/Madrid,9.1,7.6,152.0,17.2,51.0,20
air_quality,2026-06-04T08:13:26+00:00,3128026,Bilbao,ES,2026-05-26T02:00,43.3,-2.8999996,Europe/Madrid,7.4,5.4,135.0,11.4,60.0,24
air_quality,2026-06-04T08:13:26+00:00,3128026,Bilbao,ES,2026-05-26T03:00,43.3,-2.8999996,Europe/Madrid,7.5,5.3,123.0,7.4,70.0,28
air_quality,2026-06-04T08:13:26+00:00,3128026,Bilbao,ES,2026-05-26T04:00,43.3,-2.8999996,Europe/Madrid,6.3,4.2,116.0,4.8,74.0,30
air_quality,2026-06-04T08:13:26+00:00,3128026,Bilbao,ES,2026-05-26T05:00,43.3,-2.8999996,Europe/Madrid,6.3,4.3,112.0,4.8,75.0,30
air_quality,2026-06-04T08:13:26+00:00,3128026,Bilbao,ES,2026-05-26T06:00,43.3,-2.8999996,Europe/Madrid,6.7,4.7,112.0,6.8,73.0,29
air_quality,2026-06-04T08:13:26+00:00,3128026,Bilbao,ES,2026-05-26T07:00,43.3,-2.8999996,Europe/Madrid,7.3,4.5,115.0,11.3,67.0,27
air_quality,2026-06-04T08:13:26+00:00,3128026,Bilbao,ES,2026-05-26T08:00,43.3,-2.8999996,Europe/Madrid,8.1,5.3,124.0,16.1,58.0,23
air_quality,2026-06-04T08:13:26+00:00,3128026,Bilbao,ES,2026-05-26T09:00,43.3,-2.8999996,Europe/Madrid,8.2,5.2,122.0,14.8,60.0,24
air_quality,2026-06-04T08:13:26+00:00,3128026,Bilbao,ES,2026-05-26T10:00,43.3,-2.8999996,Europe/Madrid,7.6,4.8,118.0,9.9,67.0,27
air_quality,2026-06-04T08:13:26+00:00,3128026,Bilbao,ES,2026-05-26T11:00,43.3,-2.8999996,Europe/Madrid,7.2,4.6,117.0,6.0,76.0,30
air_quality,2026-06-04T08:13:26+00:00,3128026,Bilbao,ES,2026-05-26T12:00,43.3,-2.8999996,Europe/Madrid,6.9,4.8,115.0,4.6,84.0,34
air_quality,2026-06-04T08:13:26+00:00,3128026,Bilbao,ES,2026-05-26T13:00,43.3,-2.8999996,Europe/Madrid,6.8,4.9,115.0,4.1,96.0,38
air_quality,2026-06-04T08:13:26+00:00,3128026,Bilbao,ES,2026-05-26T14:00,43.3,-2.8999996,Europe/Madrid,6.9,4.9,114.0,4.1,101.0,41
air_quality,2026-06-04T08:13:26+00:00,3128026,Bilbao,ES,2026-05-26T15:00,43.3,-2.8999996,Europe/Madrid,7.2,4.8,112.0,3.7,105.0,43
air_quality,2026-06-04T08:13:26+00:00,3128026,Bilbao,ES,2026-05-26T16:00,43.3,-2.8999996,Europe/Madrid,7.7,4.7,114.0,3.3,107.0,45
air_quality,2026-06-04T08:13:26+00:00,3128026,Bilbao,ES,2026-05-26T17:00,43.3,-2.8999996,Europe/Madrid,8.5,4.9,117.0,3.4,107.0,45
air_quality,2026-06-04T08:13:26+00:00,3128026,Bilbao,ES,2026-05-26T18:00,43.3,-2.8999996,Europe/Madrid,9.9,5.7,121.0,5.0,109.0,46
air_quality,2026-06-04T08:13:26+00:00,3128026,Bilbao,ES,2026-05-26T19:00,43.3,-2.8999996,Europe/Madrid,10.7,6.2,127.0,8.8,103.0,42
air_quality,2026-06-04T08:13:26+00:00,3128026,Bilbao,ES,2026-05-26T20:00,43.3,-2.8999996,Europe/Madrid,11.9,8.6,152.0,17.3,94.0,38
air_quality,2026-06-04T08:13:26+00:00,3128026,Bilbao,ES,2026-05-26T21:00,43.3,-2.8999996,Europe/Madrid,15.9,10.5,162.0,26.2,80.0,32
air_quality,2026-06-04T08:13:26+00:00,3128026,Bilbao,ES,2026-05-26T22:00,43.3,-2.8999996,Europe/Madrid,18.3,11.8,172.0,23.5,63.0,25
air_quality,2026-06-04T08:13:26+00:00,3128026,Bilbao,ES,2026-05-26T23:00,43.3,-2.8999996,Europe/Madrid,21.5,14.8,175.0,25.5,60.0,24
air_quality,2026-06-04T08:13:26+00:00,3128026,Bilbao,ES,2026-05-27T00:00,43.3,-2.8999996,Europe/Madrid,22.6,14.9,185.0,25.5,58.0,23
air_quality,2026-06-04T08:13:26+00:00,3128026,Bilbao,ES,2026-05-27T01:00,43.3,-2.8999996,Europe/Madrid,22.9,15.5,190.0,26.6,55.0,22
air_quality,2026-06-04T08:13:26+00:00,3128026,Bilbao,ES,2026-05-27T02:00,43.3,-2.8999996,Europe/Madrid,23.1,16.6,189.0,24.4,54.0,22
air_quality,2026-06-04T08:13:26+00:00,3128026,Bilbao,ES,2026-05-27T03:00,43.3,-2.8999996,Europe/Madrid,21.4,16.1,187.0,20.8,52.0,21
air_quality,2026-06-04T08:13:26+00:00,3128026,Bilbao,ES,2026-05-27T04:00,43.3,-2.8999996,Europe/Madrid,20.5,16.0,182.0,18.5,48.0,19
air_quality,2026-06-04T08:13:26+00:00,3128026,Bilbao,ES,2026-05-27T05:00,43.3,-2.8999996,Europe/Madrid,18.3,14.7,169.0,21.6,42.0,17
air_quality,2026-06-04T08:13:26+00:00,3128026,Bilbao,ES,2026-05-27T06:00,43.3,-2.8999996,Europe/Madrid,15.3,12.6,158.0,18.8,33.0,17
air_quality,2026-06-04T08:13:26+00:00,3128026,Bilbao,ES,2026-05-27T07:00,43.3,-2.8999996,Europe/Madrid,12.2,9.2,143.0,22.7,33.0,18
air_quality,2026-06-04T08:13:26+00:00,3128026,Bilbao,ES,2026-05-27T08:00,43.3,-2.8999996,Europe/Madrid,10.0,8.9,143.0,24.2,28.0,19
air_quality,2026-06-04T08:13:26+00:00,3128026,Bilbao,ES,2026-05-27T09:00,43.3,-2.8999996,Europe/Madrid,10.1,8.3,144.0,21.4,33.0,19
air_quality,2026-06-04T08:13:26+00:00,3128026,Bilbao,ES,2026-05-27T10:00,43.3,-2.8999996,Europe/Madrid,10.1,7.0,144.0,16.7,49.0,20
air_quality,2026-06-04T08:13:26+00:00,3128026,Bilbao,ES,2026-05-27T11:00,43.3,-2.8999996,Europe/Madrid,10.9,6.5,130.0,11.2,66.0,26
air_quality,2026-06-04T08:13:26+00:00,3128026,Bilbao,ES,2026-05-27T12:00,43.3,-2.8999996,Europe/Madrid,11.9,7.1,126.0,7.1,87.0,35
air_quality,2026-06-04T08:13:26+00:00,3128026,Bilbao,ES,2026-05-27T13:00,43.3,-2.8999996,Europe/Madrid,13.0,6.8,126.0,5.2,111.0,47
air_quality,2026-06-04T08:13:26+00:00,3128026,Bilbao,ES,2026-05-27T14:00,43.3,-2.8999996,Europe/Madrid,16.1,7.5,126.0,4.3,115.0,50
air_quality,2026-06-04T08:13:26+00:00,3128026,Bilbao,ES,2026-05-27T15:00,43.3,-2.8999996,Europe/Madrid,20.6,8.0,126.0,4.2,118.0,52
air_quality,2026-06-04T08:13:26+00:00,3128026,Bilbao,ES,2026-05-27T16:00,43.3,-2.8999996,Europe/Madrid,28.2,8.9,128.0,4.3,120.0,53
air_quality,2026-06-04T08:13:26+00:00,3128026,Bilbao,ES,2026-05-27T17:00,43.3,-2.8999996,Europe/Madrid,22.3,8.8,132.0,4.7,118.0,52
air_quality,2026-06-04T08:13:26+00:00,3128026,Bilbao,ES,2026-05-27T18:00,43.3,-2.8999996,Europe/Madrid,21.5,8.4,137.0,6.9,116.0,51
air_quality,2026-06-04T08:13:26+00:00,3128026,Bilbao,ES,2026-05-27T19:00,43.3,-2.8999996,Europe/Madrid,18.2,9.1,145.0,9.5,117.0,51
air_quality,2026-06-04T08:13:26+00:00,3128026,Bilbao,ES,2026-05-27T20:00,43.3,-2.8999996,Europe/Madrid,18.1,11.7,152.0,14.4,101.0,41
air_quality,2026-06-04T08:13:26+00:00,3128026,Bilbao,ES,2026-05-27T21:00,43.3,-2.8999996,Europe/Madrid,20.1,12.1,159.0,18.4,90.0,36
air_quality,2026-06-04T08:13:26+00:00,3128026,Bilbao,ES,2026-05-27T22:00,43.3,-2.8999996,Europe/Madrid,22.0,13.8,173.0,19.8,80.0,32
air_quality,2026-06-04T08:13:26+00:00,3128026,Bilbao,ES,2026-05-27T23:00,43.3,-2.8999996,Europe/Madrid,23.6,14.9,188.0,25.7,71.0,28
air_quality,2026-06-04T08:13:26+00:00,3128026,Bilbao,ES,2026-05-28T00:00,43.3,-2.8999996,Europe/Madrid,23.4,16.7,184.0,26.8,62.0,25
air_quality,2026-06-04T08:13:26+00:00,3128026,Bilbao,ES,2026-05-28T01:00,43.3,-2.8999996,Europe/Madrid,24.2,18.9,172.0,24.7,54.0,22
air_quality,2026-06-04T08:13:26+00:00,3128026,Bilbao,ES,2026-05-28T02:00,43.3,-2.8999996,Europe/Madrid,26.7,18.7,167.0,21.1,47.0,22
air_quality,2026-06-04T08:13:26+00:00,3128026,Bilbao,ES,2026-05-28T03:00,43.3,-2.8999996,Europe/Madrid,27.3,16.8,160.0,18.5,47.0,23
air_quality,2026-06-04T08:13:26+00:00,3128026,Bilbao,ES,2026-05-28T04:00,43.3,-2.8999996,Europe/Madrid,26.6,15.3,146.0,15.4,45.0,23
air_quality,2026-06-04T08:13:26+00:00,3128026,Bilbao,ES,2026-05-28T05:00,43.3,-2.8999996,Europe/Madrid,25.4,14.1,144.0,17.1,43.0,23
air_quality,2026-06-04T08:13:26+00:00,3128026,Bilbao,ES,2026-05-28T06:00,43.3,-2.8999996,Europe/Madrid,24.5,13.4,146.0,16.6,43.0,23
air_quality,2026-06-04T08:13:26+00:00,3128026,Bilbao,ES,2026-05-28T07:00,43.3,-2.8999996,Europe/Madrid,23.0,13.0,148.0,20.9,39.0,23
air_quality,2026-06-04T08:13:26+00:00,3128026,Bilbao,ES,2026-05-28T08:00,43.3,-2.8999996,Europe/Madrid,23.7,13.0,168.0,30.3,31.0,23
air_quality,2026-06-04T08:13:26+00:00,3128026,Bilbao,ES,2026-05-28T09:00,43.3,-2.8999996,Europe/Madrid,24.6,13.0,183.0,27.5,31.0,23
air_quality,2026-06-04T08:13:26+00:00,3128026,Bilbao,ES,2026-05-28T10:00,43.3,-2.8999996,Europe/Madrid,23.1,12.4,177.0,26.4,63.0,25
air_quality,2026-06-04T08:13:26+00:00,3128026,Bilbao,ES,2026-05-28T11:00,43.3,-2.8999996,Europe/Madrid,18.8,10.1,175.0,17.6,94.0,38
air_quality,2026-06-04T08:13:26+00:00,3128026,Bilbao,ES,2026-05-28T12:00,43.3,-2.8999996,Europe/Madrid,14.6,9.0,158.0,6.7,115.0,50
air_quality,2026-06-04T08:13:26+00:00,3128026,Bilbao,ES,2026-05-28T13:00,43.3,-2.8999996,Europe/Madrid,17.8,8.2,139.0,4.7,131.0,60
air_quality,2026-06-04T08:13:26+00:00,3128026,Bilbao,ES,2026-05-28T14:00,43.3,-2.8999996,Europe/Madrid,17.5,7.7,138.0,3.8,129.0,59
air_quality,2026-06-04T08:13:26+00:00,3128026,Bilbao,ES,2026-05-28T15:00,43.3,-2.8999996,Europe/Madrid,17.9,7.7,134.0,3.8,126.0,57
air_quality,2026-06-04T08:13:26+00:00,3128026,Bilbao,ES,2026-05-28T16:00,43.3,-2.8999996,Europe/Madrid,17.6,8.3,133.0,3.7,125.0,57
air_quality,2026-06-04T08:13:26+00:00,3128026,Bilbao,ES,2026-05-28T17:00,43.3,-2.8999996,Europe/Madrid,17.9,9.1,138.0,3.7,125.0,57
air_quality,2026-06-04T08:13:26+00:00,3128026,Bilbao,ES,2026-05-28T18:00,43.3,-2.8999996,Europe/Madrid,17.9,9.5,147.0,4.6,123.0,55
air_quality,2026-06-04T08:13:26+00:00,3128026,Bilbao,ES,2026-05-28T19:00,43.3,-2.8999996,Europe/Madrid,18.2,9.3,149.0,5.8,120.0,53
air_quality,2026-06-04T08:13:26+00:00,3128026,Bilbao,ES,2026-05-28T20:00,43.3,-2.8999996,Europe/Madrid,17.6,8.9,159.0,9.4,108.0,45
air_quality,2026-06-04T08:13:26+00:00,3128026,Bilbao,ES,2026-05-28T21:00,43.3,-2.8999996,Europe/Madrid,19.8,9.8,165.0,13.0,92.0,37
air_quality,2026-06-04T08:13:26+00:00,3128026,Bilbao,ES,2026-05-28T22:00,43.3,-2.8999996,Europe/Madrid,21.4,13.5,168.0,18.9,81.0,32
air_quality,2026-06-04T08:13:26+00:00,3128026,Bilbao,ES,2026-05-28T23:00,43.3,-2.8999996,Europe/Madrid,25.7,14.8,177.0,23.0,66.0,26
air_quality,2026-06-04T08:13:26+00:00,3128026,Bilbao,ES,2026-05-29T00:00,43.3,-2.8999996,Europe/Madrid,29.1,16.6,183.0,23.7,63.0,25
air_quality,2026-06-04T08:13:26+00:00,3128026,Bilbao,ES,2026-05-29T01:00,43.3,-2.8999996,Europe/Madrid,29.4,18.2,184.0,22.3,52.0,24
air_quality,2026-06-04T08:13:26+00:00,3128026,Bilbao,ES,2026-05-29T02:00,43.3,-2.8999996,Europe/Madrid,30.1,18.6,187.0,20.2,63.0,25
air_quality,2026-06-04T08:13:26+00:00,3128026,Bilbao,ES,2026-05-29T03:00,43.3,-2.8999996,Europe/Madrid,29.3,19.8,185.0,19.3,59.0,24
air_quality,2026-06-04T08:13:26+00:00,3128026,Bilbao,ES,2026-05-29T04:00,43.3,-2.8999996,Europe/Madrid,30.5,21.7,185.0,19.2,56.0,24
air_quality,2026-06-04T08:13:26+00:00,3128026,Bilbao,ES,2026-05-29T05:00,43.3,-2.8999996,Europe/Madrid,28.1,22.7,185.0,19.7,50.0,25
air_quality,2026-06-04T08:13:26+00:00,3128026,Bilbao,ES,2026-05-29T06:00,43.3,-2.8999996,Europe/Madrid,28.4,23.2,187.0,22.9,42.0,26
air_quality,2026-06-04T08:13:26+00:00,3128026,Bilbao,ES,2026-05-29T07:00,43.3,-2.8999996,Europe/Madrid,34.6,25.3,196.0,29.5,31.0,27
air_quality,2026-06-04T08:13:26+00:00,3128026,Bilbao,ES,2026-05-29T08:00,43.3,-2.8999996,Europe/Madrid,38.3,27.3,211.0,36.5,32.0,28
air_quality,2026-06-04T08:13:26+00:00,3128026,Bilbao,ES,2026-05-29T09:00,43.3,-2.8999996,Europe/Madrid,40.2,27.9,221.0,30.6,42.0,29
air_quality,2026-06-04T08:13:26+00:00,3128026,Bilbao,ES,2026-05-29T10:00,43.3,-2.8999996,Europe/Madrid,40.8,22.0,193.0,26.9,63.0,30
air_quality,2026-06-04T08:13:26+00:00,3128026,Bilbao,ES,2026-05-29T11:00,43.3,-2.8999996,Europe/Madrid,37.4,20.1,181.0,17.6,81.0,32
air_quality,2026-06-04T08:13:26+00:00,3128026,Bilbao,ES,2026-05-29T12:00,43.3,-2.8999996,Europe/Madrid,36.9,17.3,176.0,12.1,96.0,38
air_quality,2026-06-04T08:13:26+00:00,3128026,Bilbao,ES,2026-05-29T13:00,43.3,-2.8999996,Europe/Madrid,35.3,17.5,175.0,8.4,109.0,46
air_quality,2026-06-04T08:13:26+00:00,3128026,Bilbao,ES,2026-05-29T14:00,43.3,-2.8999996,Europe/Madrid,34.2,19.1,167.0,5.6,110.0,47
air_quality,2026-06-04T08:13:26+00:00,3128026,Bilbao,ES,2026-05-29T15:00,43.3,-2.8999996,Europe/Madrid,33.0,19.0,159.0,4.9,115.0,50
air_quality,2026-06-04T08:13:26+00:00,3128026,Bilbao,ES,2026-05-29T16:00,43.3,-2.8999996,Europe/Madrid,31.1,17.7,152.0,4.7,114.0,49
air_quality,2026-06-04T08:13:26+00:00,3128026,Bilbao,ES,2026-05-29T17:00,43.3,-2.8999996,Europe/Madrid,29.3,16.4,145.0,5.1,108.0,45
air_quality,2026-06-04T08:13:26+00:00,3128026,Bilbao,ES,2026-05-29T18:00,43.3,-2.8999996,Europe/Madrid,28.7,15.5,140.0,6.6,102.0,41
air_quality,2026-06-04T08:13:26+00:00,3128026,Bilbao,ES,2026-05-29T19:00,43.3,-2.8999996,Europe/Madrid,28.7,15.3,141.0,8.3,96.0,38
air_quality,2026-06-04T08:13:26+00:00,3128026,Bilbao,ES,2026-05-29T20:00,43.3,-2.8999996,Europe/Madrid,28.1,15.4,143.0,10.7,87.0,37
air_quality,2026-06-04T08:13:26+00:00,3128026,Bilbao,ES,2026-05-29T21:00,43.3,-2.8999996,Europe/Madrid,27.5,15.8,150.0,13.4,79.0,38
air_quality,2026-06-04T08:13:26+00:00,3128026,Bilbao,ES,2026-05-29T22:00,43.3,-2.8999996,Europe/Madrid,30.5,16.8,153.0,19.8,76.0,38
air_quality,2026-06-04T08:13:26+00:00,3128026,Bilbao,ES,2026-05-29T23:00,43.3,-2.8999996,Europe/Madrid,31.1,18.1,161.0,20.8,65.0,39
air_quality,2026-06-04T08:13:26+00:00,3128026,Bilbao,ES,2026-05-30T00:00,43.3,-2.8999996,Europe/Madrid,32.5,17.7,167.0,22.8,58.0,39
air_quality,2026-06-04T08:13:26+00:00,3128026,Bilbao,ES,2026-05-30T01:00,43.3,-2.8999996,Europe/Madrid,33.5,19.0,169.0,24.5,52.0,39
air_quality,2026-06-04T08:13:26+00:00,3128026,Bilbao,ES,2026-05-30T02:00,43.3,-2.8999996,Europe/Madrid,34.3,20.0,171.0,26.7,49.0,39
air_quality,2026-06-04T08:13:26+00:00,3128026,Bilbao,ES,2026-05-30T03:00,43.3,-2.8999996,Europe/Madrid,36.5,20.1,173.0,25.2,49.0,39
air_quality,2026-06-04T08:13:26+00:00,3128026,Bilbao,ES,2026-05-30T04:00,43.3,-2.8999996,Europe/Madrid,35.2,21.5,166.0,22.7,46.0,39
air_quality,2026-06-04T08:13:26+00:00,3128026,Bilbao,ES,2026-05-30T05:00,43.3,-2.8999996,Europe/Madrid,35.7,21.1,166.0,20.7,50.0,39
air_quality,2026-06-04T08:13:26+00:00,3128026,Bilbao,ES,2026-05-30T06:00,43.3,-2.8999996,Europe/Madrid,35.2,21.7,166.0,20.7,47.0,39
air_quality,2026-06-04T08:13:26+00:00,3128026,Bilbao,ES,2026-05-30T07:00,43.3,-2.8999996,Europe/Madrid,35.0,22.6,165.0,17.0,50.0,39
air_quality,2026-06-04T08:13:26+00:00,3128026,Bilbao,ES,2026-05-30T08:00,43.3,-2.8999996,Europe/Madrid,34.3,23.2,160.0,16.4,49.0,39
air_quality,2026-06-04T08:13:26+00:00,3128026,Bilbao,ES,2026-05-30T09:00,43.3,-2.8999996,Europe/Madrid,28.6,20.3,162.0,14.8,52.0,38
air_quality,2026-06-04T08:13:26+00:00,3128026,Bilbao,ES,2026-05-30T10:00,43.3,-2.8999996,Europe/Madrid,27.3,19.1,158.0,12.6,59.0,38
air_quality,2026-06-04T08:13:26+00:00,3128026,Bilbao,ES,2026-05-30T11:00,43.3,-2.8999996,Europe/Madrid,27.7,18.1,151.0,11.5,65.0,38
air_quality,2026-06-04T08:13:26+00:00,3128026,Bilbao,ES,2026-05-30T12:00,43.3,-2.8999996,Europe/Madrid,26.3,16.6,145.0,9.3,77.0,37
air_quality,2026-06-04T08:13:26+00:00,3128026,Bilbao,ES,2026-05-30T13:00,43.3,-2.8999996,Europe/Madrid,21.3,14.8,138.0,5.8,81.0,37
air_quality,2026-06-04T08:13:26+00:00,3128026,Bilbao,ES,2026-05-30T14:00,43.3,-2.8999996,Europe/Madrid,20.7,12.3,129.0,4.8,84.0,37
air_quality,2026-06-04T08:13:26+00:00,3128026,Bilbao,ES,2026-05-30T15:00,43.3,-2.8999996,Europe/Madrid,19.9,11.9,123.0,3.7,85.0,37
air_quality,2026-06-04T08:13:26+00:00,3128026,Bilbao,ES,2026-05-30T16:00,43.3,-2.8999996,Europe/Madrid,20.7,11.2,121.0,2.8,86.0,36
air_quality,2026-06-04T08:13:26+00:00,3128026,Bilbao,ES,2026-05-30T17:00,43.3,-2.8999996,Europe/Madrid,23.6,10.9,121.0,2.8,87.0,35
air_quality,2026-06-04T08:13:26+00:00,3128026,Bilbao,ES,2026-05-30T18:00,43.3,-2.8999996,Europe/Madrid,23.7,10.9,121.0,3.0,86.0,35
air_quality,2026-06-04T08:13:26+00:00,3128026,Bilbao,ES,2026-05-30T19:00,43.3,-2.8999996,Europe/Madrid,19.9,10.4,120.0,4.4,80.0,35
air_quality,2026-06-04T08:13:26+00:00,3128026,Bilbao,ES,2026-05-30T20:00,43.3,-2.8999996,Europe/Madrid,20.0,9.9,118.0,6.1,77.0,34
air_quality,2026-06-04T08:13:26+00:00,3128026,Bilbao,ES,2026-05-30T21:00,43.3,-2.8999996,Europe/Madrid,21.0,9.6,119.0,7.4,78.0,34
air_quality,2026-06-04T08:13:26+00:00,3128026,Bilbao,ES,2026-05-30T22:00,43.3,-2.8999996,Europe/Madrid,19.7,10.5,121.0,8.8,78.0,33
air_quality,2026-06-04T08:13:26+00:00,3128026,Bilbao,ES,2026-05-30T23:00,43.3,-2.8999996,Europe/Madrid,19.7,10.2,122.0,10.3,74.0,33
air_quality,2026-06-04T08:13:26+00:00,3128026,Bilbao,ES,2026-05-31T00:00,43.3,-2.8999996,Europe/Madrid,19.0,10.4,122.0,10.8,73.0,32
air_quality,2026-06-04T08:13:26+00:00,3128026,Bilbao,ES,2026-05-31T01:00,43.3,-2.8999996,Europe/Madrid,18.5,10.5,121.0,10.6,70.0,31
air_quality,2026-06-04T08:13:26+00:00,3128026,Bilbao,ES,2026-05-31T02:00,43.3,-2.8999996,Europe/Madrid,19.4,9.9,121.0,11.0,67.0,31
air_quality,2026-06-04T08:13:26+00:00,3128026,Bilbao,ES,2026-05-31T03:00,43.3,-2.8999996,Europe/Madrid,18.0,9.8,121.0,10.6,61.0,30
air_quality,2026-06-04T08:13:26+00:00,3128026,Bilbao,ES,2026-05-31T04:00,43.3,-2.8999996,Europe/Madrid,18.8,10.0,126.0,11.5,60.0,29
air_quality,2026-06-04T08:13:26+00:00,3128026,Bilbao,ES,2026-05-31T05:00,43.3,-2.8999996,Europe/Madrid,18.9,10.7,129.0,12.4,55.0,28
air_quality,2026-06-04T08:13:26+00:00,3128026,Bilbao,ES,2026-05-31T06:00,43.3,-2.8999996,Europe/Madrid,18.1,11.9,128.0,13.7,51.0,27
air_quality,2026-06-04T08:13:26+00:00,3128026,Bilbao,ES,2026-05-31T07:00,43.3,-2.8999996,Europe/Madrid,20.6,12.6,133.0,14.7,50.0,26
air_quality,2026-06-04T08:13:26+00:00,3128026,Bilbao,ES,2026-05-31T08:00,43.3,-2.8999996,Europe/Madrid,23.4,13.7,141.0,15.2,49.0,25
air_quality,2026-06-04T08:13:26+00:00,3128026,Bilbao,ES,2026-05-31T09:00,43.3,-2.8999996,Europe/Madrid,24.8,13.6,140.0,10.4,55.0,25
air_quality,2026-06-04T08:13:26+00:00,3128026,Bilbao,ES,2026-05-31T10:00,43.3,-2.8999996,Europe/Madrid,20.5,9.4,134.0,7.4,66.0,26
air_quality,2026-06-04T08:13:26+00:00,3128026,Bilbao,ES,2026-05-31T11:00,43.3,-2.8999996,Europe/Madrid,16.7,7.2,125.0,5.8,75.0,30
air_quality,2026-06-04T08:13:26+00:00,3128026,Bilbao,ES,2026-05-31T12:00,43.3,-2.8999996,Europe/Madrid,13.9,6.9,124.0,5.6,75.0,30
air_quality,2026-06-04T08:13:26+00:00,3128026,Bilbao,ES,2026-05-31T13:00,43.3,-2.8999996,Europe/Madrid,11.1,6.6,121.0,3.9,81.0,32
air_quality,2026-06-04T08:13:26+00:00,3128026,Bilbao,ES,2026-05-31T14:00,43.3,-2.8999996,Europe/Madrid,8.7,5.7,118.0,3.4,85.0,34
air_quality,2026-06-04T08:13:26+00:00,3128026,Bilbao,ES,2026-05-31T15:00,43.3,-2.8999996,Europe/Madrid,7.7,4.7,117.0,2.9,86.0,34
air_quality,2026-06-04T08:13:26+00:00,3128026,Bilbao,ES,2026-05-31T16:00,43.3,-2.8999996,Europe/Madrid,7.1,4.3,114.0,2.2,86.0,34
air_quality,2026-06-04T08:13:26+00:00,3128026,Bilbao,ES,2026-05-31T17:00,43.3,-2.8999996,Europe/Madrid,7.0,4.1,110.0,2.0,84.0,34
air_quality,2026-06-04T08:13:26+00:00,3128026,Bilbao,ES,2026-05-31T18:00,43.3,-2.8999996,Europe/Madrid,7.2,4.1,111.0,2.7,81.0,32
air_quality,2026-06-04T08:13:26+00:00,3128026,Bilbao,ES,2026-05-31T19:00,43.3,-2.8999996,Europe/Madrid,6.9,4.1,112.0,3.9,78.0,31
air_quality,2026-06-04T08:13:26+00:00,3128026,Bilbao,ES,2026-05-31T20:00,43.3,-2.8999996,Europe/Madrid,7.0,4.3,116.0,5.3,72.0,29
air_quality,2026-06-04T08:13:26+00:00,3128026,Bilbao,ES,2026-05-31T21:00,43.3,-2.8999996,Europe/Madrid,7.8,5.0,118.0,7.2,68.0,27
air_quality,2026-06-04T08:13:26+00:00,3128026,Bilbao,ES,2026-05-31T22:00,43.3,-2.8999996,Europe/Madrid,9.6,5.3,124.0,11.7,66.0,26
air_quality,2026-06-04T08:13:26+00:00,3128026,Bilbao,ES,2026-05-31T23:00,43.3,-2.8999996,Europe/Madrid,10.2,6.4,136.0,14.2,53.0,21
air_quality,2026-06-04T08:13:26+00:00,3128026,Bilbao,ES,2026-06-01T00:00,43.3,-2.8999996,Europe/Madrid,10.8,7.4,142.0,16.3,49.0,20
air_quality,2026-06-04T08:13:26+00:00,3128026,Bilbao,ES,2026-06-01T01:00,43.3,-2.8999996,Europe/Madrid,11.8,8.2,142.0,19.4,44.0,18
air_quality,2026-06-04T08:13:26+00:00,3128026,Bilbao,ES,2026-06-01T02:00,43.3,-2.8999996,Europe/Madrid,12.8,9.0,142.0,17.6,40.0,16
air_quality,2026-06-04T08:13:26+00:00,3128026,Bilbao,ES,2026-06-01T03:00,43.3,-2.8999996,Europe/Madrid,12.2,9.9,141.0,17.9,40.0,16
air_quality,2026-06-04T08:13:26+00:00,3128026,Bilbao,ES,2026-06-01T04:00,43.3,-2.8999996,Europe/Madrid,12.4,8.0,138.0,18.3,37.0,15
air_quality,2026-06-04T08:13:26+00:00,3128026,Bilbao,ES,2026-06-01T05:00,43.3,-2.8999996,Europe/Madrid,12.8,6.7,137.0,19.7,36.0,15
air_quality,2026-06-04T08:13:26+00:00,3128026,Bilbao,ES,2026-06-01T06:00,43.3,-2.8999996,Europe/Madrid,12.6,6.7,135.0,21.9,31.0,15
air_quality,2026-06-04T08:13:26+00:00,3128026,Bilbao,ES,2026-06-01T07:00,43.3,-2.8999996,Europe/Madrid,12.3,7.7,142.0,24.5,22.0,14
air_quality,2026-06-04T08:13:26+00:00,3128026,Bilbao,ES,2026-06-01T08:00,43.3,-2.8999996,Europe/Madrid,14.0,9.3,158.0,28.7,20.0,14
air_quality,2026-06-04T08:13:26+00:00,3128026,Bilbao,ES,2026-06-01T09:00,43.3,-2.8999996,Europe/Madrid,14.2,7.9,161.0,25.0,32.0,14
air_quality,2026-06-04T08:13:26+00:00,3128026,Bilbao,ES,2026-06-01T10:00,43.3,-2.8999996,Europe/Madrid,11.8,6.0,154.0,17.6,55.0,22
air_quality,2026-06-04T08:13:26+00:00,3128026,Bilbao,ES,2026-06-01T11:00,43.3,-2.8999996,Europe/Madrid,8.9,5.5,130.0,8.3,64.0,26
air_quality,2026-06-04T08:13:26+00:00,3128026,Bilbao,ES,2026-06-01T12:00,43.3,-2.8999996,Europe/Madrid,8.8,4.6,123.0,5.7,74.0,30
air_quality,2026-06-04T08:13:26+00:00,3128026,Bilbao,ES,2026-06-01T13:00,43.3,-2.8999996,Europe/Madrid,8.4,4.9,116.0,3.7,78.0,31
air_quality,2026-06-04T08:13:26+00:00,3128026,Bilbao,ES,2026-06-01T14:00,43.3,-2.8999996,Europe/Madrid,8.3,4.7,114.0,3.4,83.0,33
air_quality,2026-06-04T08:13:26+00:00,3128026,Bilbao,ES,2026-06-01T15:00,43.3,-2.8999996,Europe/Madrid,7.3,4.2,112.0,3.3,79.0,32
air_quality,2026-06-04T08:13:26+00:00,3128026,Bilbao,ES,2026-06-01T16:00,43.3,-2.8999996,Europe/Madrid,6.7,4.2,111.0,3.3,77.0,31
air_quality,2026-06-04T08:13:26+00:00,3128026,Bilbao,ES,2026-06-01T17:00,43.3,-2.8999996,Europe/Madrid,6.2,3.7,111.0,3.5,75.0,30
air_quality,2026-06-04T08:13:26+00:00,3128026,Bilbao,ES,2026-06-01T18:00,43.3,-2.8999996,Europe/Madrid,6.3,3.7,110.0,3.5,72.0,29
air_quality,2026-06-04T08:13:26+00:00,3128026,Bilbao,ES,2026-06-01T19:00,43.3,-2.8999996,Europe/Madrid,6.3,3.8,113.0,4.8,69.0,28
air_quality,2026-06-04T08:13:26+00:00,3128026,Bilbao,ES,2026-06-01T20:00,43.3,-2.8999996,Europe/Madrid,6.4,3.7,116.0,7.1,64.0,26
air_quality,2026-06-04T08:13:26+00:00,3128026,Bilbao,ES,2026-06-01T21:00,43.3,-2.8999996,Europe/Madrid,6.9,4.7,121.0,9.9,61.0,24
air_quality,2026-06-04T08:13:26+00:00,3128026,Bilbao,ES,2026-06-01T22:00,43.3,-2.8999996,Europe/Madrid,8.3,5.0,131.0,16.8,50.0,20
air_quality,2026-06-04T08:13:26+00:00,3128026,Bilbao,ES,2026-06-01T23:00,43.3,-2.8999996,Europe/Madrid,9.3,6.9,140.0,22.6,42.0,17
air_quality,2026-06-04T08:13:26+00:00,3128026,Bilbao,ES,2026-06-02T00:00,43.3,-2.8999996,Europe/Madrid,10.2,7.3,137.0,25.9,38.0,15
air_quality,2026-06-04T08:13:26+00:00,3128026,Bilbao,ES,2026-06-02T01:00,43.3,-2.8999996,Europe/Madrid,11.1,7.6,142.0,27.8,34.0,14
air_quality,2026-06-04T08:13:26+00:00,3128026,Bilbao,ES,2026-06-02T02:00,43.3,-2.8999996,Europe/Madrid,12.5,9.2,141.0,26.0,32.0,13
air_quality,2026-06-04T08:13:26+00:00,3128026,Bilbao,ES,2026-06-02T03:00,43.3,-2.8999996,Europe/Madrid,12.6,10.3,136.0,26.0,33.0,13
air_quality,2026-06-04T08:13:26+00:00,3128026,Bilbao,ES,2026-06-02T04:00,43.3,-2.8999996,Europe/Madrid,12.6,9.5,130.0,21.1,33.0,13
air_quality,2026-06-04T08:13:26+00:00,3128026,Bilbao,ES,2026-06-02T05:00,43.3,-2.8999996,Europe/Madrid,12.0,9.2,130.0,18.7,35.0,14
air_quality,2026-06-04T08:13:26+00:00,3128026,Bilbao,ES,2026-06-02T06:00,43.3,-2.8999996,Europe/Madrid,12.4,7.9,133.0,21.1,29.0,13
air_quality,2026-06-04T08:13:26+00:00,3128026,Bilbao,ES,2026-06-02T07:00,43.3,-2.8999996,Europe/Madrid,12.0,8.6,139.0,21.5,35.0,14
air_quality,2026-06-04T08:13:26+00:00,3128026,Bilbao,ES,2026-06-02T08:00,43.3,-2.8999996,Europe/Madrid,13.1,8.1,151.0,29.3,25.0,15
air_quality,2026-06-04T08:13:26+00:00,3128026,Bilbao,ES,2026-06-02T09:00,43.3,-2.8999996,Europe/Madrid,10.0,7.3,144.0,21.9,34.0,14
air_quality,2026-06-04T08:13:26+00:00,3128026,Bilbao,ES,2026-06-02T10:00,43.3,-2.8999996,Europe/Madrid,7.8,5.1,135.0,13.8,40.0,16
air_quality,2026-06-04T08:13:26+00:00,3128026,Bilbao,ES,2026-06-02T11:00,43.3,-2.8999996,Europe/Madrid,6.8,3.7,114.0,6.1,42.0,17
air_quality,2026-06-04T08:13:26+00:00,3128026,Bilbao,ES,2026-06-02T12:00,43.3,-2.8999996,Europe/Madrid,9.3,4.1,111.0,4.1,51.0,20
air_quality,2026-06-04T08:13:26+00:00,3128026,Bilbao,ES,2026-06-02T13:00,43.3,-2.8999996,Europe/Madrid,10.5,4.2,113.0,2.9,60.0,24
air_quality,2026-06-04T08:13:26+00:00,3128026,Bilbao,ES,2026-06-02T14:00,43.3,-2.8999996,Europe/Madrid,10.9,4.7,115.0,2.8,67.0,27
air_quality,2026-06-04T08:13:26+00:00,3128026,Bilbao,ES,2026-06-02T15:00,43.3,-2.8999996,Europe/Madrid,11.9,4.9,118.0,2.8,68.0,27
air_quality,2026-06-04T08:13:26+00:00,3128026,Bilbao,ES,2026-06-02T16:00,43.3,-2.8999996,Europe/Madrid,12.1,5.0,118.0,2.8,71.0,28
air_quality,2026-06-04T08:13:26+00:00,3128026,Bilbao,ES,2026-06-02T17:00,43.3,-2.8999996,Europe/Madrid,11.7,5.0,118.0,3.2,73.0,29
air_quality,2026-06-04T08:13:26+00:00,3128026,Bilbao,ES,2026-06-02T18:00,43.3,-2.8999996,Europe/Madrid,12.0,5.3,118.0,4.2,72.0,29
air_quality,2026-06-04T08:13:26+00:00,3128026,Bilbao,ES,2026-06-02T19:00,43.3,-2.8999996,Europe/Madrid,12.2,5.5,119.0,4.6,71.0,28
air_quality,2026-06-04T08:13:26+00:00,3128026,Bilbao,ES,2026-06-02T20:00,43.3,-2.8999996,Europe/Madrid,12.2,5.1,120.0,5.7,70.0,28
air_quality,2026-06-04T08:13:26+00:00,3128026,Bilbao,ES,2026-06-02T21:00,43.3,-2.8999996,Europe/Madrid,12.1,5.0,124.0,7.6,64.0,26
air_quality,2026-06-04T08:13:26+00:00,3128026,Bilbao,ES,2026-06-02T22:00,43.3,-2.8999996,Europe/Madrid,12.3,5.2,125.0,8.4,65.0,26
air_quality,2026-06-04T08:13:26+00:00,3128026,Bilbao,ES,2026-06-02T23:00,43.3,-2.8999996,Europe/Madrid,12.6,5.6,125.0,7.4,65.0,26
air_quality,2026-06-04T08:13:26+00:00,3128026,Bilbao,ES,2026-06-03T00:00,43.3,-2.8999996,Europe/Madrid,12.9,5.6,123.0,7.1,63.0,25
air_quality,2026-06-04T08:13:26+00:00,3128026,Bilbao,ES,2026-06-03T01:00,43.3,-2.8999996,Europe/Madrid,13.9,5.6,122.0,8.1,62.0,25
air_quality,2026-06-04T08:13:26+00:00,3128026,Bilbao,ES,2026-06-03T02:00,43.3,-2.8999996,Europe/Madrid,12.7,5.7,121.0,8.9,60.0,24
air_quality,2026-06-04T08:13:26+00:00,3128026,Bilbao,ES,2026-06-03T03:00,43.3,-2.8999996,Europe/Madrid,13.7,5.9,122.0,8.7,56.0,22
air_quality,2026-06-04T08:13:26+00:00,3128026,Bilbao,ES,2026-06-03T04:00,43.3,-2.8999996,Europe/Madrid,14.1,6.0,123.0,9.6,53.0,21
air_quality,2026-06-04T08:13:26+00:00,3128026,Bilbao,ES,2026-06-03T05:00,43.3,-2.8999996,Europe/Madrid,13.9,6.3,123.0,10.6,50.0,20
air_quality,2026-06-04T08:13:26+00:00,3128026,Bilbao,ES,2026-06-03T06:00,43.3,-2.8999996,Europe/Madrid,13.6,6.8,128.0,12.8,48.0,19
air_quality,2026-06-04T08:13:26+00:00,3128026,Bilbao,ES,2026-06-03T07:00,43.3,-2.8999996,Europe/Madrid,13.6,7.2,135.0,16.9,43.0,17
air_quality,2026-06-04T08:13:26+00:00,3128026,Bilbao,ES,2026-06-03T08:00,43.3,-2.8999996,Europe/Madrid,14.6,8.3,143.0,27.3,34.0,14
air_quality,2026-06-04T08:13:26+00:00,3128026,Bilbao,ES,2026-06-03T09:00,43.3,-2.8999996,Europe/Madrid,13.7,6.6,135.0,16.6,45.0,18
air_quality,2026-06-04T08:13:26+00:00,3128026,Bilbao,ES,2026-06-03T10:00,43.3,-2.8999996,Europe/Madrid,11.4,5.5,126.0,10.4,55.0,22
air_quality,2026-06-04T08:13:26+00:00,3128026,Bilbao,ES,2026-06-03T11:00,43.3,-2.8999996,Europe/Madrid,10.1,4.9,122.0,5.7,63.0,25
air_quality,2026-06-04T08:13:26+00:00,3128026,Bilbao,ES,2026-06-03T12:00,43.3,-2.8999996,Europe/Madrid,9.6,4.9,121.0,4.8,67.0,27
air_quality,2026-06-04T08:13:26+00:00,3128026,Bilbao,ES,2026-06-03T13:00,43.3,-2.8999996,Europe/Madrid,10.3,4.8,122.0,4.4,75.0,30
air_quality,2026-06-04T08:13:26+00:00,3128026,Bilbao,ES,2026-06-03T14:00,43.3,-2.8999996,Europe/Madrid,10.8,5.8,124.0,3.9,82.0,33
air_quality,2026-06-04T08:13:26+00:00,3128026,Bilbao,ES,2026-06-03T15:00,43.3,-2.8999996,Europe/Madrid,11.6,5.9,126.0,3.4,91.0,36
air_quality,2026-06-04T08:13:26+00:00,3128026,Bilbao,ES,2026-06-03T16:00,43.3,-2.8999996,Europe/Madrid,11.5,6.0,130.0,3.7,93.0,37
air_quality,2026-06-04T08:13:26+00:00,3128026,Bilbao,ES,2026-06-03T17:00,43.3,-2.8999996,Europe/Madrid,10.9,6.2,126.0,3.3,90.0,36
air_quality,2026-06-04T08:13:26+00:00,3128026,Bilbao,ES,2026-06-03T18:00,43.3,-2.8999996,Europe/Madrid,10.3,5.6,126.0,3.9,84.0,34
air_quality,2026-06-04T08:13:26+00:00,3128026,Bilbao,ES,2026-06-03T19:00,43.3,-2.8999996,Europe/Madrid,11.7,5.9,124.0,5.2,79.0,32
air_quality,2026-06-04T08:13:26+00:00,3128026,Bilbao,ES,2026-06-03T20:00,43.3,-2.8999996,Europe/Madrid,13.4,5.8,125.0,6.6,72.0,29
air_quality,2026-06-04T08:13:26+00:00,3128026,Bilbao,ES,2026-06-03T21:00,43.3,-2.8999996,Europe/Madrid,18.7,6.0,132.0,11.1,67.0,27
air_quality,2026-06-04T08:13:26+00:00,3128026,Bilbao,ES,2026-06-03T22:00,43.3,-2.8999996,Europe/Madrid,21.0,7.8,131.0,14.4,62.0,25
air_quality,2026-06-04T08:13:26+00:00,3128026,Bilbao,ES,2026-06-03T23:00,43.3,-2.8999996,Europe/Madrid,22.7,9.4,145.0,18.2,50.0,20
air_quality,2026-06-04T08:13:26+00:00,3128026,Bilbao,ES,2026-06-04T00:00,43.3,-2.8999996,Europe/Madrid,22.6,10.3,149.0,23.0,44.0,18
air_quality,2026-06-04T08:13:26+00:00,3128026,Bilbao,ES,2026-06-04T01:00,43.3,-2.8999996,Europe/Madrid,22.2,11.0,143.0,17.4,42.0,17
air_quality,2026-06-04T08:13:26+00:00,3128026,Bilbao,ES,2026-06-04T02:00,43.3,-2.8999996,Europe/Madrid,21.5,11.5,142.0,16.2,38.0,15
air_quality,2026-06-04T08:13:26+00:00,3128026,Bilbao,ES,2026-06-04T03:00,43.3,-2.8999996,Europe/Madrid,22.0,10.6,138.0,15.8,40.0,16
air_quality,2026-06-04T08:13:26+00:00,3128026,Bilbao,ES,2026-06-04T04:00,43.3,-2.8999996,Europe/Madrid,22.1,11.9,132.0,15.5,37.0,15
air_quality,2026-06-04T08:13:26+00:00,3128026,Bilbao,ES,2026-06-04T05:00,43.3,-2.8999996,Europe/Madrid,18.9,9.2,130.0,15.6,38.0,15
air_quality,2026-06-04T08:13:26+00:00,3128026,Bilbao,ES,2026-06-04T06:00,43.3,-2.8999996,Europe/Madrid,17.0,7.9,132.0,16.4,42.0,17
air_quality,2026-06-04T08:13:26+00:00,3128026,Bilbao,ES,2026-06-04T07:00,43.3,-2.8999996,Europe/Madrid,12.7,7.9,134.0,17.1,35.0,16
air_quality,2026-06-04T08:13:26+00:00,3128026,Bilbao,ES,2026-06-04T08:00,43.3,-2.8999996,Europe/Madrid,12.9,7.2,136.0,24.1,39.0,16
air_quality,2026-06-04T08:13:26+00:00,3128026,Bilbao,ES,2026-06-04T09:00,43.3,-2.8999996,Europe/Madrid,12.0,6.3,128.0,21.7,48.0,19
air_quality,2026-06-04T08:13:26+00:00,3128026,Bilbao,ES,2026-06-04T10:00,43.3,-2.8999996,Europe/Madrid,12.6,6.1,126.0,16.3,55.0,22
air_quality,2026-06-04T08:13:26+00:00,3128026,Bilbao,ES,2026-06-04T11:00,43.3,-2.8999996,Europe/Madrid,13.4,5.8,121.0,14.3,56.0,22
air_quality,2026-06-04T08:13:26+00:00,3128026,Bilbao,ES,2026-06-04T12:00,43.3,-2.8999996,Europe/Madrid,13.1,5.9,118.0,10.7,57.0,23
air_quality,2026-06-04T08:13:26+00:00,3128026,Bilbao,ES,2026-06-04T13:00,43.3,-2.8999996,Europe/Madrid,13.9,6.2,117.0,9.9,62.0,25
air_quality,2026-06-04T08:13:26+00:00,3128026,Bilbao,ES,2026-06-04T14:00,43.3,-2.8999996,Europe/Madrid,14.6,6.2,117.0,9.3,67.0,27
air_quality,2026-06-04T08:13:26+00:00,3128026,Bilbao,ES,2026-06-04T15:00,43.3,-2.8999996,Europe/Madrid,14.7,6.3,117.0,8.0,64.0,26
air_quality,2026-06-04T08:13:26+00:00,3128026,Bilbao,ES,2026-06-04T16:00,43.3,-2.8999996,Europe/Madrid,13.7,6.0,119.0,8.2,64.0,26
air_quality,2026-06-04T08:13:26+00:00,3128026,Bilbao,ES,2026-06-04T17:00,43.3,-2.8999996,Europe/Madrid,13.9,5.2,120.0,7.1,65.0,26
air_quality,2026-06-04T08:13:26+00:00,3128026,Bilbao,ES,2026-06-04T18:00,43.3,-2.8999996,Europe/Madrid,13.0,5.5,121.0,5.7,68.0,27
air_quality,2026-06-04T08:13:26+00:00,3128026,Bilbao,ES,2026-06-04T19:00,43.3,-2.8999996,Europe/Madrid,13.1,5.0,124.0,6.2,68.0,27
air_quality,2026-06-04T08:13:26+00:00,3128026,Bilbao,ES,2026-06-04T20:00,43.3,-2.8999996,Europe/Madrid,12.4,4.7,123.0,8.6,68.0,27
air_quality,2026-06-04T08:13:26+00:00,3128026,Bilbao,ES,2026-06-04T21:00,43.3,-2.8999996,Europe/Madrid,12.2,4.7,125.0,11.6,66.0,26
air_quality,2026-06-04T08:13:26+00:00,3128026,Bilbao,ES,2026-06-04T22:00,43.3,-2.8999996,Europe/Madrid,12.6,5.2,125.0,11.1,66.0,26
air_quality,2026-06-04T08:13:26+00:00,3128026,Bilbao,ES,2026-06-04T23:00,43.3,-2.8999996,Europe/Madrid,13.6,5.2,122.0,10.1,66.0,26
